{"type":"FeatureCollection","features":[{"type":"Feature","properties":{"lower":601.5625,"upper":687.5,"color":"#1e0c45"},"geometry":{"type":"Polygon","coordinates":[[[46.026863467,15.586916041],[46.02688566,15.586916041],[46.026892371,15.586916041],[46.02688566,15.586914785],[46.026863467,15.586916041]]]}},{"type":"Feature","properties":{"lower":601.5625,"upper":687.5,"color":"#1e0c45"},"geometry":{"type":"Polygon","coordinates":[[[46.031291557,15.585851929],[46.03130461,15.585851929],[46.031311336,15.58584545],[46.03130461,15.585847445],[46.031291557,15.585851929]]]}},{"type":"Feature","properties":{"lower":601.5625,"upper":687.5,"color":"#1e0c45"},"geometry":{"type":"Polygon","coordinates":[[[46.034613651,15.58531489],[46.034618822,15.585319871],[46.03517119,15.585319871],[46.035174591,15.585319871],[46.03517119,15.585317787],[46.034618822,15.585314521],[46.034613651,15.58531489]]]}},{"type":"Feature","properties":{"lower":601.5625,"upper":687.5,"color":"#1e0c45"},"geometry":{"type":"Polygon","coordinates":[[[46.02730519,15.58425575],[46.027438029,15.584365835],[46.027563585,15.58425575],[46.027563585,15.583844628],[46.027438029,15.583723688],[46.02730519,15.583851643],[46.02730519,15.58425575]]]}},{"type":"Feature","properties":{"lower":601.5625,"upper":687.5,"color":"#1e0c45"},"geometry":{"type":"Polygon","coordinates":[[[46.032218638,15.583191624],[46.032409347,15.583219696],[46.032465462,15.583191624],[46.032465462,15.582713612],[46.032409347,15.582659559],[46.032218638,15.582843258],[46.032218638,15.583191624]]]}},{"type":"Feature","properties":{"lower":687.5,"upper":773.4375,"color":"#240c4f"},"geometry":{"type":"Polygon","coordinates":[[[46.026333292,15.586916041],[46.026863467,15.586916041],[46.02688566,15.586914785],[46.026892371,15.586916041],[46.027071525,15.586916041],[46.02688566,15.586881248],[46.026337181,15.586383986],[46.026333292,15.586360744],[46.026333292,15.586383986],[46.026333292,15.586916041]]]}},{"type":"Feature","properties":{"lower":687.5,"upper":773.4375,"color":"#240c4f"},"geometry":{"type":"Polygon","coordinates":[[[46.036275928,15.586355172],[46.036275928,15.586383986],[46.036287499,15.58637284],[46.036275928,15.586355172]]]}},{"type":"Feature","properties":{"lower":687.5,"upper":773.4375,"color":"#240c4f"},"geometry":{"type":"Polygon","coordinates":[[[46.031159643,15.585851929],[46.031291557,15.585851929],[46.03130461,15.585847445],[46.031311336,15.58584545],[46.03137932,15.585779966],[46.03130461,15.58580212],[46.031159643,15.585851929]]]}},{"type":"Feature","properties":{"lower":687.5,"upper":773.4375,"color":"#240c4f"},"geometry":{"type":"Polygon","coordinates":[[[46.034576088,15.585278709],[46.034613651,15.58531489],[46.034618822,15.585314521],[46.03517119,15.585317787],[46.035174591,15.585319871],[46.035199293,15.585319871],[46.03517119,15.585302645],[46.034618822,15.585275659],[46.034576088,15.585278709]]]}},{"type":"Feature","properties":{"lower":687.5,"upper":773.4375,"color":"#240c4f"},"geometry":{"type":"Polygon","coordinates":[[[46.037921732,15.584787811],[46.037933034,15.584882961],[46.038002001,15.584787811],[46.038002001,15.58472138],[46.037933034,15.584787811],[46.037807756,15.584667139],[46.037921732,15.584787811]]]}},{"type":"Feature","properties":{"lower":687.5,"upper":773.4375,"color":"#240c4f"},"geometry":{"type":"Polygon","coordinates":[[[46.027001385,15.58425575],[46.027438029,15.584617603],[46.027850734,15.58425575],[46.027850734,15.584121221],[46.027563585,15.583844628],[46.027563585,15.58425575],[46.027438029,15.584365835],[46.02730519,15.58425575],[46.02730519,15.583851643],[46.027001385,15.58414428],[46.027001385,15.58425575]]]}},{"type":"Feature","properties":{"lower":687.5,"upper":773.4375,"color":"#240c4f"},"geometry":{"type":"Polygon","coordinates":[[[46.035717845,15.583723688],[46.035723559,15.583725632],[46.035732028,15.583731846],[46.035723559,15.583723688],[46.035717845,15.583723688]]]}},{"type":"Feature","properties":{"lower":687.5,"upper":773.4375,"color":"#240c4f"},"geometry":{"type":"Polygon","coordinates":[[[46.03130461,15.583191624],[46.031285029,15.583210485],[46.03130461,15.583248658],[46.031856978,15.583204598],[46.032409347,15.583278765],[46.032583543,15.583191624],[46.032583543,15.582827352],[46.032465462,15.582713612],[46.032465462,15.583191624],[46.032409347,15.583219696],[46.032218638,15.583191624],[46.032218638,15.582843258],[46.031856978,15.583191624],[46.03130461,15.583191624]]]}},{"type":"Feature","properties":{"lower":687.5,"upper":773.4375,"color":"#240c4f"},"geometry":{"type":"Polygon","coordinates":[[[46.027438029,15.581063356],[46.027438029,15.581168468],[46.027990398,15.5810747],[46.02801269,15.581063356],[46.027990398,15.581037145],[46.02746524,15.581037145],[46.027438029,15.581063356]]]}},{"type":"Feature","properties":{"lower":773.4375,"upper":859.375,"color":"#2b0b57"},"geometry":{"type":"Polygon","coordinates":[[[46.026337181,15.586383986],[46.02688566,15.586881248],[46.027071525,15.586916041],[46.027250679,15.586916041],[46.02688566,15.586847711],[46.026374172,15.586383986],[46.026333292,15.586139672],[46.026333292,15.586360744],[46.026337181,15.586383986]]]}},{"type":"Feature","properties":{"lower":773.4375,"upper":859.375,"color":"#2b0b57"},"geometry":{"type":"Polygon","coordinates":[[[46.036275928,15.586281714],[46.036275928,15.586355172],[46.036287499,15.58637284],[46.036316998,15.586344426],[46.036275928,15.586281714]]]}},{"type":"Feature","properties":{"lower":773.4375,"upper":859.375,"color":"#2b0b57"},"geometry":{"type":"Polygon","coordinates":[[[46.031027728,15.585851929],[46.031159643,15.585851929],[46.03130461,15.58580212],[46.03137932,15.585779966],[46.031447303,15.585714482],[46.03130461,15.585756796],[46.031027728,15.585851929]]]}},{"type":"Feature","properties":{"lower":773.4375,"upper":859.375,"color":"#2b0b57"},"geometry":{"type":"Polygon","coordinates":[[[46.037362004,15.585851929],[46.037380665,15.585851929],[46.037750626,15.585495572],[46.037380665,15.585827405],[46.037362004,15.585851929]]]}},{"type":"Feature","properties":{"lower":773.4375,"upper":859.375,"color":"#2b0b57"},"geometry":{"type":"Polygon","coordinates":[[[46.027266263,15.584787811],[46.027438029,15.584809505],[46.027990398,15.584840929],[46.028106382,15.584787811],[46.028039922,15.58425575],[46.028542766,15.583759878],[46.028573772,15.583723688],[46.028592908,15.583675389],[46.028542766,15.583723688],[46.027990398,15.58425575],[46.027850734,15.584121221],[46.027850734,15.58425575],[46.027438029,15.584617603],[46.027001385,15.58425575],[46.027001385,15.58414428],[46.02688566,15.58425575],[46.02688566,15.584502136],[46.027266263,15.584787811]]]}},{"type":"Feature","properties":{"lower":773.4375,"upper":859.375,"color":"#2b0b57"},"geometry":{"type":"Polygon","coordinates":[[[46.034538526,15.585242528],[46.034576088,15.585278709],[46.034618822,15.585275659],[46.03517119,15.585302645],[46.035199293,15.585319871],[46.035223996,15.585319871],[46.03517119,15.585287504],[46.034618822,15.585236797],[46.034538526,15.585242528]]]}},{"type":"Feature","properties":{"lower":773.4375,"upper":859.375,"color":"#2b0b57"},"geometry":{"type":"Polygon","coordinates":[[[46.037881777,15.584787811],[46.037933034,15.585219357],[46.038245828,15.584787811],[46.038245828,15.584486517],[46.038002001,15.58472138],[46.038002001,15.584787811],[46.037933034,15.584882961],[46.037921732,15.584787811],[46.037807756,15.584667139],[46.037380665,15.58425575],[46.037379474,15.584256898],[46.037380665,15.584257262],[46.037881777,15.584787811]]]}},{"type":"Feature","properties":{"lower":773.4375,"upper":859.375,"color":"#2b0b57"},"geometry":{"type":"Polygon","coordinates":[[[46.034002848,15.583723688],[46.034066453,15.583740338],[46.034080097,15.583723688],[46.034066453,15.583723688],[46.034002848,15.583723688]]]}},{"type":"Feature","properties":{"lower":773.4375,"upper":859.375,"color":"#2b0b57"},"geometry":{"type":"Polygon","coordinates":[[[46.035687202,15.583723688],[46.035723559,15.583736055],[46.035777444,15.583775592],[46.035732028,15.583731846],[46.035723559,15.583725632],[46.035717845,15.583723688],[46.035687202,15.583723688]]]}},{"type":"Feature","properties":{"lower":773.4375,"upper":859.375,"color":"#2b0b57"},"geometry":{"type":"Polygon","coordinates":[[[46.031285029,15.583210485],[46.031243765,15.583250233],[46.03130461,15.583368849],[46.031856978,15.583335937],[46.032409347,15.583337834],[46.032701623,15.583191624],[46.032701623,15.582941092],[46.032583543,15.582827352],[46.032583543,15.583191624],[46.032409347,15.583278765],[46.031856978,15.583204598],[46.03130461,15.583248658],[46.031285029,15.583210485]]]}},{"type":"Feature","properties":{"lower":773.4375,"upper":859.375,"color":"#2b0b57"},"geometry":{"type":"Polygon","coordinates":[[[46.027438029,15.581595425],[46.02752311,15.581677379],[46.027467031,15.581595425],[46.027990398,15.581145698],[46.028152211,15.581063356],[46.027990398,15.580873093],[46.02763555,15.580873093],[46.02746524,15.581037145],[46.027990398,15.581037145],[46.02801269,15.581063356],[46.027990398,15.5810747],[46.027438029,15.581168468],[46.027438029,15.581595425]]]}},{"type":"Feature","properties":{"lower":859.375,"upper":945.3125,"color":"#320a5e"},"geometry":{"type":"Polygon","coordinates":[[[46.026374172,15.586383986],[46.02688566,15.586847711],[46.027250679,15.586916041],[46.027429833,15.586916041],[46.02688566,15.586814173],[46.026411164,15.586383986],[46.026333292,15.5859186],[46.026333292,15.586139672],[46.026374172,15.586383986]]]}},{"type":"Feature","properties":{"lower":859.375,"upper":945.3125,"color":"#320a5e"},"geometry":{"type":"Polygon","coordinates":[[[46.027342808,15.585851929],[46.027438029,15.58588533],[46.02745674,15.585851929],[46.027438029,15.585830143],[46.027342808,15.585851929]]]}},{"type":"Feature","properties":{"lower":859.375,"upper":945.3125,"color":"#320a5e"},"geometry":{"type":"Polygon","coordinates":[[[46.030099405,15.586383986],[46.030199872,15.586383986],[46.03033831,15.586250639],[46.030199872,15.586372899],[46.030099405,15.586383986]]]}},{"type":"Feature","properties":{"lower":859.375,"upper":945.3125,"color":"#320a5e"},"geometry":{"type":"Polygon","coordinates":[[[46.036275928,15.586208257],[46.036275928,15.586281714],[46.036316998,15.586344426],[46.036346497,15.586316011],[46.036275928,15.586208257]]]}},{"type":"Feature","properties":{"lower":859.375,"upper":945.3125,"color":"#320a5e"},"geometry":{"type":"Polygon","coordinates":[[[46.030895813,15.585851929],[46.031027728,15.585851929],[46.03130461,15.585756796],[46.031447303,15.585714482],[46.031515287,15.585648999],[46.03130461,15.585711472],[46.030895813,15.585851929]]]}},{"type":"Feature","properties":{"lower":859.375,"upper":945.3125,"color":"#320a5e"},"geometry":{"type":"Polygon","coordinates":[[[46.037331212,15.585851929],[46.037362004,15.585851929],[46.037380665,15.585827405],[46.037750626,15.585495572],[46.037933034,15.585319871],[46.038485402,15.585319871],[46.038485402,15.584787811],[46.038485402,15.58425575],[46.038245828,15.584486517],[46.038245828,15.584787811],[46.037933034,15.585219357],[46.037881777,15.584787811],[46.037380665,15.584257262],[46.037379474,15.584256898],[46.03734613,15.584289016],[46.037380665,15.584299564],[46.037841821,15.584787811],[46.037901397,15.585319871],[46.037380665,15.585786937],[46.037331212,15.585851929]]]}},{"type":"Feature","properties":{"lower":859.375,"upper":945.3125,"color":"#320a5e"},"geometry":{"type":"Polygon","coordinates":[[[46.02688566,15.584787811],[46.02684253,15.584829355],[46.02688566,15.584879401],[46.027438029,15.584876474],[46.027990398,15.584944346],[46.028332199,15.584787811],[46.028136345,15.58425575],[46.028542766,15.583854964],[46.028655235,15.583723688],[46.028724652,15.583548489],[46.028592908,15.583675389],[46.028573772,15.583723688],[46.028542766,15.583759878],[46.028039922,15.58425575],[46.028106382,15.584787811],[46.027990398,15.584840929],[46.027438029,15.584809505],[46.027266263,15.584787811],[46.02688566,15.584502136],[46.02688566,15.584787811]]]}},{"type":"Feature","properties":{"lower":859.375,"upper":945.3125,"color":"#320a5e"},"geometry":{"type":"Polygon","coordinates":[[[46.034500964,15.585206347],[46.034538526,15.585242528],[46.034618822,15.585236797],[46.03517119,15.585287504],[46.035223996,15.585319871],[46.035248699,15.585319871],[46.03517119,15.585272363],[46.034618822,15.585197935],[46.034500964,15.585206347]]]}},{"type":"Feature","properties":{"lower":859.375,"upper":945.3125,"color":"#320a5e"},"geometry":{"type":"Polygon","coordinates":[[[46.033846177,15.583723688],[46.034066453,15.583781349],[46.034113703,15.583723688],[46.034080097,15.583723688],[46.034066453,15.583740338],[46.034002848,15.583723688],[46.033846177,15.583723688]]]}},{"type":"Feature","properties":{"lower":859.375,"upper":945.3125,"color":"#320a5e"},"geometry":{"type":"Polygon","coordinates":[[[46.03565656,15.583723688],[46.035723559,15.583746478],[46.03582286,15.583819339],[46.035777444,15.583775592],[46.035723559,15.583736055],[46.035687202,15.583723688],[46.03565656,15.583723688]]]}},{"type":"Feature","properties":{"lower":859.375,"upper":945.3125,"color":"#320a5e"},"geometry":{"type":"Polygon","coordinates":[[[46.031243765,15.583250233],[46.031202501,15.58328998],[46.03130461,15.58348904],[46.031856978,15.583467276],[46.032409347,15.583396903],[46.032819704,15.583191624],[46.032819704,15.583054833],[46.032701623,15.582941092],[46.032701623,15.583191624],[46.032409347,15.583337834],[46.031856978,15.583335937],[46.03130461,15.583368849],[46.031243765,15.583250233]]]}},{"type":"Feature","properties":{"lower":859.375,"upper":945.3125,"color":"#320a5e"},"geometry":{"type":"Polygon","coordinates":[[[46.027990398,15.582659559],[46.02841128,15.582659559],[46.027990398,15.582410708],[46.027990398,15.582659559]]]}},{"type":"Feature","properties":{"lower":859.375,"upper":945.3125,"color":"#320a5e"},"geometry":{"type":"Polygon","coordinates":[[[46.02752311,15.581677379],[46.027765498,15.58191086],[46.027549654,15.581595425],[46.027990398,15.581216696],[46.028291733,15.581063356],[46.027990398,15.580709042],[46.02780586,15.580709042],[46.02763555,15.580873093],[46.027990398,15.580873093],[46.028152211,15.581063356],[46.027990398,15.581145698],[46.027467031,15.581595425],[46.02752311,15.581677379]]]}},{"type":"Feature","properties":{"lower":945.3125,"upper":1031.25,"color":"#390963"},"geometry":{"type":"Polygon","coordinates":[[[46.026411164,15.586383986],[46.02688566,15.586814173],[46.027429833,15.586916041],[46.027438029,15.586916041],[46.02750378,15.586852708],[46.027438029,15.586794419],[46.02688566,15.586780636],[46.026448156,15.586383986],[46.026698774,15.585851929],[46.026333292,15.585729303],[46.026333292,15.585851929],[46.026333292,15.5859186],[46.026411164,15.586383986]]]}},{"type":"Feature","properties":{"lower":945.3125,"upper":1031.25,"color":"#390963"},"geometry":{"type":"Polygon","coordinates":[[[46.02700596,15.585851929],[46.027438029,15.586003487],[46.027522932,15.585851929],[46.027438029,15.585753075],[46.02700596,15.585851929]],[[46.027438029,15.58588533],[46.027342808,15.585851929],[46.027438029,15.585830143],[46.02745674,15.585851929],[46.027438029,15.58588533]]]}},{"type":"Feature","properties":{"lower":945.3125,"upper":1031.25,"color":"#390963"},"geometry":{"type":"Polygon","coordinates":[[[46.029823395,15.586383986],[46.030099405,15.586383986],[46.030199872,15.586372899],[46.03033831,15.586250639],[46.030718631,15.585884303],[46.030199872,15.586342439],[46.029823395,15.586383986]]]}},{"type":"Feature","properties":{"lower":945.3125,"upper":1031.25,"color":"#390963"},"geometry":{"type":"Polygon","coordinates":[[[46.036275928,15.586134799],[46.036275928,15.586208257],[46.036346497,15.586316011],[46.036375997,15.586287597],[46.036275928,15.586134799]]]}},{"type":"Feature","properties":{"lower":945.3125,"upper":1031.25,"color":"#390963"},"geometry":{"type":"Polygon","coordinates":[[[46.030763899,15.585851929],[46.030895813,15.585851929],[46.03130461,15.585711472],[46.031515287,15.585648999],[46.03158327,15.585583515],[46.03130461,15.585666148],[46.030763899,15.585851929]]]}},{"type":"Feature","properties":{"lower":945.3125,"upper":1031.25,"color":"#390963"},"geometry":{"type":"Polygon","coordinates":[[[46.03730042,15.585851929],[46.037331212,15.585851929],[46.037380665,15.585786937],[46.037901397,15.585319871],[46.037841821,15.584787811],[46.037380665,15.584299564],[46.03734613,15.584289016],[46.037312786,15.584321134],[46.037380665,15.584341867],[46.037801866,15.584787811],[46.03785628,15.585319871],[46.037380665,15.58574647],[46.03730042,15.585851929]]]}},{"type":"Feature","properties":{"lower":945.3125,"upper":1031.25,"color":"#390963"},"geometry":{"type":"Polygon","coordinates":[[[46.02684253,15.584829355],[46.026689694,15.584976573],[46.02688566,15.58520396],[46.027438029,15.584943442],[46.027990398,15.585047763],[46.028542766,15.584792285],[46.028545199,15.584787811],[46.028542766,15.584776865],[46.028232768,15.58425575],[46.028542766,15.58395005],[46.028736699,15.583723688],[46.028856396,15.583421588],[46.028724652,15.583548489],[46.028655235,15.583723688],[46.028542766,15.583854964],[46.028136345,15.58425575],[46.028332199,15.584787811],[46.027990398,15.584944346],[46.027438029,15.584876474],[46.02688566,15.584879401],[46.02684253,15.584829355]]]}},{"type":"Feature","properties":{"lower":945.3125,"upper":1031.25,"color":"#390963"},"geometry":{"type":"Polygon","coordinates":[[[46.034463402,15.585170165],[46.034500964,15.585206347],[46.034618822,15.585197935],[46.03517119,15.585272363],[46.035248699,15.585319871],[46.035273401,15.585319871],[46.03517119,15.585257222],[46.034618822,15.585159073],[46.034463402,15.585170165]]]}},{"type":"Feature","properties":{"lower":945.3125,"upper":1031.25,"color":"#390963"},"geometry":{"type":"Polygon","coordinates":[[[46.033689507,15.583723688],[46.034066453,15.583822359],[46.03414731,15.583723688],[46.034113703,15.583723688],[46.034066453,15.583781349],[46.033846177,15.583723688],[46.033689507,15.583723688]]]}},{"type":"Feature","properties":{"lower":945.3125,"upper":1031.25,"color":"#390963"},"geometry":{"type":"Polygon","coordinates":[[[46.035625917,15.583723688],[46.035723559,15.583756901],[46.035868276,15.583863085],[46.03582286,15.583819339],[46.035723559,15.583746478],[46.03565656,15.583723688],[46.035625917,15.583723688]]]}},{"type":"Feature","properties":{"lower":945.3125,"upper":1031.25,"color":"#390963"},"geometry":{"type":"Polygon","coordinates":[[[46.031202501,15.58328998],[46.031161236,15.583329727],[46.03130461,15.583609231],[46.031856978,15.583598615],[46.032409347,15.583455972],[46.032937784,15.583191624],[46.032937784,15.583168573],[46.032819704,15.583054833],[46.032819704,15.583191624],[46.032409347,15.583396903],[46.031856978,15.583467276],[46.03130461,15.58348904],[46.031202501,15.58328998]]]}},{"type":"Feature","properties":{"lower":945.3125,"upper":1031.25,"color":"#390963"},"geometry":{"type":"Polygon","coordinates":[[[46.028542766,15.582659559],[46.02870374,15.582814616],[46.02870374,15.582659559],[46.028548721,15.582127493],[46.028542766,15.582117828],[46.027990398,15.582118781],[46.027632277,15.581595425],[46.027990398,15.581287694],[46.028431255,15.581063356],[46.027990398,15.58054499],[46.02797617,15.58054499],[46.02780586,15.580709042],[46.027990398,15.580709042],[46.028291733,15.581063356],[46.027990398,15.581216696],[46.027549654,15.581595425],[46.027765498,15.58191086],[46.027990398,15.582127493],[46.027990398,15.582410708],[46.02841128,15.582659559],[46.028542766,15.582659559]]]}},{"type":"Feature","properties":{"lower":945.3125,"upper":1031.25,"color":"#390963"},"geometry":{"type":"Polygon","coordinates":[[[46.029585246,15.582659559],[46.029647504,15.582673779],[46.029693836,15.582659559],[46.029647504,15.582615652],[46.029585246,15.582659559]]]}},{"type":"Feature","properties":{"lower":1031.25,"upper":1117.1875,"color":"#400a67"},"geometry":{"type":"Polygon","coordinates":[[[46.026448156,15.586383986],[46.02688566,15.586780636],[46.027438029,15.586794419],[46.02750378,15.586852708],[46.027572684,15.586786339],[46.027438029,15.586666967],[46.02688566,15.586747099],[46.026485147,15.586383986],[46.02688566,15.58588175],[46.027438029,15.586121644],[46.027589123,15.585851929],[46.027438029,15.585676006],[46.02695312,15.585319871],[46.027438029,15.58501041],[46.027990398,15.58515118],[46.028542766,15.584858528],[46.028581218,15.584787811],[46.028542766,15.584614776],[46.028329191,15.58425575],[46.028542766,15.584045136],[46.028818163,15.583723688],[46.02898814,15.583294687],[46.028856396,15.583421588],[46.028736699,15.583723688],[46.028542766,15.58395005],[46.028232768,15.58425575],[46.028542766,15.584776865],[46.028545199,15.584787811],[46.028542766,15.584792285],[46.027990398,15.585047763],[46.027438029,15.584943442],[46.02688566,15.58520396],[46.026689694,15.584976573],[46.026536858,15.585123789],[46.026705844,15.585319871],[46.026333292,15.585553726],[46.026333292,15.585729303],[46.026698774,15.585851929],[46.026448156,15.586383986]],[[46.027438029,15.586003487],[46.02700596,15.585851929],[46.027438029,15.585753075],[46.027522932,15.585851929],[46.027438029,15.586003487]]]}},{"type":"Feature","properties":{"lower":1031.25,"upper":1117.1875,"color":"#400a67"},"geometry":{"type":"Polygon","coordinates":[[[46.029081261,15.586902678],[46.029095135,15.586916041],[46.029647504,15.586383986],[46.029823395,15.586383986],[46.030199872,15.586342439],[46.030718631,15.585884303],[46.030752241,15.585851929],[46.030763899,15.585851929],[46.03130461,15.585666148],[46.03158327,15.585583515],[46.031651254,15.585518031],[46.03130461,15.585620824],[46.030809874,15.585319871],[46.030752241,15.585299101],[46.030725331,15.585319871],[46.030720799,15.585851929],[46.030199872,15.58631198],[46.029647504,15.58633785],[46.029095135,15.586369292],[46.029052203,15.586383986],[46.029081261,15.586902678]]]}},{"type":"Feature","properties":{"lower":1031.25,"upper":1117.1875,"color":"#400a67"},"geometry":{"type":"Polygon","coordinates":[[[46.036275928,15.586061341],[46.036275928,15.586134799],[46.036375997,15.586287597],[46.036405496,15.586259182],[46.036275928,15.586061341]]]}},{"type":"Feature","properties":{"lower":1031.25,"upper":1117.1875,"color":"#400a67"},"geometry":{"type":"Polygon","coordinates":[[[46.037269627,15.585851929],[46.03730042,15.585851929],[46.037380665,15.58574647],[46.03785628,15.585319871],[46.037801866,15.584787811],[46.037380665,15.584341867],[46.037312786,15.584321134],[46.037279442,15.584353252],[46.037380665,15.58438417],[46.03776191,15.584787811],[46.037811163,15.585319871],[46.037380665,15.585706002],[46.037269627,15.585851929]]]}},{"type":"Feature","properties":{"lower":1031.25,"upper":1117.1875,"color":"#400a67"},"geometry":{"type":"Polygon","coordinates":[[[46.034425839,15.585133984],[46.034463402,15.585170165],[46.034618822,15.585159073],[46.03517119,15.585257222],[46.035273401,15.585319871],[46.035298104,15.585319871],[46.03517119,15.585242081],[46.034618822,15.585120211],[46.034425839,15.585133984]]]}},{"type":"Feature","properties":{"lower":1031.25,"upper":1117.1875,"color":"#400a67"},"geometry":{"type":"Polygon","coordinates":[[[46.031301668,15.583723688],[46.03130461,15.583725306],[46.031856978,15.583725723],[46.031864339,15.583723688],[46.032409347,15.583515041],[46.032961716,15.583654244],[46.03344199,15.583654244],[46.032961716,15.583191624],[46.032937784,15.583168573],[46.032937784,15.583191624],[46.032409347,15.583455972],[46.031856978,15.583598615],[46.03130461,15.583609231],[46.031161236,15.583329727],[46.031119972,15.583369475],[46.031301668,15.583723688]]]}},{"type":"Feature","properties":{"lower":1031.25,"upper":1117.1875,"color":"#400a67"},"geometry":{"type":"Polygon","coordinates":[[[46.033532836,15.583723688],[46.034066453,15.58386337],[46.034180917,15.583723688],[46.03414731,15.583723688],[46.034066453,15.583822359],[46.033689507,15.583723688],[46.033532836,15.583723688]]]}},{"type":"Feature","properties":{"lower":1031.25,"upper":1117.1875,"color":"#400a67"},"geometry":{"type":"Polygon","coordinates":[[[46.035595275,15.583723688],[46.035723559,15.583767325],[46.035913692,15.583906832],[46.035868276,15.583863085],[46.035723559,15.583756901],[46.035625917,15.583723688],[46.035595275,15.583723688]]]}},{"type":"Feature","properties":{"lower":1031.25,"upper":1117.1875,"color":"#400a67"},"geometry":{"type":"Polygon","coordinates":[[[46.02870374,15.582814616],[46.028919724,15.583022661],[46.028919724,15.582659559],[46.028631244,15.582127493],[46.028542766,15.581983882],[46.027990398,15.581998035],[46.027714901,15.581595425],[46.027990398,15.581358692],[46.028542766,15.581097804],[46.028578757,15.581063356],[46.028578757,15.580565954],[46.028542766,15.580531285],[46.027990398,15.580531285],[46.02797617,15.58054499],[46.027990398,15.58054499],[46.028431255,15.581063356],[46.027990398,15.581287694],[46.027632277,15.581595425],[46.027990398,15.582118781],[46.028542766,15.582117828],[46.028548721,15.582127493],[46.02870374,15.582659559],[46.02870374,15.582814616]]]}},{"type":"Feature","properties":{"lower":1031.25,"upper":1117.1875,"color":"#400a67"},"geometry":{"type":"Polygon","coordinates":[[[46.029314787,15.582659559],[46.029647504,15.582735552],[46.029895111,15.582659559],[46.029647504,15.582424908],[46.029314787,15.582659559]],[[46.029647504,15.582673779],[46.029585246,15.582659559],[46.029647504,15.582615652],[46.029693836,15.582659559],[46.029647504,15.582673779]]]}},{"type":"Feature","properties":{"lower":1031.25,"upper":1117.1875,"color":"#400a67"},"geometry":{"type":"Polygon","coordinates":[[[46.02959504,15.581063356],[46.029647504,15.581143688],[46.029647504,15.581063356],[46.02959504,15.581063356]]]}},{"type":"Feature","properties":{"lower":1117.1875,"upper":1203.125,"color":"#470b6a"},"geometry":{"type":"Polygon","coordinates":[[[46.026485147,15.586383986],[46.02688566,15.586747099],[46.027438029,15.586666967],[46.027572684,15.586786339],[46.027641587,15.586719969],[46.027438029,15.586539514],[46.02688566,15.586713561],[46.026522139,15.586383986],[46.02688566,15.585928137],[46.027438029,15.586239801],[46.027655315,15.585851929],[46.027438029,15.585598938],[46.027058056,15.585319871],[46.027438029,15.585077378],[46.027990398,15.585254597],[46.028542766,15.584924771],[46.028617237,15.584787811],[46.028542766,15.584452687],[46.028425614,15.58425575],[46.028542766,15.584140222],[46.028899627,15.583723688],[46.029095135,15.583230248],[46.029110926,15.583191624],[46.029647504,15.582797324],[46.030096387,15.582659559],[46.029647504,15.582234163],[46.029095135,15.582638776],[46.028713768,15.582127493],[46.028542766,15.581849936],[46.027990398,15.58187729],[46.027797524,15.581595425],[46.027990398,15.58142969],[46.028542766,15.581269393],[46.028758029,15.581063356],[46.028758029,15.580738638],[46.028578757,15.580565954],[46.028578757,15.581063356],[46.028542766,15.581097804],[46.027990398,15.581358692],[46.027714901,15.581595425],[46.027990398,15.581998035],[46.028542766,15.581983882],[46.028631244,15.582127493],[46.028919724,15.582659559],[46.028919724,15.583022661],[46.029095135,15.583191624],[46.02898814,15.583294687],[46.028818163,15.583723688],[46.028542766,15.584045136],[46.028329191,15.58425575],[46.028542766,15.584614776],[46.028581218,15.584787811],[46.028542766,15.584858528],[46.027990398,15.58515118],[46.027438029,15.58501041],[46.02695312,15.585319871],[46.027438029,15.585676006],[46.027589123,15.585851929],[46.027438029,15.586121644],[46.02688566,15.58588175],[46.026485147,15.586383986]],[[46.029647504,15.582735552],[46.029314787,15.582659559],[46.029647504,15.582424908],[46.029895111,15.582659559],[46.029647504,15.582735552]]]}},{"type":"Feature","properties":{"lower":1117.1875,"upper":1203.125,"color":"#470b6a"},"geometry":{"type":"Polygon","coordinates":[[[46.028956152,15.58678217],[46.029081261,15.586902678],[46.029052203,15.586383986],[46.029095135,15.586369292],[46.029647504,15.58633785],[46.030199872,15.58631198],[46.030720799,15.585851929],[46.030725331,15.585319871],[46.030752241,15.585299101],[46.030809874,15.585319871],[46.03130461,15.585620824],[46.031651254,15.585518031],[46.031719237,15.585452547],[46.03130461,15.5855755],[46.030884383,15.585319871],[46.030752241,15.58527225],[46.030690541,15.585319871],[46.030686309,15.585851929],[46.030199872,15.586281521],[46.029647504,15.586210661],[46.029095135,15.586328782],[46.028933845,15.586383986],[46.028956152,15.58678217]]]}},{"type":"Feature","properties":{"lower":1117.1875,"upper":1203.125,"color":"#470b6a"},"geometry":{"type":"Polygon","coordinates":[[[46.036275928,15.585987883],[46.036275928,15.586061341],[46.036405496,15.586259182],[46.036434995,15.586230768],[46.036275928,15.585987883]]]}},{"type":"Feature","properties":{"lower":1117.1875,"upper":1203.125,"color":"#470b6a"},"geometry":{"type":"Polygon","coordinates":[[[46.026333292,15.585378149],[46.026333292,15.585553726],[46.026705844,15.585319871],[46.026536858,15.585123789],[46.026384022,15.585271006],[46.026426134,15.585319871],[46.026333292,15.585378149]]]}},{"type":"Feature","properties":{"lower":1117.1875,"upper":1203.125,"color":"#470b6a"},"geometry":{"type":"Polygon","coordinates":[[[46.037238835,15.585851929],[46.037269627,15.585851929],[46.037380665,15.585706002],[46.037811163,15.585319871],[46.03776191,15.584787811],[46.037380665,15.58438417],[46.037279442,15.584353252],[46.037246098,15.58438537],[46.037380665,15.584426473],[46.037721955,15.584787811],[46.037766046,15.585319871],[46.037380665,15.585665535],[46.037238835,15.585851929]]]}},{"type":"Feature","properties":{"lower":1117.1875,"upper":1203.125,"color":"#470b6a"},"geometry":{"type":"Polygon","coordinates":[[[46.032896953,15.585257489],[46.032961716,15.585319871],[46.032961716,15.584787811],[46.033514084,15.58425575],[46.03355751,15.584297579],[46.03355751,15.58425575],[46.034066453,15.583904381],[46.034214524,15.583723688],[46.034180917,15.583723688],[46.034066453,15.58386337],[46.033532836,15.583723688],[46.033514084,15.583723688],[46.03344199,15.583654244],[46.032961716,15.583654244],[46.032409347,15.583515041],[46.031864339,15.583723688],[46.031856978,15.583725723],[46.03130461,15.583725306],[46.031301668,15.583723688],[46.031119972,15.583369475],[46.031078708,15.583409222],[46.031240016,15.583723688],[46.03130461,15.58375921],[46.031856978,15.583768383],[46.032018633,15.583723688],[46.032409347,15.58357411],[46.032819226,15.583723688],[46.032961716,15.5838071],[46.033440209,15.58425575],[46.032961716,15.584707927],[46.032896953,15.584787811],[46.032896953,15.585257489]]]}},{"type":"Feature","properties":{"lower":1117.1875,"upper":1203.125,"color":"#470b6a"},"geometry":{"type":"Polygon","coordinates":[[[46.034388277,15.585097803],[46.034425839,15.585133984],[46.034618822,15.585120211],[46.03517119,15.585242081],[46.035298104,15.585319871],[46.035322806,15.585319871],[46.03517119,15.585226939],[46.034618822,15.585081349],[46.034388277,15.585097803]]]}},{"type":"Feature","properties":{"lower":1117.1875,"upper":1203.125,"color":"#470b6a"},"geometry":{"type":"Polygon","coordinates":[[[46.035564632,15.583723688],[46.035723559,15.583777748],[46.035959108,15.583950578],[46.035913692,15.583906832],[46.035723559,15.583767325],[46.035595275,15.583723688],[46.035564632,15.583723688]]]}},{"type":"Feature","properties":{"lower":1117.1875,"upper":1203.125,"color":"#470b6a"},"geometry":{"type":"Polygon","coordinates":[[[46.029421487,15.581063356],[46.029647504,15.581409435],[46.029647504,15.581143688],[46.02959504,15.581063356],[46.029421487,15.581063356]]]}},{"type":"Feature","properties":{"lower":1203.125,"upper":1289.0625,"color":"#4d0d6c"},"geometry":{"type":"Polygon","coordinates":[[[46.026522139,15.586383986],[46.02688566,15.586713561],[46.027438029,15.586539514],[46.027641587,15.586719969],[46.027710491,15.5866536],[46.027438029,15.586412061],[46.02688566,15.586680024],[46.02655913,15.586383986],[46.02688566,15.585974524],[46.027438029,15.586357959],[46.027721507,15.585851929],[46.027438029,15.585521869],[46.027162991,15.585319871],[46.027438029,15.585144346],[46.027922257,15.585319871],[46.027990398,15.585364157],[46.028028598,15.585319871],[46.028542766,15.584991015],[46.028653257,15.584787811],[46.028542766,15.584290598],[46.028522036,15.58425575],[46.028542766,15.584235308],[46.02898109,15.583723688],[46.029095135,15.583435853],[46.029194989,15.583191624],[46.029647504,15.582859097],[46.030199872,15.58267987],[46.030199872,15.582659559],[46.030199872,15.582127493],[46.029647504,15.581595425],[46.029647504,15.581409435],[46.029421487,15.581063356],[46.029247934,15.581063356],[46.029507078,15.581595425],[46.029587567,15.582127493],[46.029095135,15.58252814],[46.028796291,15.582127493],[46.028542766,15.581715989],[46.027990398,15.581756544],[46.027880148,15.581595425],[46.027990398,15.581500688],[46.028542766,15.58144098],[46.028937301,15.581063356],[46.028937301,15.580911322],[46.028758029,15.580738638],[46.028758029,15.581063356],[46.028542766,15.581269393],[46.027990398,15.58142969],[46.027797524,15.581595425],[46.027990398,15.58187729],[46.028542766,15.581849936],[46.028713768,15.582127493],[46.029095135,15.582638776],[46.029647504,15.582234163],[46.030096387,15.582659559],[46.029647504,15.582797324],[46.029110926,15.583191624],[46.029095135,15.583230248],[46.028899627,15.583723688],[46.028542766,15.584140222],[46.028425614,15.58425575],[46.028542766,15.584452687],[46.028617237,15.584787811],[46.028542766,15.584924771],[46.027990398,15.585254597],[46.027438029,15.585077378],[46.027058056,15.585319871],[46.027438029,15.585598938],[46.027655315,15.585851929],[46.027438029,15.586239801],[46.02688566,15.585928137],[46.026522139,15.586383986]]]}},{"type":"Feature","properties":{"lower":1203.125,"upper":1289.0625,"color":"#4d0d6c"},"geometry":{"type":"Polygon","coordinates":[[[46.028831043,15.586661662],[46.028956152,15.58678217],[46.028933845,15.586383986],[46.029095135,15.586328782],[46.029647504,15.586210661],[46.030199872,15.586281521],[46.030686309,15.585851929],[46.030690541,15.585319871],[46.030752241,15.58527225],[46.030884383,15.585319871],[46.03130461,15.5855755],[46.031719237,15.585452547],[46.031787221,15.585387064],[46.03130461,15.585530175],[46.030958891,15.585319871],[46.030752241,15.585245398],[46.030655751,15.585319871],[46.03065182,15.585851929],[46.030199872,15.586251062],[46.029647504,15.586083471],[46.029095135,15.586288272],[46.028815487,15.586383986],[46.028831043,15.586661662]]]}},{"type":"Feature","properties":{"lower":1203.125,"upper":1289.0625,"color":"#4d0d6c"},"geometry":{"type":"Polygon","coordinates":[[[46.036275928,15.585914425],[46.036275928,15.585987883],[46.036434995,15.586230768],[46.036464495,15.586202353],[46.036275928,15.585914425]]]}},{"type":"Feature","properties":{"lower":1203.125,"upper":1289.0625,"color":"#4d0d6c"},"geometry":{"type":"Polygon","coordinates":[[[46.026333292,15.585319871],[46.026333292,15.585378149],[46.026426134,15.585319871],[46.026384022,15.585271006],[46.026333292,15.585319871]]]}},{"type":"Feature","properties":{"lower":1203.125,"upper":1289.0625,"color":"#4d0d6c"},"geometry":{"type":"Polygon","coordinates":[[[46.037208043,15.585851929],[46.037238835,15.585851929],[46.037380665,15.585665535],[46.037766046,15.585319871],[46.037721955,15.584787811],[46.037380665,15.584426473],[46.037246098,15.58438537],[46.037212754,15.584417488],[46.037380665,15.584468775],[46.037681999,15.584787811],[46.037720928,15.585319871],[46.037380665,15.585625067],[46.037208043,15.585851929]]]}},{"type":"Feature","properties":{"lower":1203.125,"upper":1289.0625,"color":"#4d0d6c"},"geometry":{"type":"Polygon","coordinates":[[[46.032819533,15.585182916],[46.032896953,15.585257489],[46.032896953,15.584787811],[46.032961716,15.584707927],[46.033440209,15.58425575],[46.032961716,15.5838071],[46.032819226,15.583723688],[46.032409347,15.58357411],[46.032018633,15.583723688],[46.031856978,15.583768383],[46.03130461,15.58375921],[46.031240016,15.583723688],[46.031078708,15.583409222],[46.031037444,15.583448969],[46.031178363,15.583723688],[46.03130461,15.583793114],[46.031856978,15.583811042],[46.032172927,15.583723688],[46.032409347,15.583633178],[46.032657364,15.583723688],[46.032961716,15.583901853],[46.033339153,15.58425575],[46.032961716,15.584612429],[46.032819533,15.584787811],[46.032819533,15.585182916]]]}},{"type":"Feature","properties":{"lower":1203.125,"upper":1289.0625,"color":"#4d0d6c"},"geometry":{"type":"Polygon","coordinates":[[[46.034350715,15.585061622],[46.034388277,15.585097803],[46.034618822,15.585081349],[46.03517119,15.585226939],[46.035322806,15.585319871],[46.035347509,15.585319871],[46.03517119,15.585211798],[46.034618822,15.585042487],[46.034350715,15.585061622]]]}},{"type":"Feature","properties":{"lower":1203.125,"upper":1289.0625,"color":"#4d0d6c"},"geometry":{"type":"Polygon","coordinates":[[[46.03355751,15.584297579],[46.033616912,15.584354798],[46.033616912,15.58425575],[46.034066453,15.583945392],[46.03424813,15.583723688],[46.034214524,15.583723688],[46.034066453,15.583904381],[46.03355751,15.58425575],[46.03355751,15.584297579]]]}},{"type":"Feature","properties":{"lower":1203.125,"upper":1289.0625,"color":"#4d0d6c"},"geometry":{"type":"Polygon","coordinates":[[[46.03553399,15.583723688],[46.035723559,15.583788171],[46.036004524,15.583994325],[46.035959108,15.583950578],[46.035723559,15.583777748],[46.035564632,15.583723688],[46.03553399,15.583723688]]]}},{"type":"Feature","properties":{"lower":1289.0625,"upper":1375.0,"color":"#540f6d"},"geometry":{"type":"Polygon","coordinates":[[[46.02655913,15.586383986],[46.02688566,15.586680024],[46.027438029,15.586412061],[46.027710491,15.5866536],[46.027779394,15.58658723],[46.02755013,15.586383986],[46.027787698,15.585851929],[46.027990398,15.58548423],[46.028132169,15.585319871],[46.028542766,15.585057258],[46.028689276,15.584787811],[46.029095135,15.584290404],[46.02912353,15.58425575],[46.029095135,15.583903269],[46.029062554,15.583723688],[46.029095135,15.583641458],[46.029279051,15.583191624],[46.029647504,15.58292087],[46.030199872,15.582721674],[46.030199872,15.58267987],[46.029647504,15.582859097],[46.029194989,15.583191624],[46.029095135,15.583435853],[46.02898109,15.583723688],[46.028542766,15.584235308],[46.028522036,15.58425575],[46.028542766,15.584290598],[46.028653257,15.584787811],[46.028542766,15.584991015],[46.028028598,15.585319871],[46.027990398,15.585364157],[46.027922257,15.585319871],[46.027438029,15.585144346],[46.027162991,15.585319871],[46.027438029,15.585521869],[46.027721507,15.585851929],[46.027438029,15.586357959],[46.02688566,15.585974524],[46.02655913,15.586383986]],[[46.02688566,15.586646487],[46.026596122,15.586383986],[46.02688566,15.58602091],[46.027387988,15.586383986],[46.02688566,15.586646487]],[[46.027438029,15.5854448],[46.027267927,15.585319871],[46.027438029,15.585211315],[46.027737509,15.585319871],[46.027438029,15.5854448]]]}},{"type":"Feature","properties":{"lower":1289.0625,"upper":1375.0,"color":"#540f6d"},"geometry":{"type":"Polygon","coordinates":[[[46.028705935,15.586541154],[46.028831043,15.586661662],[46.028815487,15.586383986],[46.029095135,15.586288272],[46.029647504,15.586083471],[46.030199872,15.586251062],[46.03065182,15.585851929],[46.030655751,15.585319871],[46.030752241,15.585245398],[46.030958891,15.585319871],[46.03130461,15.585530175],[46.031787221,15.585387064],[46.031855204,15.58532158],[46.03130461,15.585484851],[46.031033399,15.585319871],[46.030752241,15.585218547],[46.030620961,15.585319871],[46.03061733,15.585851929],[46.030199872,15.586220603],[46.029647504,15.585956282],[46.029095135,15.586247763],[46.02869713,15.586383986],[46.028705935,15.586541154]]]}},{"type":"Feature","properties":{"lower":1289.0625,"upper":1375.0,"color":"#540f6d"},"geometry":{"type":"Polygon","coordinates":[[[46.036275928,15.585851929],[46.036275928,15.585914425],[46.036464495,15.586202353],[46.036493994,15.586173939],[46.036283107,15.585851929],[46.036275928,15.585848493],[46.036270193,15.585846405],[46.036275928,15.585851929]]]}},{"type":"Feature","properties":{"lower":1289.0625,"upper":1375.0,"color":"#540f6d"},"geometry":{"type":"Polygon","coordinates":[[[46.037177251,15.585851929],[46.037208043,15.585851929],[46.037380665,15.585625067],[46.037720928,15.585319871],[46.037681999,15.584787811],[46.037380665,15.584468775],[46.037212754,15.584417488],[46.03717941,15.584449606],[46.037380665,15.584511078],[46.037642044,15.584787811],[46.037675811,15.585319871],[46.037380665,15.5855846],[46.037177251,15.585851929]]]}},{"type":"Feature","properties":{"lower":1289.0625,"upper":1375.0,"color":"#540f6d"},"geometry":{"type":"Polygon","coordinates":[[[46.032742112,15.585108342],[46.032819533,15.585182916],[46.032819533,15.584787811],[46.032961716,15.584612429],[46.033339153,15.58425575],[46.032961716,15.583901853],[46.032657364,15.583723688],[46.032409347,15.583633178],[46.032172927,15.583723688],[46.031856978,15.583811042],[46.03130461,15.583793114],[46.031178363,15.583723688],[46.031037444,15.583448969],[46.03099618,15.583488716],[46.03111671,15.583723688],[46.03130461,15.583827018],[46.031856978,15.583853701],[46.03232722,15.583723688],[46.032409347,15.583692247],[46.032495502,15.583723688],[46.032961716,15.583996606],[46.033238098,15.58425575],[46.032961716,15.584516932],[46.032742112,15.584787811],[46.032742112,15.585108342]]]}},{"type":"Feature","properties":{"lower":1289.0625,"upper":1375.0,"color":"#540f6d"},"geometry":{"type":"Polygon","coordinates":[[[46.034313152,15.58502544],[46.034350715,15.585061622],[46.034618822,15.585042487],[46.03517119,15.585211798],[46.035347509,15.585319871],[46.035372212,15.585319871],[46.03517119,15.585196657],[46.034618822,15.585003625],[46.034313152,15.58502544]]]}},{"type":"Feature","properties":{"lower":1289.0625,"upper":1375.0,"color":"#540f6d"},"geometry":{"type":"Polygon","coordinates":[[[46.033616912,15.584354798],[46.033676314,15.584412016],[46.033676314,15.58425575],[46.034066453,15.583986403],[46.034281737,15.583723688],[46.03424813,15.583723688],[46.034066453,15.583945392],[46.033616912,15.58425575],[46.033616912,15.584354798]]]}},{"type":"Feature","properties":{"lower":1289.0625,"upper":1375.0,"color":"#540f6d"},"geometry":{"type":"Polygon","coordinates":[[[46.035503347,15.583723688],[46.035723559,15.583798594],[46.03604994,15.584038071],[46.036004524,15.583994325],[46.035723559,15.583788171],[46.03553399,15.583723688],[46.035503347,15.583723688]]]}},{"type":"Feature","properties":{"lower":1289.0625,"upper":1375.0,"color":"#540f6d"},"geometry":{"type":"Polygon","coordinates":[[[46.028796291,15.582127493],[46.029095135,15.58252814],[46.029587567,15.582127493],[46.029507078,15.581595425],[46.029247934,15.581063356],[46.029095135,15.581063356],[46.028937301,15.580911322],[46.028937301,15.581063356],[46.028542766,15.58144098],[46.027990398,15.581500688],[46.027880148,15.581595425],[46.027990398,15.581756544],[46.028542766,15.581715989],[46.028796291,15.582127493]],[[46.029095135,15.582417505],[46.028878815,15.582127493],[46.029095135,15.581618639],[46.029451586,15.582127493],[46.029095135,15.582417505]],[[46.027990398,15.581635799],[46.027962771,15.581595425],[46.027990398,15.581571686],[46.02841569,15.581595425],[46.027990398,15.581635799]]]}},{"type":"Feature","properties":{"lower":1375.0,"upper":1460.9375,"color":"#5a116e"},"geometry":{"type":"Polygon","coordinates":[[[46.026596122,15.586383986],[46.02688566,15.586646487],[46.027387988,15.586383986],[46.02688566,15.58602091],[46.026596122,15.586383986]],[[46.02688566,15.586612949],[46.026633114,15.586383986],[46.02688566,15.586067297],[46.02732381,15.586383986],[46.02688566,15.586612949]]]}},{"type":"Feature","properties":{"lower":1375.0,"upper":1460.9375,"color":"#5a116e"},"geometry":{"type":"Polygon","coordinates":[[[46.027779394,15.58658723],[46.027848297,15.586520861],[46.027693899,15.586383986],[46.02785389,15.585851929],[46.027990398,15.585604303],[46.028235741,15.585319871],[46.028542766,15.585123501],[46.028725295,15.584787811],[46.029095135,15.584334548],[46.029159701,15.58425575],[46.029113609,15.583723688],[46.029363113,15.583191624],[46.029647504,15.582982642],[46.030199872,15.582763478],[46.030199872,15.582721674],[46.029647504,15.58292087],[46.029279051,15.583191624],[46.029095135,15.583641458],[46.029062554,15.583723688],[46.029095135,15.583903269],[46.02912353,15.58425575],[46.029095135,15.584290404],[46.028689276,15.584787811],[46.028542766,15.585057258],[46.028132169,15.585319871],[46.027990398,15.58548423],[46.027787698,15.585851929],[46.02755013,15.586383986],[46.027779394,15.58658723]]]}},{"type":"Feature","properties":{"lower":1375.0,"upper":1460.9375,"color":"#5a116e"},"geometry":{"type":"Polygon","coordinates":[[[46.028580826,15.586420646],[46.028705935,15.586541154],[46.02869713,15.586383986],[46.029095135,15.586247763],[46.029647504,15.585956282],[46.030199872,15.586220603],[46.03061733,15.585851929],[46.030620961,15.585319871],[46.030752241,15.585218547],[46.031033399,15.585319871],[46.03130461,15.585484851],[46.031855204,15.58532158],[46.031856978,15.585319871],[46.031982902,15.585198577],[46.031856978,15.585273064],[46.031708121,15.585319871],[46.03130461,15.585439527],[46.031107908,15.585319871],[46.030752241,15.585191695],[46.030586171,15.585319871],[46.03058284,15.585851929],[46.030199872,15.586190143],[46.029656293,15.585851929],[46.029647504,15.585848407],[46.029636423,15.585851929],[46.029095135,15.586207253],[46.028578772,15.586383986],[46.028580826,15.586420646]]]}},{"type":"Feature","properties":{"lower":1375.0,"upper":1460.9375,"color":"#5a116e"},"geometry":{"type":"Polygon","coordinates":[[[46.036493994,15.586173939],[46.036523493,15.586145524],[46.036331215,15.585851929],[46.036275928,15.585825467],[46.03623176,15.585809385],[46.036270193,15.585846405],[46.036275928,15.585848493],[46.036283107,15.585851929],[46.036493994,15.586173939]]]}},{"type":"Feature","properties":{"lower":1375.0,"upper":1460.9375,"color":"#5a116e"},"geometry":{"type":"Polygon","coordinates":[[[46.027267927,15.585319871],[46.027438029,15.5854448],[46.027737509,15.585319871],[46.027438029,15.585211315],[46.027267927,15.585319871]],[[46.027438029,15.585367732],[46.027372862,15.585319871],[46.027438029,15.585278283],[46.027552761,15.585319871],[46.027438029,15.585367732]]]}},{"type":"Feature","properties":{"lower":1375.0,"upper":1460.9375,"color":"#5a116e"},"geometry":{"type":"Polygon","coordinates":[[[46.037146458,15.585851929],[46.037177251,15.585851929],[46.037380665,15.5855846],[46.037675811,15.585319871],[46.037642044,15.584787811],[46.037380665,15.584511078],[46.03717941,15.584449606],[46.037146066,15.584481724],[46.037380665,15.584553381],[46.037602088,15.584787811],[46.037630694,15.585319871],[46.037380665,15.585544132],[46.037146458,15.585851929]]]}},{"type":"Feature","properties":{"lower":1375.0,"upper":1460.9375,"color":"#5a116e"},"geometry":{"type":"Polygon","coordinates":[[[46.032664692,15.585033768],[46.032742112,15.585108342],[46.032742112,15.584787811],[46.032961716,15.584516932],[46.033238098,15.58425575],[46.032961716,15.583996606],[46.032495502,15.583723688],[46.032409347,15.583692247],[46.03232722,15.583723688],[46.031856978,15.583853701],[46.03130461,15.583827018],[46.03111671,15.583723688],[46.03099618,15.583488716],[46.030954916,15.583528464],[46.031055057,15.583723688],[46.03130461,15.583860922],[46.031856978,15.58389636],[46.032409347,15.583789771],[46.032961716,15.584091359],[46.033137042,15.58425575],[46.032961716,15.584421434],[46.032664692,15.584787811],[46.032664692,15.585033768]]]}},{"type":"Feature","properties":{"lower":1375.0,"upper":1460.9375,"color":"#5a116e"},"geometry":{"type":"Polygon","coordinates":[[[46.03427559,15.584989259],[46.034313152,15.58502544],[46.034618822,15.585003625],[46.03517119,15.585196657],[46.035372212,15.585319871],[46.035396914,15.585319871],[46.03517119,15.585181516],[46.034618822,15.584964763],[46.03427559,15.584989259]]]}},{"type":"Feature","properties":{"lower":1375.0,"upper":1460.9375,"color":"#5a116e"},"geometry":{"type":"Polygon","coordinates":[[[46.033676314,15.584412016],[46.033735717,15.584469235],[46.033735717,15.58425575],[46.034066453,15.584027413],[46.034315344,15.583723688],[46.034281737,15.583723688],[46.034066453,15.583986403],[46.033676314,15.58425575],[46.033676314,15.584412016]]]}},{"type":"Feature","properties":{"lower":1375.0,"upper":1460.9375,"color":"#5a116e"},"geometry":{"type":"Polygon","coordinates":[[[46.035472705,15.583723688],[46.035723559,15.583809017],[46.036095356,15.584081817],[46.03604994,15.584038071],[46.035723559,15.583798594],[46.035503347,15.583723688],[46.035472705,15.583723688]]]}},{"type":"Feature","properties":{"lower":1375.0,"upper":1460.9375,"color":"#5a116e"},"geometry":{"type":"Polygon","coordinates":[[[46.028878815,15.582127493],[46.029095135,15.582417505],[46.029451586,15.582127493],[46.029095135,15.581618639],[46.028878815,15.582127493]],[[46.029095135,15.582306869],[46.028961338,15.582127493],[46.029095135,15.581812761],[46.029315604,15.582127493],[46.029095135,15.582306869]]]}},{"type":"Feature","properties":{"lower":1375.0,"upper":1460.9375,"color":"#5a116e"},"geometry":{"type":"Polygon","coordinates":[[[46.027962771,15.581595425],[46.027990398,15.581635799],[46.02841569,15.581595425],[46.027990398,15.581571686],[46.027962771,15.581595425]]]}},{"type":"Feature","properties":{"lower":1460.9375,"upper":1546.875,"color":"#61136e"},"geometry":{"type":"Polygon","coordinates":[[[46.026633114,15.586383986],[46.02688566,15.586612949],[46.02732381,15.586383986],[46.02688566,15.586067297],[46.026633114,15.586383986]],[[46.02688566,15.586579412],[46.026670105,15.586383986],[46.02688566,15.586113684],[46.027259632,15.586383986],[46.02688566,15.586579412]]]}},{"type":"Feature","properties":{"lower":1460.9375,"upper":1546.875,"color":"#61136e"},"geometry":{"type":"Polygon","coordinates":[[[46.027848297,15.586520861],[46.027917201,15.586454491],[46.027837669,15.586383986],[46.027920082,15.585851929],[46.027990398,15.585724375],[46.028339312,15.585319871],[46.028542766,15.585189744],[46.028761315,15.584787811],[46.029095135,15.584378692],[46.029195872,15.58425575],[46.029144397,15.583723688],[46.029447175,15.583191624],[46.029647504,15.583044415],[46.030199872,15.582805282],[46.030199872,15.582763478],[46.029647504,15.582982642],[46.029363113,15.583191624],[46.029113609,15.583723688],[46.029159701,15.58425575],[46.029095135,15.584334548],[46.028725295,15.584787811],[46.028542766,15.585123501],[46.028235741,15.585319871],[46.027990398,15.585604303],[46.02785389,15.585851929],[46.027693899,15.586383986],[46.027848297,15.586520861]]]}},{"type":"Feature","properties":{"lower":1460.9375,"upper":1546.875,"color":"#61136e"},"geometry":{"type":"Polygon","coordinates":[[[46.028542766,15.586383986],[46.028580826,15.586420646],[46.028578772,15.586383986],[46.029095135,15.586207253],[46.029636423,15.585851929],[46.029647504,15.585848407],[46.029656293,15.585851929],[46.030199872,15.586190143],[46.03058284,15.585851929],[46.030586171,15.585319871],[46.030752241,15.585191695],[46.031107908,15.585319871],[46.03130461,15.585439527],[46.031708121,15.585319871],[46.031856978,15.585273064],[46.031982902,15.585198577],[46.032112199,15.585074034],[46.031856978,15.585225002],[46.031555276,15.585319871],[46.03130461,15.585394203],[46.031182416,15.585319871],[46.030752241,15.585164844],[46.030551382,15.585319871],[46.03054835,15.585851929],[46.030199872,15.586159684],[46.029705248,15.585851929],[46.029647504,15.585828789],[46.029574712,15.585851929],[46.029095135,15.586166743],[46.028542766,15.586244822],[46.02832416,15.586383986],[46.028542766,15.586383986]]]}},{"type":"Feature","properties":{"lower":1460.9375,"upper":1546.875,"color":"#61136e"},"geometry":{"type":"Polygon","coordinates":[[[46.036523493,15.586145524],[46.036552993,15.586117109],[46.036379323,15.585851929],[46.036275928,15.58580244],[46.036193327,15.585772366],[46.03623176,15.585809385],[46.036275928,15.585825467],[46.036331215,15.585851929],[46.036523493,15.586145524]]]}},{"type":"Feature","properties":{"lower":1460.9375,"upper":1546.875,"color":"#61136e"},"geometry":{"type":"Polygon","coordinates":[[[46.027372862,15.585319871],[46.027438029,15.585367732],[46.027552761,15.585319871],[46.027438029,15.585278283],[46.027372862,15.585319871]]]}},{"type":"Feature","properties":{"lower":1460.9375,"upper":1546.875,"color":"#61136e"},"geometry":{"type":"Polygon","coordinates":[[[46.037115666,15.585851929],[46.037146458,15.585851929],[46.037380665,15.585544132],[46.037630694,15.585319871],[46.037602088,15.584787811],[46.037380665,15.584553381],[46.037146066,15.584481724],[46.037112722,15.584513843],[46.037380665,15.584595683],[46.037562133,15.584787811],[46.037585576,15.585319871],[46.037380665,15.585503664],[46.037115666,15.585851929]]]}},{"type":"Feature","properties":{"lower":1460.9375,"upper":1546.875,"color":"#61136e"},"geometry":{"type":"Polygon","coordinates":[[[46.032587272,15.584959195],[46.032664692,15.585033768],[46.032664692,15.584787811],[46.032961716,15.584421434],[46.033137042,15.58425575],[46.032961716,15.584091359],[46.032409347,15.583789771],[46.031856978,15.58389636],[46.03130461,15.583860922],[46.031055057,15.583723688],[46.030954916,15.583528464],[46.030913652,15.583568211],[46.030993405,15.583723688],[46.03130461,15.583894826],[46.031856978,15.583939019],[46.032409347,15.583931055],[46.032961716,15.584186111],[46.033035987,15.58425575],[46.032961716,15.584325937],[46.032587272,15.584787811],[46.032587272,15.584959195]]]}},{"type":"Feature","properties":{"lower":1460.9375,"upper":1546.875,"color":"#61136e"},"geometry":{"type":"Polygon","coordinates":[[[46.034238028,15.584953078],[46.03427559,15.584989259],[46.034618822,15.584964763],[46.03517119,15.585181516],[46.035396914,15.585319871],[46.035421617,15.585319871],[46.03517119,15.585166375],[46.034618822,15.584925901],[46.034238028,15.584953078]]]}},{"type":"Feature","properties":{"lower":1460.9375,"upper":1546.875,"color":"#61136e"},"geometry":{"type":"Polygon","coordinates":[[[46.033735717,15.584469235],[46.033795119,15.584526453],[46.033795119,15.58425575],[46.034066453,15.584068424],[46.034348951,15.583723688],[46.034315344,15.583723688],[46.034066453,15.584027413],[46.033735717,15.58425575],[46.033735717,15.584469235]]]}},{"type":"Feature","properties":{"lower":1460.9375,"upper":1546.875,"color":"#61136e"},"geometry":{"type":"Polygon","coordinates":[[[46.035442062,15.583723688],[46.035723559,15.583819441],[46.036140772,15.584125564],[46.036095356,15.584081817],[46.035723559,15.583809017],[46.035472705,15.583723688],[46.035442062,15.583723688]]]}},{"type":"Feature","properties":{"lower":1460.9375,"upper":1546.875,"color":"#61136e"},"geometry":{"type":"Polygon","coordinates":[[[46.028961338,15.582127493],[46.029095135,15.582306869],[46.029315604,15.582127493],[46.029095135,15.581812761],[46.028961338,15.582127493]],[[46.029095135,15.582196233],[46.029043862,15.582127493],[46.029095135,15.582006882],[46.029179622,15.582127493],[46.029095135,15.582196233]]]}},{"type":"Feature","properties":{"lower":1546.875,"upper":1632.8125,"color":"#67166e"},"geometry":{"type":"Polygon","coordinates":[[[46.026670105,15.586383986],[46.02688566,15.586579412],[46.027259632,15.586383986],[46.02688566,15.586113684],[46.026670105,15.586383986]],[[46.02688566,15.586545875],[46.026707097,15.586383986],[46.02688566,15.586160071],[46.027195455,15.586383986],[46.02688566,15.586545875]]]}},{"type":"Feature","properties":{"lower":1546.875,"upper":1632.8125,"color":"#67166e"},"geometry":{"type":"Polygon","coordinates":[[[46.027917201,15.586454491],[46.027986104,15.586388121],[46.027981439,15.586383986],[46.027986273,15.585851929],[46.027990398,15.585844447],[46.028442884,15.585319871],[46.028542766,15.585255987],[46.028797334,15.584787811],[46.029095135,15.584422836],[46.029232044,15.58425575],[46.029175184,15.583723688],[46.029531238,15.583191624],[46.029647504,15.583106187],[46.030199872,15.582847086],[46.030199872,15.582805282],[46.029647504,15.583044415],[46.029447175,15.583191624],[46.029144397,15.583723688],[46.029195872,15.58425575],[46.029095135,15.584378692],[46.028761315,15.584787811],[46.028542766,15.585189744],[46.028339312,15.585319871],[46.027990398,15.585724375],[46.027920082,15.585851929],[46.027837669,15.586383986],[46.027917201,15.586454491]]]}},{"type":"Feature","properties":{"lower":1546.875,"upper":1632.8125,"color":"#67166e"},"geometry":{"type":"Polygon","coordinates":[[[46.028009974,15.586383986],[46.02832416,15.586383986],[46.028542766,15.586244822],[46.029095135,15.586166743],[46.029574712,15.585851929],[46.029647504,15.585828789],[46.029705248,15.585851929],[46.030199872,15.586159684],[46.03054835,15.585851929],[46.030551382,15.585319871],[46.030752241,15.585164844],[46.031182416,15.585319871],[46.03130461,15.585394203],[46.031555276,15.585319871],[46.031856978,15.585225002],[46.032112199,15.585074034],[46.032241497,15.58494949],[46.031856978,15.585176941],[46.031402431,15.585319871],[46.03130461,15.585348878],[46.031256924,15.585319871],[46.030752241,15.585137992],[46.030516592,15.585319871],[46.030513861,15.585851929],[46.030199872,15.586129225],[46.029754202,15.585851929],[46.029647504,15.585809171],[46.029513001,15.585851929],[46.029095135,15.586126233],[46.028542766,15.586044814],[46.028009974,15.586383986]]]}},{"type":"Feature","properties":{"lower":1546.875,"upper":1632.8125,"color":"#67166e"},"geometry":{"type":"Polygon","coordinates":[[[46.036552993,15.586117109],[46.036582492,15.586088695],[46.036427432,15.585851929],[46.036275928,15.585779414],[46.036154894,15.585735346],[46.036193327,15.585772366],[46.036275928,15.58580244],[46.036379323,15.585851929],[46.036552993,15.586117109]]]}},{"type":"Feature","properties":{"lower":1546.875,"upper":1632.8125,"color":"#67166e"},"geometry":{"type":"Polygon","coordinates":[[[46.037084874,15.585851929],[46.037115666,15.585851929],[46.037380665,15.585503664],[46.037585576,15.585319871],[46.037562133,15.584787811],[46.037380665,15.584595683],[46.037112722,15.584513843],[46.037079378,15.584545961],[46.037380665,15.584637986],[46.037522177,15.584787811],[46.037540459,15.585319871],[46.037380665,15.585463197],[46.037084874,15.585851929]]]}},{"type":"Feature","properties":{"lower":1546.875,"upper":1632.8125,"color":"#67166e"},"geometry":{"type":"Polygon","coordinates":[[[46.032509852,15.584884621],[46.032587272,15.584959195],[46.032587272,15.584787811],[46.032961716,15.584325937],[46.033035987,15.58425575],[46.032961716,15.584186111],[46.032409347,15.583931055],[46.031856978,15.583939019],[46.03130461,15.583894826],[46.030993405,15.583723688],[46.030913652,15.583568211],[46.030872388,15.583607958],[46.030931752,15.583723688],[46.03130461,15.583928731],[46.031856978,15.583981679],[46.032409347,15.584072339],[46.032868061,15.58425575],[46.032509852,15.584787811],[46.032509852,15.584884621]]]}},{"type":"Feature","properties":{"lower":1546.875,"upper":1632.8125,"color":"#67166e"},"geometry":{"type":"Polygon","coordinates":[[[46.034200465,15.584916897],[46.034238028,15.584953078],[46.034618822,15.584925901],[46.03517119,15.585166375],[46.035421617,15.585319871],[46.035446319,15.585319871],[46.03517119,15.585151233],[46.034618822,15.584887039],[46.034200465,15.584916897]]]}},{"type":"Feature","properties":{"lower":1546.875,"upper":1632.8125,"color":"#67166e"},"geometry":{"type":"Polygon","coordinates":[[[46.033795119,15.584526453],[46.033854521,15.584583672],[46.033854521,15.58425575],[46.034066453,15.584109435],[46.034382557,15.583723688],[46.034348951,15.583723688],[46.034066453,15.584068424],[46.033795119,15.58425575],[46.033795119,15.584526453]]]}},{"type":"Feature","properties":{"lower":1546.875,"upper":1632.8125,"color":"#67166e"},"geometry":{"type":"Polygon","coordinates":[[[46.03541142,15.583723688],[46.035723559,15.583829864],[46.036186188,15.58416931],[46.036140772,15.584125564],[46.035723559,15.583819441],[46.035442062,15.583723688],[46.03541142,15.583723688]]]}},{"type":"Feature","properties":{"lower":1546.875,"upper":1632.8125,"color":"#67166e"},"geometry":{"type":"Polygon","coordinates":[[[46.029043862,15.582127493],[46.029095135,15.582196233],[46.029179622,15.582127493],[46.029095135,15.582006882],[46.029043862,15.582127493]]]}},{"type":"Feature","properties":{"lower":1632.8125,"upper":1718.75,"color":"#6d186e"},"geometry":{"type":"Polygon","coordinates":[[[46.026707097,15.586383986],[46.02688566,15.586545875],[46.027195455,15.586383986],[46.02688566,15.586160071],[46.026707097,15.586383986]],[[46.02688566,15.586512338],[46.026744089,15.586383986],[46.02688566,15.586206458],[46.027131277,15.586383986],[46.02688566,15.586512338]]]}},{"type":"Feature","properties":{"lower":1632.8125,"upper":1718.75,"color":"#6d186e"},"geometry":{"type":"Polygon","coordinates":[[[46.027986104,15.586388121],[46.027990398,15.586383986],[46.028009974,15.586383986],[46.028542766,15.586044814],[46.029095135,15.586126233],[46.029513001,15.585851929],[46.029647504,15.585809171],[46.029754202,15.585851929],[46.030199872,15.586129225],[46.030513861,15.585851929],[46.030516592,15.585319871],[46.030752241,15.585137992],[46.031256924,15.585319871],[46.03130461,15.585348878],[46.031402431,15.585319871],[46.031856978,15.585176941],[46.032241497,15.58494949],[46.032370794,15.584824947],[46.031856978,15.58512888],[46.031331278,15.584787811],[46.03130461,15.584766542],[46.031288575,15.584787811],[46.030752241,15.585111141],[46.030481802,15.585319871],[46.030479371,15.585851929],[46.030199872,15.586098765],[46.029803156,15.585851929],[46.029647504,15.585789554],[46.02945129,15.585851929],[46.029095135,15.586085724],[46.028546154,15.585851929],[46.028546756,15.585319871],[46.028833353,15.584787811],[46.029095135,15.584466981],[46.029268215,15.58425575],[46.029205971,15.583723688],[46.0296153,15.583191624],[46.029647504,15.58316796],[46.030199872,15.58288889],[46.030199872,15.582847086],[46.029647504,15.583106187],[46.029531238,15.583191624],[46.029175184,15.583723688],[46.029232044,15.58425575],[46.029095135,15.584422836],[46.028797334,15.584787811],[46.028542766,15.585255987],[46.028442884,15.585319871],[46.027990398,15.585844447],[46.027986273,15.585851929],[46.027981439,15.586383986],[46.027986104,15.586388121]]]}},{"type":"Feature","properties":{"lower":1632.8125,"upper":1718.75,"color":"#6d186e"},"geometry":{"type":"Polygon","coordinates":[[[46.036582492,15.586088695],[46.036611991,15.58606028],[46.03647554,15.585851929],[46.036275928,15.585756387],[46.036116461,15.585698327],[46.036154894,15.585735346],[46.036275928,15.585779414],[46.036427432,15.585851929],[46.036582492,15.586088695]]]}},{"type":"Feature","properties":{"lower":1632.8125,"upper":1718.75,"color":"#6d186e"},"geometry":{"type":"Polygon","coordinates":[[[46.037054082,15.585851929],[46.037084874,15.585851929],[46.037380665,15.585463197],[46.037540459,15.585319871],[46.037522177,15.584787811],[46.037380665,15.584637986],[46.037079378,15.584545961],[46.037046034,15.584578079],[46.037380665,15.584680289],[46.037482222,15.584787811],[46.037495342,15.585319871],[46.037380665,15.585422729],[46.037054082,15.585851929]]]}},{"type":"Feature","properties":{"lower":1632.8125,"upper":1718.75,"color":"#6d186e"},"geometry":{"type":"Polygon","coordinates":[[[46.032432431,15.584810047],[46.032509852,15.584884621],[46.032509852,15.584787811],[46.032868061,15.58425575],[46.032409347,15.584072339],[46.031856978,15.583981679],[46.03130461,15.583928731],[46.030931752,15.583723688],[46.030872388,15.583607958],[46.030831123,15.583647705],[46.030870099,15.583723688],[46.03130461,15.583962635],[46.031856978,15.584024338],[46.032409347,15.584213624],[46.032514707,15.58425575],[46.032432431,15.584787811],[46.032432431,15.584810047]]]}},{"type":"Feature","properties":{"lower":1632.8125,"upper":1718.75,"color":"#6d186e"},"geometry":{"type":"Polygon","coordinates":[[[46.034162903,15.584880715],[46.034200465,15.584916897],[46.034618822,15.584887039],[46.03517119,15.585151233],[46.035446319,15.585319871],[46.035471022,15.585319871],[46.03517119,15.585136092],[46.034618822,15.584848177],[46.034162903,15.584880715]]]}},{"type":"Feature","properties":{"lower":1632.8125,"upper":1718.75,"color":"#6d186e"},"geometry":{"type":"Polygon","coordinates":[[[46.033854521,15.584583672],[46.033913924,15.58464089],[46.033913924,15.58425575],[46.034066453,15.584150446],[46.034416164,15.583723688],[46.034382557,15.583723688],[46.034066453,15.584109435],[46.033854521,15.58425575],[46.033854521,15.584583672]]]}},{"type":"Feature","properties":{"lower":1632.8125,"upper":1718.75,"color":"#6d186e"},"geometry":{"type":"Polygon","coordinates":[[[46.035380777,15.583723688],[46.035723559,15.583840287],[46.036231604,15.584213057],[46.036186188,15.58416931],[46.035723559,15.583829864],[46.03541142,15.583723688],[46.035380777,15.583723688]]]}},{"type":"Feature","properties":{"lower":1718.75,"upper":1804.6875,"color":"#741a6e"},"geometry":{"type":"Polygon","coordinates":[[[46.026744089,15.586383986],[46.02688566,15.586512338],[46.027131277,15.586383986],[46.02688566,15.586206458],[46.026744089,15.586383986]],[[46.02688566,15.5864788],[46.02678108,15.586383986],[46.02688566,15.586252845],[46.027067099,15.586383986],[46.02688566,15.5864788]]]}},{"type":"Feature","properties":{"lower":1718.75,"upper":1804.6875,"color":"#741a6e"},"geometry":{"type":"Polygon","coordinates":[[[46.028546154,15.585851929],[46.029095135,15.586085724],[46.02945129,15.585851929],[46.029647504,15.585789554],[46.029803156,15.585851929],[46.030199872,15.586098765],[46.030479371,15.585851929],[46.030481802,15.585319871],[46.030752241,15.585111141],[46.031288575,15.584787811],[46.03130461,15.584766542],[46.031331278,15.584787811],[46.031856978,15.58512888],[46.032370794,15.584824947],[46.032409347,15.584787811],[46.032432431,15.584810047],[46.032432431,15.584787811],[46.032514707,15.58425575],[46.032409347,15.584213624],[46.031856978,15.584024338],[46.03130461,15.583962635],[46.030870099,15.583723688],[46.030831123,15.583647705],[46.030789859,15.583687453],[46.030808447,15.583723688],[46.03130461,15.583996539],[46.031856978,15.584066997],[46.032333727,15.58425575],[46.032352323,15.584787811],[46.031856978,15.585080818],[46.031405357,15.584787811],[46.03130461,15.58470746],[46.031244034,15.584787811],[46.030752241,15.58508429],[46.030447012,15.585319871],[46.030444881,15.585851929],[46.030199872,15.586068306],[46.02985211,15.585851929],[46.029647504,15.585769936],[46.029389579,15.585851929],[46.029095135,15.586045214],[46.028641277,15.585851929],[46.028658778,15.585319871],[46.028869373,15.584787811],[46.029095135,15.584511125],[46.029304386,15.58425575],[46.029236759,15.583723688],[46.029647504,15.58321514],[46.029697187,15.583191624],[46.030199872,15.582930694],[46.030199872,15.58288889],[46.029647504,15.58316796],[46.0296153,15.583191624],[46.029205971,15.583723688],[46.029268215,15.58425575],[46.029095135,15.584466981],[46.028833353,15.584787811],[46.028546756,15.585319871],[46.028546154,15.585851929]]]}},{"type":"Feature","properties":{"lower":1718.75,"upper":1804.6875,"color":"#741a6e"},"geometry":{"type":"Polygon","coordinates":[[[46.036611991,15.58606028],[46.036641491,15.586031866],[46.036523648,15.585851929],[46.036275928,15.585733361],[46.036078029,15.585661307],[46.036116461,15.585698327],[46.036275928,15.585756387],[46.03647554,15.585851929],[46.036611991,15.58606028]]]}},{"type":"Feature","properties":{"lower":1718.75,"upper":1804.6875,"color":"#741a6e"},"geometry":{"type":"Polygon","coordinates":[[[46.037023289,15.585851929],[46.037054082,15.585851929],[46.037380665,15.585422729],[46.037495342,15.585319871],[46.037482222,15.584787811],[46.037380665,15.584680289],[46.037046034,15.584578079],[46.03701269,15.584610197],[46.037380665,15.584722591],[46.037442266,15.584787811],[46.037450224,15.585319871],[46.037380665,15.585382262],[46.037023289,15.585851929]]]}},{"type":"Feature","properties":{"lower":1718.75,"upper":1804.6875,"color":"#741a6e"},"geometry":{"type":"Polygon","coordinates":[[[46.034125341,15.584844534],[46.034162903,15.584880715],[46.034618822,15.584848177],[46.03517119,15.585136092],[46.035471022,15.585319871],[46.035495724,15.585319871],[46.03517119,15.585120951],[46.034618822,15.584809315],[46.034125341,15.584844534]]]}},{"type":"Feature","properties":{"lower":1718.75,"upper":1804.6875,"color":"#741a6e"},"geometry":{"type":"Polygon","coordinates":[[[46.033913924,15.58464089],[46.033973326,15.584698108],[46.033973326,15.58425575],[46.034066453,15.584191457],[46.034449771,15.583723688],[46.034416164,15.583723688],[46.034066453,15.584150446],[46.033913924,15.58425575],[46.033913924,15.58464089]]]}},{"type":"Feature","properties":{"lower":1718.75,"upper":1804.6875,"color":"#741a6e"},"geometry":{"type":"Polygon","coordinates":[[[46.036275586,15.58425575],[46.036275928,15.584256162],[46.03627832,15.584258055],[46.036275928,15.58425575],[46.036231604,15.584213057],[46.035723559,15.583840287],[46.035380777,15.583723688],[46.035350135,15.583723688],[46.035723559,15.58385071],[46.036275586,15.58425575]]]}},{"type":"Feature","properties":{"lower":1804.6875,"upper":1890.625,"color":"#7a1d6d"},"geometry":{"type":"Polygon","coordinates":[[[46.02678108,15.586383986],[46.02688566,15.5864788],[46.027067099,15.586383986],[46.02688566,15.586252845],[46.02678108,15.586383986]],[[46.02688566,15.586445263],[46.026818072,15.586383986],[46.02688566,15.586299231],[46.027002921,15.586383986],[46.02688566,15.586445263]]]}},{"type":"Feature","properties":{"lower":1804.6875,"upper":1890.625,"color":"#7a1d6d"},"geometry":{"type":"Polygon","coordinates":[[[46.028641277,15.585851929],[46.029095135,15.586045214],[46.029389579,15.585851929],[46.029647504,15.585769936],[46.02985211,15.585851929],[46.030199872,15.586068306],[46.030444881,15.585851929],[46.030447012,15.585319871],[46.030752241,15.58508429],[46.031244034,15.584787811],[46.03130461,15.58470746],[46.031405357,15.584787811],[46.031856978,15.585080818],[46.032352323,15.584787811],[46.032333727,15.58425575],[46.031856978,15.584066997],[46.03130461,15.583996539],[46.030808447,15.583723688],[46.030789859,15.583687453],[46.030752241,15.583723688],[46.030743085,15.583714869],[46.030748315,15.583723688],[46.030752241,15.583727736],[46.03130461,15.584030443],[46.031856978,15.584109656],[46.032225979,15.58425575],[46.032271073,15.584787811],[46.031856978,15.585032757],[46.031479435,15.584787811],[46.03130461,15.584648377],[46.031199493,15.584787811],[46.030752241,15.585057438],[46.030412223,15.585319871],[46.030410391,15.585851929],[46.030199872,15.586037847],[46.029901065,15.585851929],[46.029647504,15.585750318],[46.029327867,15.585851929],[46.029095135,15.586004704],[46.028736399,15.585851929],[46.028770799,15.585319871],[46.028905392,15.584787811],[46.029095135,15.584555269],[46.029340557,15.58425575],[46.029267546,15.583723688],[46.029647504,15.583253258],[46.029777722,15.583191624],[46.030199872,15.582972498],[46.030199872,15.582930694],[46.029697187,15.583191624],[46.029647504,15.58321514],[46.029236759,15.583723688],[46.029304386,15.58425575],[46.029095135,15.584511125],[46.028869373,15.584787811],[46.028658778,15.585319871],[46.028641277,15.585851929]]]}},{"type":"Feature","properties":{"lower":1804.6875,"upper":1890.625,"color":"#7a1d6d"},"geometry":{"type":"Polygon","coordinates":[[[46.036641491,15.586031866],[46.03667099,15.586003451],[46.036571757,15.585851929],[46.036275928,15.585710334],[46.036039596,15.585624287],[46.036078029,15.585661307],[46.036275928,15.585733361],[46.036523648,15.585851929],[46.036641491,15.586031866]]]}},{"type":"Feature","properties":{"lower":1804.6875,"upper":1890.625,"color":"#7a1d6d"},"geometry":{"type":"Polygon","coordinates":[[[46.036992497,15.585851929],[46.037023289,15.585851929],[46.037380665,15.585382262],[46.037450224,15.585319871],[46.037442266,15.584787811],[46.037380665,15.584722591],[46.03701269,15.584610197],[46.036979346,15.584642315],[46.037380665,15.584764894],[46.037402311,15.584787811],[46.037405107,15.585319871],[46.037380665,15.585341794],[46.036992497,15.585851929]]]}},{"type":"Feature","properties":{"lower":1804.6875,"upper":1890.625,"color":"#7a1d6d"},"geometry":{"type":"Polygon","coordinates":[[[46.034087778,15.584808353],[46.034125341,15.584844534],[46.034618822,15.584809315],[46.03517119,15.585120951],[46.035495724,15.585319871],[46.035520427,15.585319871],[46.03517119,15.58510581],[46.034630325,15.584787811],[46.034618822,15.584734728],[46.0343756,15.584787811],[46.034087778,15.584808353]]]}},{"type":"Feature","properties":{"lower":1804.6875,"upper":1890.625,"color":"#7a1d6d"},"geometry":{"type":"Polygon","coordinates":[[[46.033973326,15.584698108],[46.034032728,15.584755327],[46.034032728,15.58425575],[46.034066453,15.584232467],[46.034483377,15.583723688],[46.034449771,15.583723688],[46.034066453,15.584191457],[46.033973326,15.58425575],[46.033973326,15.584698108]]]}},{"type":"Feature","properties":{"lower":1804.6875,"upper":1890.625,"color":"#7a1d6d"},"geometry":{"type":"Polygon","coordinates":[[[46.03626138,15.58425575],[46.036275928,15.584273273],[46.036377773,15.584353851],[46.03627832,15.584258055],[46.036275928,15.584256162],[46.036275586,15.58425575],[46.035723559,15.58385071],[46.035350135,15.583723688],[46.035319492,15.583723688],[46.035723559,15.583861133],[46.03626138,15.58425575]]]}},{"type":"Feature","properties":{"lower":1890.625,"upper":1976.5625,"color":"#801f6c"},"geometry":{"type":"Polygon","coordinates":[[[46.026818072,15.586383986],[46.02688566,15.586445263],[46.027002921,15.586383986],[46.02688566,15.586299231],[46.026818072,15.586383986]],[[46.02688566,15.586411726],[46.026855064,15.586383986],[46.02688566,15.586345618],[46.026938743,15.586383986],[46.02688566,15.586411726]]]}},{"type":"Feature","properties":{"lower":1890.625,"upper":1976.5625,"color":"#801f6c"},"geometry":{"type":"Polygon","coordinates":[[[46.028736399,15.585851929],[46.029095135,15.586004704],[46.029327867,15.585851929],[46.029647504,15.585750318],[46.029901065,15.585851929],[46.030199872,15.586037847],[46.030410391,15.585851929],[46.030412223,15.585319871],[46.030752241,15.585057438],[46.031199493,15.584787811],[46.03130461,15.584648377],[46.031479435,15.584787811],[46.031856978,15.585032757],[46.032271073,15.584787811],[46.032225979,15.58425575],[46.031856978,15.584109656],[46.03130461,15.584030443],[46.030752241,15.583727736],[46.030748315,15.583723688],[46.030743085,15.583714869],[46.030639453,15.583615047],[46.030703875,15.583723688],[46.030752241,15.583773551],[46.03130461,15.584064347],[46.031856978,15.584152315],[46.032118232,15.58425575],[46.032189822,15.584787811],[46.031856978,15.584984696],[46.031553514,15.584787811],[46.03130461,15.584589295],[46.031154953,15.584787811],[46.030752241,15.585030587],[46.030377433,15.585319871],[46.030375901,15.585851929],[46.030199872,15.586007388],[46.029950019,15.585851929],[46.029647504,15.585730701],[46.029266156,15.585851929],[46.029095135,15.585964194],[46.028831521,15.585851929],[46.028882821,15.585319871],[46.028941411,15.584787811],[46.029095135,15.584599413],[46.029376729,15.58425575],[46.029298333,15.583723688],[46.029647504,15.583291376],[46.029858258,15.583191624],[46.030199872,15.583014302],[46.030199872,15.582972498],[46.029777722,15.583191624],[46.029647504,15.583253258],[46.029267546,15.583723688],[46.029340557,15.58425575],[46.029095135,15.584555269],[46.028905392,15.584787811],[46.028770799,15.585319871],[46.028736399,15.585851929]]]}},{"type":"Feature","properties":{"lower":1890.625,"upper":1976.5625,"color":"#801f6c"},"geometry":{"type":"Polygon","coordinates":[[[46.03667099,15.586003451],[46.036700489,15.585975036],[46.036619865,15.585851929],[46.036275928,15.585687308],[46.036001163,15.585587268],[46.036039596,15.585624287],[46.036275928,15.585710334],[46.036571757,15.585851929],[46.03667099,15.586003451]]]}},{"type":"Feature","properties":{"lower":1890.625,"upper":1976.5625,"color":"#801f6c"},"geometry":{"type":"Polygon","coordinates":[[[46.036961705,15.585851929],[46.036992497,15.585851929],[46.037380665,15.585341794],[46.037405107,15.585319871],[46.037402311,15.584787811],[46.037380665,15.584764894],[46.036979346,15.584642315],[46.036946002,15.584674433],[46.037317198,15.584787811],[46.037327829,15.585319871],[46.036961705,15.585851929]]]}},{"type":"Feature","properties":{"lower":1890.625,"upper":1976.5625,"color":"#801f6c"},"geometry":{"type":"Polygon","coordinates":[[[46.034066453,15.584787811],[46.034087778,15.584808353],[46.0343756,15.584787811],[46.034618822,15.584734728],[46.034630325,15.584787811],[46.03517119,15.58510581],[46.035520427,15.585319871],[46.03554513,15.585319871],[46.03517119,15.585090669],[46.034656077,15.584787811],[46.034618822,15.584615883],[46.034135411,15.58425575],[46.034516984,15.583723688],[46.034483377,15.583723688],[46.034066453,15.584232467],[46.034032728,15.58425575],[46.034032728,15.584755327],[46.034066453,15.584787811]]]}},{"type":"Feature","properties":{"lower":1890.625,"upper":1976.5625,"color":"#801f6c"},"geometry":{"type":"Polygon","coordinates":[[[46.036247175,15.58425575],[46.036275928,15.584290383],[46.036477225,15.584449647],[46.036377773,15.584353851],[46.036275928,15.584273273],[46.03626138,15.58425575],[46.035723559,15.583861133],[46.035319492,15.583723688],[46.03528885,15.583723688],[46.035723559,15.583871557],[46.036247175,15.58425575]]]}},{"type":"Feature","properties":{"lower":1976.5625,"upper":2062.5,"color":"#87216b"},"geometry":{"type":"Polygon","coordinates":[[[46.026855064,15.586383986],[46.02688566,15.586411726],[46.026938743,15.586383986],[46.02688566,15.586345618],[46.026855064,15.586383986]]]}},{"type":"Feature","properties":{"lower":1976.5625,"upper":2062.5,"color":"#87216b"},"geometry":{"type":"Polygon","coordinates":[[[46.028831521,15.585851929],[46.029095135,15.585964194],[46.029266156,15.585851929],[46.029647504,15.585730701],[46.029950019,15.585851929],[46.030199872,15.586007388],[46.030375901,15.585851929],[46.030377433,15.585319871],[46.030752241,15.585030587],[46.031154953,15.584787811],[46.03130461,15.584589295],[46.031553514,15.584787811],[46.031856978,15.584984696],[46.032189822,15.584787811],[46.032118232,15.58425575],[46.031856978,15.584152315],[46.03130461,15.584064347],[46.030752241,15.583773551],[46.030703875,15.583723688],[46.030639453,15.583615047],[46.030535822,15.583515225],[46.030659436,15.583723688],[46.030752241,15.583819366],[46.03130461,15.584098251],[46.031856978,15.584194975],[46.032010485,15.58425575],[46.032108572,15.584787811],[46.031856978,15.584936634],[46.031627593,15.584787811],[46.03130461,15.584530213],[46.031110412,15.584787811],[46.030752241,15.585003735],[46.030342643,15.585319871],[46.030341412,15.585851929],[46.030199872,15.585976928],[46.029998973,15.585851929],[46.029647504,15.585711083],[46.029204445,15.585851929],[46.029095135,15.585923685],[46.028926644,15.585851929],[46.028994842,15.585319871],[46.028977431,15.584787811],[46.029095135,15.584643557],[46.0294129,15.58425575],[46.029329121,15.583723688],[46.029647504,15.583329495],[46.029938794,15.583191624],[46.030199872,15.583056106],[46.030199872,15.583014302],[46.029858258,15.583191624],[46.029647504,15.583291376],[46.029298333,15.583723688],[46.029376729,15.58425575],[46.029095135,15.584599413],[46.028941411,15.584787811],[46.028882821,15.585319871],[46.028831521,15.585851929]]]}},{"type":"Feature","properties":{"lower":1976.5625,"upper":2062.5,"color":"#87216b"},"geometry":{"type":"Polygon","coordinates":[[[46.036700489,15.585975036],[46.036729989,15.585946622],[46.036667973,15.585851929],[46.036275928,15.585664281],[46.03596273,15.585550248],[46.036001163,15.585587268],[46.036275928,15.585687308],[46.036619865,15.585851929],[46.036700489,15.585975036]]]}},{"type":"Feature","properties":{"lower":1976.5625,"upper":2062.5,"color":"#87216b"},"geometry":{"type":"Polygon","coordinates":[[[46.036930913,15.585851929],[46.036961705,15.585851929],[46.037327829,15.585319871],[46.037317198,15.584787811],[46.036946002,15.584674433],[46.036912658,15.584706551],[46.037178701,15.584787811],[46.037212531,15.585319871],[46.036930913,15.585851929]]]}},{"type":"Feature","properties":{"lower":1976.5625,"upper":2062.5,"color":"#87216b"},"geometry":{"type":"Polygon","coordinates":[[[46.034656077,15.584787811],[46.03517119,15.585090669],[46.03554513,15.585319871],[46.035569832,15.585319871],[46.03517119,15.585075527],[46.03468183,15.584787811],[46.034618822,15.584497038],[46.034294938,15.58425575],[46.034550591,15.583723688],[46.034516984,15.583723688],[46.034135411,15.58425575],[46.034618822,15.584615883],[46.034656077,15.584787811]]]}},{"type":"Feature","properties":{"lower":1976.5625,"upper":2062.5,"color":"#87216b"},"geometry":{"type":"Polygon","coordinates":[[[46.036232969,15.58425575],[46.036275928,15.584307494],[46.036576677,15.584545443],[46.036477225,15.584449647],[46.036275928,15.584290383],[46.036247175,15.58425575],[46.035723559,15.583871557],[46.03528885,15.583723688],[46.035258207,15.583723688],[46.035723559,15.58388198],[46.036232969,15.58425575]]]}},{"type":"Feature","properties":{"lower":2062.5,"upper":2148.4375,"color":"#8d2369"},"geometry":{"type":"Polygon","coordinates":[[[46.028926644,15.585851929],[46.029095135,15.585923685],[46.029204445,15.585851929],[46.029647504,15.585711083],[46.029998973,15.585851929],[46.030199872,15.585976928],[46.030341412,15.585851929],[46.030342643,15.585319871],[46.030752241,15.585003735],[46.031110412,15.584787811],[46.03130461,15.584530213],[46.031627593,15.584787811],[46.031856978,15.584936634],[46.032108572,15.584787811],[46.032010485,15.58425575],[46.031856978,15.584194975],[46.03130461,15.584098251],[46.030752241,15.583819366],[46.030659436,15.583723688],[46.030535822,15.583515225],[46.030432191,15.583415403],[46.030614996,15.583723688],[46.030752241,15.583865181],[46.03130461,15.584132155],[46.031856978,15.584237634],[46.031902737,15.58425575],[46.032027321,15.584787811],[46.031856978,15.584888573],[46.031701671,15.584787811],[46.03130461,15.584471131],[46.031065871,15.584787811],[46.030752241,15.584976884],[46.030307853,15.585319871],[46.030306922,15.585851929],[46.030199872,15.585946469],[46.030047928,15.585851929],[46.029647504,15.585691465],[46.029142734,15.585851929],[46.029095135,15.585883175],[46.029021766,15.585851929],[46.029095135,15.585383463],[46.029098171,15.585319871],[46.029095135,15.585296391],[46.02901345,15.584787811],[46.029095135,15.584687701],[46.029449071,15.58425575],[46.029359908,15.583723688],[46.029647504,15.583367613],[46.03001933,15.583191624],[46.030199872,15.58309791],[46.030199872,15.583056106],[46.029938794,15.583191624],[46.029647504,15.583329495],[46.029329121,15.583723688],[46.0294129,15.58425575],[46.029095135,15.584643557],[46.028977431,15.584787811],[46.028994842,15.585319871],[46.028926644,15.585851929]]]}},{"type":"Feature","properties":{"lower":2062.5,"upper":2148.4375,"color":"#8d2369"},"geometry":{"type":"Polygon","coordinates":[[[46.036729989,15.585946622],[46.036759488,15.585918207],[46.036716082,15.585851929],[46.036275928,15.585641255],[46.035924297,15.585513228],[46.03596273,15.585550248],[46.036275928,15.585664281],[46.036667973,15.585851929],[46.036729989,15.585946622]]]}},{"type":"Feature","properties":{"lower":2062.5,"upper":2148.4375,"color":"#8d2369"},"geometry":{"type":"Polygon","coordinates":[[[46.03690012,15.585851929],[46.036930913,15.585851929],[46.037212531,15.585319871],[46.037178701,15.584787811],[46.036912658,15.584706551],[46.036879314,15.584738669],[46.037040205,15.584787811],[46.037097233,15.585319871],[46.03690012,15.585851929]]]}},{"type":"Feature","properties":{"lower":2062.5,"upper":2148.4375,"color":"#8d2369"},"geometry":{"type":"Polygon","coordinates":[[[46.03468183,15.584787811],[46.03517119,15.585075527],[46.035569832,15.585319871],[46.035594535,15.585319871],[46.03517119,15.585060386],[46.034707583,15.584787811],[46.034618822,15.584378193],[46.034454466,15.58425575],[46.034584198,15.583723688],[46.034550591,15.583723688],[46.034294938,15.58425575],[46.034618822,15.584497038],[46.03468183,15.584787811]]]}},{"type":"Feature","properties":{"lower":2062.5,"upper":2148.4375,"color":"#8d2369"},"geometry":{"type":"Polygon","coordinates":[[[46.036218763,15.58425575],[46.036275928,15.584324604],[46.036676129,15.584641239],[46.036576677,15.584545443],[46.036275928,15.584307494],[46.036232969,15.58425575],[46.035723559,15.58388198],[46.035258207,15.583723688],[46.035227565,15.583723688],[46.035723559,15.583892403],[46.036218763,15.58425575]]]}},{"type":"Feature","properties":{"lower":2148.4375,"upper":2234.375,"color":"#932667"},"geometry":{"type":"Polygon","coordinates":[[[46.029021766,15.585851929],[46.029095135,15.585883175],[46.029142734,15.585851929],[46.029647504,15.585691465],[46.030047928,15.585851929],[46.030199872,15.585946469],[46.030306922,15.585851929],[46.030307853,15.585319871],[46.030752241,15.584976884],[46.031065871,15.584787811],[46.03130461,15.584471131],[46.031701671,15.584787811],[46.031856978,15.584888573],[46.032027321,15.584787811],[46.031902737,15.58425575],[46.031856978,15.584237634],[46.03130461,15.584132155],[46.030752241,15.583865181],[46.030614996,15.583723688],[46.030432191,15.583415403],[46.030328559,15.583315581],[46.030570557,15.583723688],[46.030752241,15.583910996],[46.03130461,15.584166059],[46.03175831,15.58425575],[46.03130461,15.584412049],[46.03102133,15.584787811],[46.030752241,15.584950032],[46.030273063,15.585319871],[46.030272432,15.585851929],[46.030199872,15.58591601],[46.030096882,15.585851929],[46.029647504,15.585671848],[46.029127173,15.585319871],[46.029095135,15.585072131],[46.029049469,15.584787811],[46.029095135,15.584731845],[46.029485243,15.58425575],[46.029390695,15.583723688],[46.029647504,15.583405731],[46.030099865,15.583191624],[46.030199872,15.583139714],[46.030199872,15.58309791],[46.03001933,15.583191624],[46.029647504,15.583367613],[46.029359908,15.583723688],[46.029449071,15.58425575],[46.029095135,15.584687701],[46.02901345,15.584787811],[46.029095135,15.585296391],[46.029098171,15.585319871],[46.029095135,15.585383463],[46.029021766,15.585851929]],[[46.031856978,15.584840511],[46.03177575,15.584787811],[46.031856978,15.584438845],[46.031946071,15.584787811],[46.031856978,15.584840511]]]}},{"type":"Feature","properties":{"lower":2148.4375,"upper":2234.375,"color":"#932667"},"geometry":{"type":"Polygon","coordinates":[[[46.036759488,15.585918207],[46.036788987,15.585889793],[46.03676419,15.585851929],[46.036275928,15.585618228],[46.035885865,15.585476209],[46.035924297,15.585513228],[46.036275928,15.585641255],[46.036716082,15.585851929],[46.036759488,15.585918207]]]}},{"type":"Feature","properties":{"lower":2148.4375,"upper":2234.375,"color":"#932667"},"geometry":{"type":"Polygon","coordinates":[[[46.036869328,15.585851929],[46.03690012,15.585851929],[46.037097233,15.585319871],[46.037040205,15.584787811],[46.036879314,15.584738669],[46.036845971,15.584770787],[46.036901708,15.584787811],[46.036981935,15.585319871],[46.036869328,15.585851929]]]}},{"type":"Feature","properties":{"lower":2148.4375,"upper":2234.375,"color":"#932667"},"geometry":{"type":"Polygon","coordinates":[[[46.034707583,15.584787811],[46.03517119,15.585060386],[46.035594535,15.585319871],[46.035619237,15.585319871],[46.03517119,15.585045245],[46.034733336,15.584787811],[46.034618822,15.584259348],[46.034613993,15.58425575],[46.034617804,15.583723688],[46.034584198,15.583723688],[46.034454466,15.58425575],[46.034618822,15.584378193],[46.034707583,15.584787811]]]}},{"type":"Feature","properties":{"lower":2148.4375,"upper":2234.375,"color":"#932667"},"geometry":{"type":"Polygon","coordinates":[[[46.036204557,15.58425575],[46.036275928,15.584341715],[46.036775581,15.584737034],[46.036676129,15.584641239],[46.036275928,15.584324604],[46.036218763,15.58425575],[46.035723559,15.583892403],[46.035227565,15.583723688],[46.035196922,15.583723688],[46.035723559,15.583902826],[46.036204557,15.58425575]]]}},{"type":"Feature","properties":{"lower":2234.375,"upper":2320.3125,"color":"#9a2865"},"geometry":{"type":"Polygon","coordinates":[[[46.030096882,15.585851929],[46.030199872,15.58591601],[46.030272432,15.585851929],[46.030273063,15.585319871],[46.030752241,15.584950032],[46.03102133,15.584787811],[46.03130461,15.584412049],[46.03175831,15.58425575],[46.03130461,15.584166059],[46.030752241,15.583910996],[46.030570557,15.583723688],[46.030328559,15.583315581],[46.030224928,15.583215759],[46.030526118,15.583723688],[46.030752241,15.583956811],[46.03130461,15.584199964],[46.031586807,15.58425575],[46.03130461,15.584352966],[46.03097679,15.584787811],[46.030752241,15.584923181],[46.030238274,15.585319871],[46.030237942,15.585851929],[46.030199872,15.58588555],[46.030145836,15.585851929],[46.029647504,15.58565223],[46.029156174,15.585319871],[46.029095135,15.584847871],[46.029085489,15.584787811],[46.029095135,15.584775989],[46.029521414,15.58425575],[46.029421483,15.583723688],[46.029647504,15.583443849],[46.030180401,15.583191624],[46.030199872,15.583181517],[46.030199872,15.583139714],[46.030099865,15.583191624],[46.029647504,15.583405731],[46.029390695,15.583723688],[46.029485243,15.58425575],[46.029095135,15.584731845],[46.029049469,15.584787811],[46.029095135,15.585072131],[46.029127173,15.585319871],[46.029647504,15.585671848],[46.030096882,15.585851929]]]}},{"type":"Feature","properties":{"lower":2234.375,"upper":2320.3125,"color":"#9a2865"},"geometry":{"type":"Polygon","coordinates":[[[46.036788987,15.585889793],[46.036818487,15.585861378],[46.036812298,15.585851929],[46.036275928,15.585595202],[46.035847432,15.585439189],[46.035885865,15.585476209],[46.036275928,15.585618228],[46.03676419,15.585851929],[46.036788987,15.585889793]]]}},{"type":"Feature","properties":{"lower":2234.375,"upper":2320.3125,"color":"#9a2865"},"geometry":{"type":"Polygon","coordinates":[[[46.036838536,15.585851929],[46.036869328,15.585851929],[46.036981935,15.585319871],[46.036901708,15.584787811],[46.036845971,15.584770787],[46.036828296,15.584787811],[46.036775581,15.584737034],[46.036275928,15.584341715],[46.036204557,15.58425575],[46.035723559,15.583902826],[46.035196922,15.583723688],[46.03517119,15.583723688],[46.034618822,15.583723688],[46.034617804,15.583723688],[46.034613993,15.58425575],[46.034618822,15.584259348],[46.034733336,15.584787811],[46.03517119,15.585045245],[46.035619237,15.585319871],[46.03564394,15.585319871],[46.03517119,15.585030104],[46.034759089,15.584787811],[46.034663164,15.58425575],[46.03517119,15.583731254],[46.035723559,15.583913249],[46.036190352,15.58425575],[46.036275928,15.584358825],[46.036818133,15.584787811],[46.036828296,15.585099392],[46.036866637,15.585319871],[46.036838536,15.585851929]]]}},{"type":"Feature","properties":{"lower":2234.375,"upper":2320.3125,"color":"#9a2865"},"geometry":{"type":"Polygon","coordinates":[[[46.03177575,15.584787811],[46.031856978,15.584840511],[46.031946071,15.584787811],[46.031856978,15.584438845],[46.03177575,15.584787811]],[[46.031856978,15.58479245],[46.031849829,15.584787811],[46.031856978,15.584757096],[46.03186482,15.584787811],[46.031856978,15.58479245]]]}},{"type":"Feature","properties":{"lower":2320.3125,"upper":2406.25,"color":"#a02a63"},"geometry":{"type":"Polygon","coordinates":[[[46.030145836,15.585851929],[46.030199872,15.58588555],[46.030237942,15.585851929],[46.030238274,15.585319871],[46.030752241,15.584923181],[46.03097679,15.584787811],[46.03130461,15.584352966],[46.031586807,15.58425575],[46.03130461,15.584199964],[46.030752241,15.583956811],[46.030526118,15.583723688],[46.030224928,15.583215759],[46.030199872,15.583191624],[46.030199872,15.583181517],[46.030180401,15.583191624],[46.029647504,15.583443849],[46.029421483,15.583723688],[46.029521414,15.58425575],[46.029095135,15.584775989],[46.029085489,15.584787811],[46.029095135,15.584847871],[46.029156174,15.585319871],[46.029647504,15.58565223],[46.030145836,15.585851929]],[[46.030199872,15.585855091],[46.03019479,15.585851929],[46.029647504,15.585632612],[46.029185175,15.585319871],[46.029119391,15.584787811],[46.029557585,15.58425575],[46.02945227,15.583723688],[46.029647504,15.583481967],[46.030199872,15.583248448],[46.030481678,15.583723688],[46.030752241,15.584002626],[46.03130461,15.584233868],[46.031415303,15.58425575],[46.03130461,15.584293884],[46.030932249,15.584787811],[46.030752241,15.584896329],[46.030203484,15.585319871],[46.030203453,15.585851929],[46.030199872,15.585855091]]]}},{"type":"Feature","properties":{"lower":2320.3125,"upper":2406.25,"color":"#a02a63"},"geometry":{"type":"Polygon","coordinates":[[[46.036818487,15.585861378],[46.036828296,15.585851929],[46.036838536,15.585851929],[46.036866637,15.585319871],[46.036828296,15.585099392],[46.036818133,15.584787811],[46.036275928,15.584358825],[46.036190352,15.58425575],[46.035723559,15.583913249],[46.03517119,15.583731254],[46.034663164,15.58425575],[46.034759089,15.584787811],[46.03517119,15.585030104],[46.03564394,15.585319871],[46.035668643,15.585319871],[46.03517119,15.585014962],[46.034784842,15.584787811],[46.034708891,15.58425575],[46.03517119,15.583778463],[46.035723559,15.583923672],[46.036176146,15.58425575],[46.036275928,15.584375936],[46.036796507,15.584787811],[46.03679658,15.585319871],[46.036275928,15.585572175],[46.035808999,15.58540217],[46.035847432,15.585439189],[46.036275928,15.585595202],[46.036812298,15.585851929],[46.036818487,15.585861378]]]}},{"type":"Feature","properties":{"lower":2320.3125,"upper":2406.25,"color":"#a02a63"},"geometry":{"type":"Polygon","coordinates":[[[46.031849829,15.584787811],[46.031856978,15.58479245],[46.03186482,15.584787811],[46.031856978,15.584757096],[46.031849829,15.584787811]]]}},{"type":"Feature","properties":{"lower":2406.25,"upper":2492.1875,"color":"#a62d60"},"geometry":{"type":"Polygon","coordinates":[[[46.03019479,15.585851929],[46.030199872,15.585855091],[46.030203453,15.585851929],[46.030203484,15.585319871],[46.030752241,15.584896329],[46.030932249,15.584787811],[46.03130461,15.584293884],[46.031415303,15.58425575],[46.03130461,15.584233868],[46.030752241,15.584002626],[46.030481678,15.583723688],[46.030199872,15.583248448],[46.029647504,15.583481967],[46.02945227,15.583723688],[46.029557585,15.58425575],[46.029119391,15.584787811],[46.029185175,15.585319871],[46.029647504,15.585632612],[46.03019479,15.585851929]],[[46.029647504,15.585612995],[46.029214176,15.585319871],[46.029152518,15.584787811],[46.029593756,15.58425575],[46.029483058,15.583723688],[46.029647504,15.583520086],[46.030199872,15.583323391],[46.030437239,15.583723688],[46.030752241,15.584048441],[46.031264472,15.58425575],[46.030887708,15.584787811],[46.030752241,15.584869478],[46.030199872,15.585294647],[46.030168617,15.585319871],[46.029647504,15.585612995]]]}},{"type":"Feature","properties":{"lower":2406.25,"upper":2492.1875,"color":"#a62d60"},"geometry":{"type":"Polygon","coordinates":[[[46.035770566,15.58536515],[46.035808999,15.58540217],[46.036275928,15.585572175],[46.03679658,15.585319871],[46.036796507,15.584787811],[46.036275928,15.584375936],[46.036176146,15.58425575],[46.035723559,15.583923672],[46.03517119,15.583778463],[46.034708891,15.58425575],[46.034784842,15.584787811],[46.03517119,15.585014962],[46.035668643,15.585319871],[46.035693345,15.585319871],[46.03517119,15.584999821],[46.034810595,15.584787811],[46.034754618,15.58425575],[46.03517119,15.583825673],[46.035723559,15.583934096],[46.03616194,15.58425575],[46.036275928,15.584393046],[46.036774881,15.584787811],[46.036749063,15.585319871],[46.036275928,15.585549149],[46.035770566,15.58536515]]]}},{"type":"Feature","properties":{"lower":2492.1875,"upper":2578.125,"color":"#ad305d"},"geometry":{"type":"Polygon","coordinates":[[[46.029214176,15.585319871],[46.029647504,15.585612995],[46.030168617,15.585319871],[46.030199872,15.585294647],[46.030752241,15.584869478],[46.030887708,15.584787811],[46.031264472,15.58425575],[46.030752241,15.584048441],[46.030437239,15.583723688],[46.030199872,15.583323391],[46.029647504,15.583520086],[46.029483058,15.583723688],[46.029593756,15.58425575],[46.029152518,15.584787811],[46.029214176,15.585319871]],[[46.029647504,15.585593377],[46.029243177,15.585319871],[46.029185646,15.584787811],[46.029629928,15.58425575],[46.029513845,15.583723688],[46.029647504,15.583558204],[46.030199872,15.583398334],[46.030392799,15.583723688],[46.030752241,15.584094256],[46.03115127,15.58425575],[46.030843167,15.584787811],[46.030752241,15.584842626],[46.030199872,15.585266501],[46.03013374,15.585319871],[46.029647504,15.585593377]]]}},{"type":"Feature","properties":{"lower":2492.1875,"upper":2578.125,"color":"#ad305d"},"geometry":{"type":"Polygon","coordinates":[[[46.035732134,15.58532813],[46.035770566,15.58536515],[46.036275928,15.585549149],[46.036749063,15.585319871],[46.036774881,15.584787811],[46.036275928,15.584393046],[46.03616194,15.58425575],[46.035723559,15.583934096],[46.03517119,15.583825673],[46.034754618,15.58425575],[46.034810595,15.584787811],[46.03517119,15.584999821],[46.035693345,15.585319871],[46.035718048,15.585319871],[46.03517119,15.58498468],[46.034836348,15.584787811],[46.034800345,15.58425575],[46.03517119,15.583872882],[46.035723559,15.583944519],[46.036147735,15.58425575],[46.036275928,15.584410157],[46.036753254,15.584787811],[46.036701546,15.585319871],[46.036275928,15.585526123],[46.035732134,15.58532813]]]}},{"type":"Feature","properties":{"lower":2578.125,"upper":2664.0625,"color":"#b3325a"},"geometry":{"type":"Polygon","coordinates":[[[46.029243177,15.585319871],[46.029647504,15.585593377],[46.03013374,15.585319871],[46.030199872,15.585266501],[46.030752241,15.584842626],[46.030843167,15.584787811],[46.03115127,15.58425575],[46.030752241,15.584094256],[46.030392799,15.583723688],[46.030199872,15.583398334],[46.029647504,15.583558204],[46.029513845,15.583723688],[46.029629928,15.58425575],[46.029185646,15.584787811],[46.029243177,15.585319871]],[[46.029647504,15.585573759],[46.029272178,15.585319871],[46.029218773,15.584787811],[46.029647504,15.584276078],[46.029740944,15.58425575],[46.029647504,15.584184804],[46.029544632,15.583723688],[46.029647504,15.583596322],[46.030199872,15.583473278],[46.03034836,15.583723688],[46.030752241,15.584140071],[46.031038068,15.58425575],[46.030798627,15.584787811],[46.030752241,15.584815775],[46.030199872,15.585238356],[46.030098864,15.585319871],[46.029647504,15.585573759]]]}},{"type":"Feature","properties":{"lower":2578.125,"upper":2664.0625,"color":"#b3325a"},"geometry":{"type":"Polygon","coordinates":[[[46.035723559,15.585319871],[46.035732134,15.58532813],[46.036275928,15.585526123],[46.036701546,15.585319871],[46.036753254,15.584787811],[46.036275928,15.584410157],[46.036147735,15.58425575],[46.035723559,15.583944519],[46.03517119,15.583872882],[46.034800345,15.58425575],[46.034836348,15.584787811],[46.03517119,15.58498468],[46.035718048,15.585319871],[46.035723559,15.585319871]],[[46.036275928,15.585503096],[46.035772692,15.585319871],[46.035723559,15.585305923],[46.03517119,15.584969539],[46.0348621,15.584787811],[46.034846072,15.58425575],[46.03517119,15.583920091],[46.035723559,15.583954942],[46.036133529,15.58425575],[46.036275928,15.584427267],[46.036731628,15.584787811],[46.036654029,15.585319871],[46.036275928,15.585503096]]]}},{"type":"Feature","properties":{"lower":2664.0625,"upper":2750.0,"color":"#b93556"},"geometry":{"type":"Polygon","coordinates":[[[46.029272178,15.585319871],[46.029647504,15.585573759],[46.030098864,15.585319871],[46.030199872,15.585238356],[46.030752241,15.584815775],[46.030798627,15.584787811],[46.031038068,15.58425575],[46.030752241,15.584140071],[46.03034836,15.583723688],[46.030199872,15.583473278],[46.029647504,15.583596322],[46.029544632,15.583723688],[46.029647504,15.584184804],[46.029740944,15.58425575],[46.029647504,15.584276078],[46.029218773,15.584787811],[46.029272178,15.585319871]],[[46.029647504,15.585554141],[46.029301179,15.585319871],[46.029251901,15.584787811],[46.029647504,15.584315619],[46.029922704,15.58425575],[46.029647504,15.584046802],[46.02957542,15.583723688],[46.029647504,15.58363444],[46.030199872,15.583548221],[46.030303921,15.583723688],[46.030752241,15.584185886],[46.030924865,15.58425575],[46.030754086,15.584787811],[46.030752241,15.584788924],[46.030199872,15.58521021],[46.030063988,15.585319871],[46.029647504,15.585554141]]]}},{"type":"Feature","properties":{"lower":2664.0625,"upper":2750.0,"color":"#b93556"},"geometry":{"type":"Polygon","coordinates":[[[46.035772692,15.585319871],[46.036275928,15.585503096],[46.036654029,15.585319871],[46.036731628,15.584787811],[46.036275928,15.584427267],[46.036133529,15.58425575],[46.035723559,15.583954942],[46.03517119,15.583920091],[46.034846072,15.58425575],[46.0348621,15.584787811],[46.03517119,15.584969539],[46.035723559,15.585305923],[46.035772692,15.585319871]],[[46.036275928,15.58548007],[46.035835936,15.585319871],[46.035723559,15.585287971],[46.03517119,15.584954398],[46.034887853,15.584787811],[46.034891799,15.58425575],[46.03517119,15.583967301],[46.035723559,15.583965365],[46.036119323,15.58425575],[46.036275928,15.584444377],[46.036710002,15.584787811],[46.036606512,15.585319871],[46.036275928,15.58548007]]]}},{"type":"Feature","properties":{"lower":2750.0,"upper":2835.9375,"color":"#bf3952"},"geometry":{"type":"Polygon","coordinates":[[[46.029301179,15.585319871],[46.029647504,15.585554141],[46.030063988,15.585319871],[46.030199872,15.58521021],[46.030752241,15.584788924],[46.030754086,15.584787811],[46.030924865,15.58425575],[46.030752241,15.584185886],[46.030303921,15.583723688],[46.030199872,15.583548221],[46.029647504,15.58363444],[46.02957542,15.583723688],[46.029647504,15.584046802],[46.029922704,15.58425575],[46.029647504,15.584315619],[46.029251901,15.584787811],[46.029301179,15.585319871]],[[46.029647504,15.585534524],[46.02933018,15.585319871],[46.029285029,15.584787811],[46.029647504,15.584355161],[46.030104463,15.58425575],[46.029647504,15.583908799],[46.029606207,15.583723688],[46.029647504,15.583672558],[46.030199872,15.583623163],[46.030259481,15.583723688],[46.030752241,15.584231701],[46.030811663,15.58425575],[46.030752241,15.584444015],[46.030716862,15.584787811],[46.030199872,15.585182065],[46.030029112,15.585319871],[46.029647504,15.585534524]]]}},{"type":"Feature","properties":{"lower":2750.0,"upper":2835.9375,"color":"#bf3952"},"geometry":{"type":"Polygon","coordinates":[[[46.035835936,15.585319871],[46.036275928,15.58548007],[46.036606512,15.585319871],[46.036710002,15.584787811],[46.036275928,15.584444377],[46.036119323,15.58425575],[46.035723559,15.583965365],[46.03517119,15.583967301],[46.034891799,15.58425575],[46.034887853,15.584787811],[46.03517119,15.584954398],[46.035723559,15.585287971],[46.035835936,15.585319871]],[[46.036275928,15.585457043],[46.035899179,15.585319871],[46.035723559,15.585270018],[46.03517119,15.584939256],[46.034913606,15.584787811],[46.034937525,15.58425575],[46.03517119,15.58401451],[46.035723559,15.583975788],[46.036105118,15.58425575],[46.036275928,15.584461488],[46.036688375,15.584787811],[46.036558994,15.585319871],[46.036275928,15.585457043]]]}},{"type":"Feature","properties":{"lower":2835.9375,"upper":2921.875,"color":"#c43c4e"},"geometry":{"type":"Polygon","coordinates":[[[46.02933018,15.585319871],[46.029647504,15.585534524],[46.030029112,15.585319871],[46.030199872,15.585182065],[46.030716862,15.584787811],[46.030752241,15.584444015],[46.030811663,15.58425575],[46.030752241,15.584231701],[46.030259481,15.583723688],[46.030199872,15.583623163],[46.029647504,15.583672558],[46.029606207,15.583723688],[46.029647504,15.583908799],[46.030104463,15.58425575],[46.029647504,15.584355161],[46.029285029,15.584787811],[46.02933018,15.585319871]],[[46.029647504,15.585514906],[46.029359181,15.585319871],[46.029318156,15.584787811],[46.029647504,15.584394702],[46.030199872,15.584274498],[46.030679954,15.584787811],[46.030199872,15.585153919],[46.029994235,15.585319871],[46.029647504,15.585514906]],[[46.029647504,15.583770795],[46.029636994,15.583723688],[46.029647504,15.583710677],[46.030199872,15.583698106],[46.030215042,15.583723688],[46.030199872,15.583946145],[46.029647504,15.583770795]]]}},{"type":"Feature","properties":{"lower":2835.9375,"upper":2921.875,"color":"#c43c4e"},"geometry":{"type":"Polygon","coordinates":[[[46.035899179,15.585319871],[46.036275928,15.585457043],[46.036558994,15.585319871],[46.036688375,15.584787811],[46.036275928,15.584461488],[46.036105118,15.58425575],[46.035723559,15.583975788],[46.03517119,15.58401451],[46.034937525,15.58425575],[46.034913606,15.584787811],[46.03517119,15.584939256],[46.035723559,15.585270018],[46.035899179,15.585319871]],[[46.036275928,15.585434017],[46.035962422,15.585319871],[46.035723559,15.585252065],[46.03517119,15.584924115],[46.034939359,15.584787811],[46.034983252,15.58425575],[46.03517119,15.584061719],[46.035723559,15.583986212],[46.036090912,15.58425575],[46.036275928,15.584478598],[46.036666749,15.584787811],[46.036511477,15.585319871],[46.036275928,15.585434017]]]}},{"type":"Feature","properties":{"lower":2921.875,"upper":3007.8125,"color":"#ca404a"},"geometry":{"type":"Polygon","coordinates":[[[46.029359181,15.585319871],[46.029647504,15.585514906],[46.029994235,15.585319871],[46.030199872,15.585153919],[46.030679954,15.584787811],[46.030199872,15.584274498],[46.029647504,15.584394702],[46.029318156,15.584787811],[46.029359181,15.585319871]],[[46.029647504,15.585495288],[46.029388182,15.585319871],[46.029351284,15.584787811],[46.029647504,15.584434243],[46.030199872,15.584313961],[46.030643046,15.584787811],[46.030199872,15.585125773],[46.029959359,15.585319871],[46.029647504,15.585495288]]]}},{"type":"Feature","properties":{"lower":2921.875,"upper":3007.8125,"color":"#ca404a"},"geometry":{"type":"Polygon","coordinates":[[[46.035962422,15.585319871],[46.036275928,15.585434017],[46.036511477,15.585319871],[46.036666749,15.584787811],[46.036275928,15.584478598],[46.036090912,15.58425575],[46.035723559,15.583986212],[46.03517119,15.584061719],[46.034983252,15.58425575],[46.034939359,15.584787811],[46.03517119,15.584924115],[46.035723559,15.585252065],[46.035962422,15.585319871]],[[46.036275928,15.58541099],[46.036025665,15.585319871],[46.035723559,15.585234112],[46.03517119,15.584908974],[46.034965112,15.584787811],[46.035028979,15.58425575],[46.03517119,15.584108929],[46.035723559,15.583996635],[46.036076706,15.58425575],[46.036275928,15.584495709],[46.036645123,15.584787811],[46.03646396,15.585319871],[46.036275928,15.58541099]]]}},{"type":"Feature","properties":{"lower":2921.875,"upper":3007.8125,"color":"#ca404a"},"geometry":{"type":"Polygon","coordinates":[[[46.029636994,15.583723688],[46.029647504,15.583770795],[46.030199872,15.583946145],[46.030215042,15.583723688],[46.030199872,15.583698106],[46.029647504,15.583710677],[46.029636994,15.583723688]]]}},{"type":"Feature","properties":{"lower":3007.8125,"upper":3093.75,"color":"#cf4446"},"geometry":{"type":"Polygon","coordinates":[[[46.029388182,15.585319871],[46.029647504,15.585495288],[46.029959359,15.585319871],[46.030199872,15.585125773],[46.030643046,15.584787811],[46.030199872,15.584313961],[46.029647504,15.584434243],[46.029351284,15.584787811],[46.029388182,15.585319871]],[[46.029647504,15.585475671],[46.029417183,15.585319871],[46.029384411,15.584787811],[46.029647504,15.584473784],[46.030199872,15.584353423],[46.030606138,15.584787811],[46.030199872,15.585097628],[46.029924483,15.585319871],[46.029647504,15.585475671]]]}},{"type":"Feature","properties":{"lower":3007.8125,"upper":3093.75,"color":"#cf4446"},"geometry":{"type":"Polygon","coordinates":[[[46.036025665,15.585319871],[46.036275928,15.58541099],[46.03646396,15.585319871],[46.036645123,15.584787811],[46.036275928,15.584495709],[46.036076706,15.58425575],[46.035723559,15.583996635],[46.03517119,15.584108929],[46.035028979,15.58425575],[46.034965112,15.584787811],[46.03517119,15.584908974],[46.035723559,15.585234112],[46.036025665,15.585319871]],[[46.036275928,15.585387964],[46.036088908,15.585319871],[46.035723559,15.585216159],[46.03517119,15.584893833],[46.034990865,15.584787811],[46.035074706,15.58425575],[46.03517119,15.584156138],[46.035723559,15.584007058],[46.036062501,15.58425575],[46.036275928,15.584512819],[46.036623496,15.584787811],[46.036416443,15.585319871],[46.036275928,15.585387964]]]}},{"type":"Feature","properties":{"lower":3093.75,"upper":3179.6875,"color":"#d44842"},"geometry":{"type":"Polygon","coordinates":[[[46.029417183,15.585319871],[46.029647504,15.585475671],[46.029924483,15.585319871],[46.030199872,15.585097628],[46.030606138,15.584787811],[46.030199872,15.584353423],[46.029647504,15.584473784],[46.029384411,15.584787811],[46.029417183,15.585319871]],[[46.029647504,15.585456053],[46.029446184,15.585319871],[46.029417539,15.584787811],[46.029647504,15.584513325],[46.030199872,15.584392886],[46.030569231,15.584787811],[46.030199872,15.585069482],[46.029889607,15.585319871],[46.029647504,15.585456053]]]}},{"type":"Feature","properties":{"lower":3093.75,"upper":3179.6875,"color":"#d44842"},"geometry":{"type":"Polygon","coordinates":[[[46.036088908,15.585319871],[46.036275928,15.585387964],[46.036416443,15.585319871],[46.036623496,15.584787811],[46.036275928,15.584512819],[46.036062501,15.58425575],[46.035723559,15.584007058],[46.03517119,15.584156138],[46.035074706,15.58425575],[46.034990865,15.584787811],[46.03517119,15.584893833],[46.035723559,15.585216159],[46.036088908,15.585319871]],[[46.036275928,15.585364937],[46.036152152,15.585319871],[46.035723559,15.585198206],[46.03517119,15.584878691],[46.035016618,15.584787811],[46.035120433,15.58425575],[46.03517119,15.584203347],[46.035723559,15.584017481],[46.036048295,15.58425575],[46.036275928,15.58452993],[46.03660187,15.584787811],[46.036368926,15.585319871],[46.036275928,15.585364937]]]}},{"type":"Feature","properties":{"lower":3179.6875,"upper":3265.625,"color":"#d94d3d"},"geometry":{"type":"Polygon","coordinates":[[[46.029446184,15.585319871],[46.029647504,15.585456053],[46.029889607,15.585319871],[46.030199872,15.585069482],[46.030569231,15.584787811],[46.030199872,15.584392886],[46.029647504,15.584513325],[46.029417539,15.584787811],[46.029446184,15.585319871]],[[46.029647504,15.585436435],[46.029475186,15.585319871],[46.029450667,15.584787811],[46.029647504,15.584552867],[46.030199872,15.584432349],[46.030532323,15.584787811],[46.030199872,15.585041336],[46.029854731,15.585319871],[46.029647504,15.585436435]]]}},{"type":"Feature","properties":{"lower":3179.6875,"upper":3265.625,"color":"#d94d3d"},"geometry":{"type":"Polygon","coordinates":[[[46.036152152,15.585319871],[46.036275928,15.585364937],[46.036368926,15.585319871],[46.03660187,15.584787811],[46.036275928,15.58452993],[46.036048295,15.58425575],[46.035723559,15.584017481],[46.03517119,15.584203347],[46.035120433,15.58425575],[46.035016618,15.584787811],[46.03517119,15.584878691],[46.035723559,15.585198206],[46.036152152,15.585319871]],[[46.036275928,15.585341911],[46.036215395,15.585319871],[46.035723559,15.585180254],[46.03517119,15.58486355],[46.035042371,15.584787811],[46.03516616,15.58425575],[46.03517119,15.584250557],[46.035723559,15.584027904],[46.036034089,15.58425575],[46.036275928,15.58454704],[46.036580244,15.584787811],[46.036321408,15.585319871],[46.036275928,15.585341911]]]}},{"type":"Feature","properties":{"lower":3265.625,"upper":3351.5625,"color":"#de5238"},"geometry":{"type":"Polygon","coordinates":[[[46.029475186,15.585319871],[46.029647504,15.585436435],[46.029854731,15.585319871],[46.030199872,15.585041336],[46.030532323,15.584787811],[46.030199872,15.584432349],[46.029647504,15.584552867],[46.029450667,15.584787811],[46.029475186,15.585319871]],[[46.029647504,15.585416817],[46.029504187,15.585319871],[46.029483794,15.584787811],[46.029647504,15.584592408],[46.030199872,15.584471811],[46.030495415,15.584787811],[46.030199872,15.585013191],[46.029819854,15.585319871],[46.029647504,15.585416817]]]}},{"type":"Feature","properties":{"lower":3265.625,"upper":3351.5625,"color":"#de5238"},"geometry":{"type":"Polygon","coordinates":[[[46.036215395,15.585319871],[46.036275928,15.585341911],[46.036321408,15.585319871],[46.036580244,15.584787811],[46.036275928,15.58454704],[46.036034089,15.58425575],[46.035723559,15.584027904],[46.03517119,15.584250557],[46.03516616,15.58425575],[46.035042371,15.584787811],[46.03517119,15.58486355],[46.035723559,15.585180254],[46.036215395,15.585319871]],[[46.03517119,15.584848409],[46.035068123,15.584787811],[46.03517119,15.584352544],[46.035193793,15.58425575],[46.035723559,15.584038327],[46.036019884,15.58425575],[46.036275928,15.584564151],[46.036558618,15.584787811],[46.036275928,15.585318132],[46.035723559,15.585162301],[46.03517119,15.584848409]]]}},{"type":"Feature","properties":{"lower":3351.5625,"upper":3437.5,"color":"#e25734"},"geometry":{"type":"Polygon","coordinates":[[[46.029504187,15.585319871],[46.029647504,15.585416817],[46.029819854,15.585319871],[46.030199872,15.585013191],[46.030495415,15.584787811],[46.030199872,15.584471811],[46.029647504,15.584592408],[46.029483794,15.584787811],[46.029504187,15.585319871]],[[46.029647504,15.5853972],[46.029533188,15.585319871],[46.029516922,15.584787811],[46.029647504,15.584631949],[46.030199872,15.584511274],[46.030458507,15.584787811],[46.030199872,15.584985045],[46.029784978,15.585319871],[46.029647504,15.5853972]]]}},{"type":"Feature","properties":{"lower":3351.5625,"upper":3437.5,"color":"#e25734"},"geometry":{"type":"Polygon","coordinates":[[[46.035068123,15.584787811],[46.03517119,15.584848409],[46.035723559,15.585162301],[46.036275928,15.585318132],[46.036558618,15.584787811],[46.036275928,15.584564151],[46.036019884,15.58425575],[46.035723559,15.584038327],[46.035193793,15.58425575],[46.03517119,15.584352544],[46.035068123,15.584787811]],[[46.03517119,15.584833268],[46.035093876,15.584787811],[46.03517119,15.584461302],[46.03521919,15.58425575],[46.035723559,15.584048751],[46.036005678,15.58425575],[46.036275928,15.584581261],[46.036536991,15.584787811],[46.036275928,15.585277562],[46.035723559,15.585144348],[46.03517119,15.584833268]]]}},{"type":"Feature","properties":{"lower":3437.5,"upper":3523.4375,"color":"#e65d2f"},"geometry":{"type":"Polygon","coordinates":[[[46.029533188,15.585319871],[46.029647504,15.5853972],[46.029784978,15.585319871],[46.030199872,15.584985045],[46.030458507,15.584787811],[46.030199872,15.584511274],[46.029647504,15.584631949],[46.029516922,15.584787811],[46.029533188,15.585319871]],[[46.029647504,15.585377582],[46.029562189,15.585319871],[46.029550049,15.584787811],[46.029647504,15.58467149],[46.030199872,15.584550736],[46.030421599,15.584787811],[46.030199872,15.584956899],[46.029750102,15.585319871],[46.029647504,15.585377582]]]}},{"type":"Feature","properties":{"lower":3437.5,"upper":3523.4375,"color":"#e65d2f"},"geometry":{"type":"Polygon","coordinates":[[[46.035093876,15.584787811],[46.03517119,15.584833268],[46.035723559,15.585144348],[46.036275928,15.585277562],[46.036536991,15.584787811],[46.036275928,15.584581261],[46.036005678,15.58425575],[46.035723559,15.584048751],[46.03521919,15.58425575],[46.03517119,15.584461302],[46.035093876,15.584787811]],[[46.03517119,15.584818126],[46.035119629,15.584787811],[46.03517119,15.584570061],[46.035244587,15.58425575],[46.035723559,15.584059174],[46.035991472,15.58425575],[46.036275928,15.584598372],[46.036515365,15.584787811],[46.036275928,15.585236991],[46.035723559,15.585126395],[46.03517119,15.584818126]]]}},{"type":"Feature","properties":{"lower":3523.4375,"upper":3609.375,"color":"#ea632a"},"geometry":{"type":"Polygon","coordinates":[[[46.029562189,15.585319871],[46.029647504,15.585377582],[46.029750102,15.585319871],[46.030199872,15.584956899],[46.030421599,15.584787811],[46.030199872,15.584550736],[46.029647504,15.58467149],[46.029550049,15.584787811],[46.029562189,15.585319871]],[[46.029647504,15.585357964],[46.02959119,15.585319871],[46.029583177,15.584787811],[46.029647504,15.584711031],[46.030199872,15.584590199],[46.030384692,15.584787811],[46.030199872,15.584928754],[46.029715226,15.585319871],[46.029647504,15.585357964]]]}},{"type":"Feature","properties":{"lower":3523.4375,"upper":3609.375,"color":"#ea632a"},"geometry":{"type":"Polygon","coordinates":[[[46.035119629,15.584787811],[46.03517119,15.584818126],[46.035723559,15.585126395],[46.036275928,15.585236991],[46.036515365,15.584787811],[46.036275928,15.584598372],[46.035991472,15.58425575],[46.035723559,15.584059174],[46.035244587,15.58425575],[46.03517119,15.584570061],[46.035119629,15.584787811]],[[46.03517119,15.584802985],[46.035145382,15.584787811],[46.03517119,15.584678819],[46.035269983,15.58425575],[46.035723559,15.584069597],[46.035977267,15.58425575],[46.036275928,15.584615482],[46.036493739,15.584787811],[46.036275928,15.585196421],[46.035723559,15.585108442],[46.03517119,15.584802985]]]}},{"type":"Feature","properties":{"lower":3609.375,"upper":3695.3125,"color":"#ed6925"},"geometry":{"type":"Polygon","coordinates":[[[46.02959119,15.585319871],[46.029647504,15.585357964],[46.029715226,15.585319871],[46.030199872,15.584928754],[46.030384692,15.584787811],[46.030199872,15.584590199],[46.029647504,15.584711031],[46.029583177,15.584787811],[46.02959119,15.585319871]],[[46.029647504,15.585338347],[46.029620191,15.585319871],[46.029616305,15.584787811],[46.029647504,15.584750572],[46.030199872,15.584629661],[46.030347784,15.584787811],[46.030199872,15.584900608],[46.029680349,15.585319871],[46.029647504,15.585338347]]]}},{"type":"Feature","properties":{"lower":3609.375,"upper":3695.3125,"color":"#ed6925"},"geometry":{"type":"Polygon","coordinates":[[[46.035145382,15.584787811],[46.03517119,15.584802985],[46.035723559,15.585108442],[46.036275928,15.585196421],[46.036493739,15.584787811],[46.036275928,15.584615482],[46.035977267,15.58425575],[46.035723559,15.584069597],[46.035269983,15.58425575],[46.03517119,15.584678819],[46.035145382,15.584787811]],[[46.03517119,15.584787844],[46.035171135,15.584787811],[46.03517119,15.584787577],[46.03529538,15.58425575],[46.035723559,15.58408002],[46.035963061,15.58425575],[46.036275928,15.584632593],[46.036472112,15.584787811],[46.036275928,15.58515585],[46.035723559,15.585090489],[46.03517119,15.584787844]]]}},{"type":"Feature","properties":{"lower":3695.3125,"upper":3781.25,"color":"#f06f20"},"geometry":{"type":"Polygon","coordinates":[[[46.029620191,15.585319871],[46.029647504,15.585338347],[46.029680349,15.585319871],[46.030199872,15.584900608],[46.030347784,15.584787811],[46.030199872,15.584629661],[46.029647504,15.584750572],[46.029616305,15.584787811],[46.029620191,15.585319871]],[[46.030199872,15.584872462],[46.029657993,15.584787811],[46.030199872,15.584669124],[46.030310876,15.584787811],[46.030199872,15.584872462]]]}},{"type":"Feature","properties":{"lower":3695.3125,"upper":3781.25,"color":"#f06f20"},"geometry":{"type":"Polygon","coordinates":[[[46.035171135,15.584787811],[46.03517119,15.584787844],[46.035723559,15.585090489],[46.036275928,15.58515585],[46.036472112,15.584787811],[46.036275928,15.584632593],[46.035963061,15.58425575],[46.035723559,15.58408002],[46.03529538,15.58425575],[46.03517119,15.584787577],[46.035171135,15.584787811]],[[46.035723559,15.585072536],[46.035203887,15.584787811],[46.035320777,15.58425575],[46.035723559,15.584090443],[46.035948855,15.58425575],[46.036275928,15.584649703],[46.036450486,15.584787811],[46.036275928,15.58511528],[46.035723559,15.585072536]]]}},{"type":"Feature","properties":{"lower":3781.25,"upper":3867.1875,"color":"#f3761b"},"geometry":{"type":"Polygon","coordinates":[[[46.029657993,15.584787811],[46.030199872,15.584872462],[46.030310876,15.584787811],[46.030199872,15.584669124],[46.029657993,15.584787811]],[[46.030199872,15.584844317],[46.029838163,15.584787811],[46.030199872,15.584708587],[46.030273968,15.584787811],[46.030199872,15.584844317]]]}},{"type":"Feature","properties":{"lower":3781.25,"upper":3867.1875,"color":"#f3761b"},"geometry":{"type":"Polygon","coordinates":[[[46.035203887,15.584787811],[46.035723559,15.585072536],[46.036275928,15.58511528],[46.036450486,15.584787811],[46.036275928,15.584649703],[46.035948855,15.58425575],[46.035723559,15.584090443],[46.035320777,15.58425575],[46.035203887,15.584787811]],[[46.035723559,15.585054584],[46.035236654,15.584787811],[46.035346174,15.58425575],[46.035723559,15.584100866],[46.03593465,15.58425575],[46.036275928,15.584666814],[46.03642886,15.584787811],[46.036275928,15.585074709],[46.035723559,15.585054584]]]}},{"type":"Feature","properties":{"lower":3867.1875,"upper":3953.125,"color":"#f57d15"},"geometry":{"type":"Polygon","coordinates":[[[46.029838163,15.584787811],[46.030199872,15.584844317],[46.030273968,15.584787811],[46.030199872,15.584708587],[46.029838163,15.584787811]],[[46.030199872,15.584816171],[46.030018333,15.584787811],[46.030199872,15.584748049],[46.03023706,15.584787811],[46.030199872,15.584816171]]]}},{"type":"Feature","properties":{"lower":3867.1875,"upper":3953.125,"color":"#f57d15"},"geometry":{"type":"Polygon","coordinates":[[[46.035236654,15.584787811],[46.035723559,15.585054584],[46.036275928,15.585074709],[46.03642886,15.584787811],[46.036275928,15.584666814],[46.03593465,15.58425575],[46.035723559,15.584100866],[46.035346174,15.58425575],[46.035236654,15.584787811]],[[46.035723559,15.585036631],[46.035269421,15.584787811],[46.03537157,15.58425575],[46.035723559,15.58411129],[46.035920444,15.58425575],[46.036275928,15.584683924],[46.036407233,15.584787811],[46.036275928,15.585034139],[46.035723559,15.585036631]]]}},{"type":"Feature","properties":{"lower":3953.125,"upper":4039.0625,"color":"#f78410"},"geometry":{"type":"Polygon","coordinates":[[[46.030018333,15.584787811],[46.030199872,15.584816171],[46.03023706,15.584787811],[46.030199872,15.584748049],[46.030018333,15.584787811]],[[46.030199872,15.584788025],[46.030198504,15.584787811],[46.030199872,15.584787512],[46.030200153,15.584787811],[46.030199872,15.584788025]]]}},{"type":"Feature","properties":{"lower":3953.125,"upper":4039.0625,"color":"#f78410"},"geometry":{"type":"Polygon","coordinates":[[[46.035269421,15.584787811],[46.035723559,15.585036631],[46.036275928,15.585034139],[46.036407233,15.584787811],[46.036275928,15.584683924],[46.035920444,15.58425575],[46.035723559,15.58411129],[46.03537157,15.58425575],[46.035269421,15.584787811]],[[46.035723559,15.585018678],[46.035302188,15.584787811],[46.035396967,15.58425575],[46.035723559,15.584121713],[46.035906238,15.58425575],[46.036275928,15.584701034],[46.036385607,15.584787811],[46.036275928,15.584993568],[46.035723559,15.585018678]]]}},{"type":"Feature","properties":{"lower":4039.0625,"upper":4125.0,"color":"#f98b0b"},"geometry":{"type":"Polygon","coordinates":[[[46.030198504,15.584787811],[46.030199872,15.584788025],[46.030200153,15.584787811],[46.030199872,15.584787512],[46.030198504,15.584787811]]]}},{"type":"Feature","properties":{"lower":4039.0625,"upper":4125.0,"color":"#f98b0b"},"geometry":{"type":"Polygon","coordinates":[[[46.035302188,15.584787811],[46.035723559,15.585018678],[46.036275928,15.584993568],[46.036385607,15.584787811],[46.036275928,15.584701034],[46.035906238,15.58425575],[46.035723559,15.584121713],[46.035396967,15.58425575],[46.035302188,15.584787811]],[[46.035723559,15.585000725],[46.035334955,15.584787811],[46.035422364,15.58425575],[46.035723559,15.584132136],[46.035892032,15.58425575],[46.036275928,15.584718145],[46.036363981,15.584787811],[46.036275928,15.584952997],[46.035723559,15.585000725]]]}},{"type":"Feature","properties":{"lower":4125.0,"upper":4210.9375,"color":"#fa9207"},"geometry":{"type":"Polygon","coordinates":[[[46.035334955,15.584787811],[46.035723559,15.585000725],[46.036275928,15.584952997],[46.036363981,15.584787811],[46.036275928,15.584718145],[46.035892032,15.58425575],[46.035723559,15.584132136],[46.035422364,15.58425575],[46.035334955,15.584787811]],[[46.035723559,15.584982772],[46.035367722,15.584787811],[46.035447761,15.58425575],[46.035723559,15.584142559],[46.035877827,15.58425575],[46.036275928,15.584735255],[46.036342354,15.584787811],[46.036275928,15.584912427],[46.035723559,15.584982772]]]}},{"type":"Feature","properties":{"lower":4210.9375,"upper":4296.875,"color":"#fb9906"},"geometry":{"type":"Polygon","coordinates":[[[46.035367722,15.584787811],[46.035723559,15.584982772],[46.036275928,15.584912427],[46.036342354,15.584787811],[46.036275928,15.584735255],[46.035877827,15.58425575],[46.035723559,15.584142559],[46.035447761,15.58425575],[46.035367722,15.584787811]],[[46.035723559,15.584964819],[46.035400489,15.584787811],[46.035473157,15.58425575],[46.035723559,15.584152982],[46.035863621,15.58425575],[46.036275928,15.584752366],[46.036320728,15.584787811],[46.036275928,15.584871856],[46.035723559,15.584964819]]]}},{"type":"Feature","properties":{"lower":4296.875,"upper":4382.8125,"color":"#fca108"},"geometry":{"type":"Polygon","coordinates":[[[46.035400489,15.584787811],[46.035723559,15.584964819],[46.036275928,15.584871856],[46.036320728,15.584787811],[46.036275928,15.584752366],[46.035863621,15.58425575],[46.035723559,15.584152982],[46.035473157,15.58425575],[46.035400489,15.584787811]],[[46.035723559,15.584946866],[46.035433256,15.584787811],[46.035498554,15.58425575],[46.035723559,15.584163406],[46.035849415,15.58425575],[46.036275928,15.584769476],[46.036299102,15.584787811],[46.036275928,15.584831286],[46.035723559,15.584946866]]]}},{"type":"Feature","properties":{"lower":4382.8125,"upper":4468.75,"color":"#fca80d"},"geometry":{"type":"Polygon","coordinates":[[[46.035433256,15.584787811],[46.035723559,15.584946866],[46.036275928,15.584831286],[46.036299102,15.584787811],[46.036275928,15.584769476],[46.035849415,15.58425575],[46.035723559,15.584163406],[46.035498554,15.58425575],[46.035433256,15.584787811]],[[46.035723559,15.584928914],[46.035466023,15.584787811],[46.035523951,15.58425575],[46.035723559,15.584173829],[46.03583521,15.58425575],[46.036275928,15.584786587],[46.036277476,15.584787811],[46.036275928,15.584790715],[46.035723559,15.584928914]]]}},{"type":"Feature","properties":{"lower":4468.75,"upper":4554.6875,"color":"#fcb014"},"geometry":{"type":"Polygon","coordinates":[[[46.035466023,15.584787811],[46.035723559,15.584928914],[46.036275928,15.584790715],[46.036277476,15.584787811],[46.036275928,15.584786587],[46.03583521,15.58425575],[46.035723559,15.584173829],[46.035523951,15.58425575],[46.035466023,15.584787811]],[[46.035723559,15.584910961],[46.03549879,15.584787811],[46.035549348,15.58425575],[46.035723559,15.584184252],[46.035821004,15.58425575],[46.036210079,15.584787811],[46.035723559,15.584910961]]]}},{"type":"Feature","properties":{"lower":4554.6875,"upper":4640.625,"color":"#fbb81d"},"geometry":{"type":"Polygon","coordinates":[[[46.03549879,15.584787811],[46.035723559,15.584910961],[46.036210079,15.584787811],[46.035821004,15.58425575],[46.035723559,15.584184252],[46.035549348,15.58425575],[46.03549879,15.584787811]],[[46.035723559,15.584893008],[46.035531558,15.584787811],[46.035574744,15.58425575],[46.035723559,15.584194675],[46.035806798,15.58425575],[46.036139153,15.584787811],[46.035723559,15.584893008]]]}},{"type":"Feature","properties":{"lower":4640.625,"upper":4726.5625,"color":"#fac026"},"geometry":{"type":"Polygon","coordinates":[[[46.035531558,15.584787811],[46.035723559,15.584893008],[46.036139153,15.584787811],[46.035806798,15.58425575],[46.035723559,15.584194675],[46.035574744,15.58425575],[46.035531558,15.584787811]],[[46.035723559,15.584875055],[46.035564325,15.584787811],[46.035600141,15.58425575],[46.035723559,15.584205098],[46.035792593,15.58425575],[46.036068228,15.584787811],[46.035723559,15.584875055]]]}},{"type":"Feature","properties":{"lower":4726.5625,"upper":4812.5,"color":"#f9c72f"},"geometry":{"type":"Polygon","coordinates":[[[46.035564325,15.584787811],[46.035723559,15.584875055],[46.036068228,15.584787811],[46.035792593,15.58425575],[46.035723559,15.584205098],[46.035600141,15.58425575],[46.035564325,15.584787811]],[[46.035723559,15.584857102],[46.035597092,15.584787811],[46.035625538,15.58425575],[46.035723559,15.584215521],[46.035778387,15.58425575],[46.035997302,15.584787811],[46.035723559,15.584857102]]]}},{"type":"Feature","properties":{"lower":4812.5,"upper":4898.4375,"color":"#f8cf3a"},"geometry":{"type":"Polygon","coordinates":[[[46.035597092,15.584787811],[46.035723559,15.584857102],[46.035997302,15.584787811],[46.035778387,15.58425575],[46.035723559,15.584215521],[46.035625538,15.58425575],[46.035597092,15.584787811]],[[46.035723559,15.584839149],[46.035629859,15.584787811],[46.035650935,15.58425575],[46.035723559,15.584225945],[46.035764181,15.58425575],[46.035926377,15.584787811],[46.035723559,15.584839149]]]}},{"type":"Feature","properties":{"lower":4898.4375,"upper":4984.375,"color":"#f6d746"},"geometry":{"type":"Polygon","coordinates":[[[46.035629859,15.584787811],[46.035723559,15.584839149],[46.035926377,15.584787811],[46.035764181,15.58425575],[46.035723559,15.584225945],[46.035650935,15.58425575],[46.035629859,15.584787811]],[[46.035723559,15.584821196],[46.035662626,15.584787811],[46.035676332,15.58425575],[46.035723559,15.584236368],[46.035749976,15.58425575],[46.035855451,15.584787811],[46.035723559,15.584821196]]]}},{"type":"Feature","properties":{"lower":4984.375,"upper":5070.3125,"color":"#f4df53"},"geometry":{"type":"Polygon","coordinates":[[[46.035662626,15.584787811],[46.035723559,15.584821196],[46.035855451,15.584787811],[46.035749976,15.58425575],[46.035723559,15.584236368],[46.035676332,15.58425575],[46.035662626,15.584787811]],[[46.035723559,15.584803243],[46.035695393,15.584787811],[46.035701728,15.58425575],[46.035723559,15.584246791],[46.03573577,15.58425575],[46.035784526,15.584787811],[46.035723559,15.584803243]]]}},{"type":"Feature","properties":{"lower":5070.3125,"upper":5156.25,"color":"#f2e661"},"geometry":{"type":"Polygon","coordinates":[[[46.035695393,15.584787811],[46.035723559,15.584803243],[46.035784526,15.584787811],[46.03573577,15.58425575],[46.035723559,15.584246791],[46.035701728,15.58425575],[46.035695393,15.584787811]]]}}]}
