{"type":"FeatureCollection","features":[{"type":"Feature","properties":{"id":"CH4_PlumeComplex-0","date":"2023-06-20T08:44:26Z","scenes":"emit20230620t084426","peak":5393.0,"download":"https://data.lpdaac.earthdatacloud.nasa.gov/lp-prod-protected/EMITL2BCH4PLM.002/EMIT_L2B_CH4PLM_002_20230620T084426_000000/EMIT_L2B_CH4PLM_002_20230620T084426_000000.tif"},"geometry":{"type":"Point","coordinates":[54.23517605482166,38.8503652059909]}},{"type":"Feature","properties":{"id":"CH4_PlumeComplex-1","date":"2023-06-20T08:44:26Z","scenes":"emit20230620t084426","peak":7979.0,"download":"https://data.lpdaac.earthdatacloud.nasa.gov/lp-prod-protected/EMITL2BCH4PLM.002/EMIT_L2B_CH4PLM_002_20230620T084426_000001/EMIT_L2B_CH4PLM_002_20230620T084426_000001.tif"},"geometry":{"type":"Point","coordinates":[54.283434749124474,38.64323238325296]}},{"type":"Feature","properties":{"id":"CH4_PlumeComplex-10","date":"2023-06-20T08:44:14Z","scenes":"emit20230620t084414","peak":2845.0,"download":"https://data.lpdaac.earthdatacloud.nasa.gov/lp-prod-protected/EMITL2BCH4PLM.002/EMIT_L2B_CH4PLM_002_20230620T084414_000010/EMIT_L2B_CH4PLM_002_20230620T084414_000010.tif"},"geometry":{"type":"Point","coordinates":[53.74228669390862,39.474474836805975]}},{"type":"Feature","properties":{"id":"CH4_PlumeComplex-100","date":"2023-06-29T06:16:38Z","scenes":"emit20230629t061638","peak":2188.0,"download":"https://data.lpdaac.earthdatacloud.nasa.gov/lp-prod-protected/EMITL2BCH4PLM.002/EMIT_L2B_CH4PLM_002_20230629T061638_000100/EMIT_L2B_CH4PLM_002_20230629T061638_000100.tif"},"geometry":{"type":"Point","coordinates":[49.325260583900295,31.139818767945343]}},{"type":"Feature","properties":{"id":"CH4_PlumeComplex-1002","date":"2023-08-23T17:06:09Z","scenes":"emit20230823t170609","peak":5694.0,"download":"https://data.lpdaac.earthdatacloud.nasa.gov/lp-prod-protected/EMITL2BCH4PLM.002/EMIT_L2B_CH4PLM_002_20230823T170609_001002/EMIT_L2B_CH4PLM_002_20230823T170609_001002.tif"},"geometry":{"type":"Point","coordinates":[-89.15441829933273,36.40381207459414]}},{"type":"Feature","properties":{"id":"CH4_PlumeComplex-1006","date":"2023-08-23T10:56:29Z","scenes":"emit20230823t105629","peak":905.0,"download":"https://data.lpdaac.earthdatacloud.nasa.gov/lp-prod-protected/EMITL2BCH4PLM.002/EMIT_L2B_CH4PLM_002_20230823T105629_001006/EMIT_L2B_CH4PLM_002_20230823T105629_001006.tif"},"geometry":{"type":"Point","coordinates":[10.35284042299415,31.938527270282975]}},{"type":"Feature","properties":{"id":"CH4_PlumeComplex-1009","date":"2023-08-23T09:17:47Z","scenes":"emit20230823t091747","peak":2877.0,"download":"https://data.lpdaac.earthdatacloud.nasa.gov/lp-prod-protected/EMITL2BCH4PLM.002/EMIT_L2B_CH4PLM_002_20230823T091747_001009/EMIT_L2B_CH4PLM_002_20230823T091747_001009.tif"},"geometry":{"type":"Point","coordinates":[11.64823391388663,45.21997062144248]}},{"type":"Feature","properties":{"id":"CH4_PlumeComplex-101","date":"2023-06-29T06:16:50Z","scenes":"emit20230629t061650","peak":6295.0,"download":"https://data.lpdaac.earthdatacloud.nasa.gov/lp-prod-protected/EMITL2BCH4PLM.002/EMIT_L2B_CH4PLM_002_20230629T061650_000101/EMIT_L2B_CH4PLM_002_20230629T061650_000101.tif"},"geometry":{"type":"Point","coordinates":[49.88104891716307,30.366595194059762]}},{"type":"Feature","properties":{"id":"CH4_PlumeComplex-1010","date":"2023-08-23T09:17:47Z","scenes":"emit20230823t091747","peak":2821.0,"download":"https://data.lpdaac.earthdatacloud.nasa.gov/lp-prod-protected/EMITL2BCH4PLM.002/EMIT_L2B_CH4PLM_002_20230823T091747_001010/EMIT_L2B_CH4PLM_002_20230823T091747_001010.tif"},"geometry":{"type":"Point","coordinates":[12.008818539857113,45.23352643444889]}},{"type":"Feature","properties":{"id":"CH4_PlumeComplex-1011","date":"2023-08-23T09:23:49Z","scenes":"emit20230823t092349","peak":1888.0,"download":"https://data.lpdaac.earthdatacloud.nasa.gov/lp-prod-protected/EMITL2BCH4PLM.002/EMIT_L2B_CH4PLM_002_20230823T092349_001011/EMIT_L2B_CH4PLM_002_20230823T092349_001011.tif"},"geometry":{"type":"Point","coordinates":[34.73703685892294,31.316586569548964]}},{"type":"Feature","properties":{"id":"CH4_PlumeComplex-1019","date":"2023-06-16T21:13:43Z","scenes":"emit20230616t211343","peak":8238.0,"download":"https://data.lpdaac.earthdatacloud.nasa.gov/lp-prod-protected/EMITL2BCH4PLM.002/EMIT_L2B_CH4PLM_002_20230616T211343_001019/EMIT_L2B_CH4PLM_002_20230616T211343_001019.tif"},"geometry":{"type":"Point","coordinates":[-103.7426420243101,32.82887306854398]}},{"type":"Feature","properties":{"id":"CH4_PlumeComplex-102","date":"2023-06-29T06:16:50Z","scenes":"emit20230629t061650","peak":3694.0,"download":"https://data.lpdaac.earthdatacloud.nasa.gov/lp-prod-protected/EMITL2BCH4PLM.002/EMIT_L2B_CH4PLM_002_20230629T061650_000102/EMIT_L2B_CH4PLM_002_20230629T061650_000102.tif"},"geometry":{"type":"Point","coordinates":[49.983530863491524,30.76296716636717]}},{"type":"Feature","properties":{"id":"CH4_PlumeComplex-1022","date":"2023-06-16T21:14:19Z","scenes":"emit20230616t211419","peak":3605.0,"download":"https://data.lpdaac.earthdatacloud.nasa.gov/lp-prod-protected/EMITL2BCH4PLM.002/EMIT_L2B_CH4PLM_002_20230616T211419_001022/EMIT_L2B_CH4PLM_002_20230616T211419_001022.tif"},"geometry":{"type":"Point","coordinates":[-101.88278447983075,31.559506738623824]}},{"type":"Feature","properties":{"id":"CH4_PlumeComplex-1023","date":"2023-06-16T21:14:19Z","scenes":"emit20230616t211419","peak":3406.0,"download":"https://data.lpdaac.earthdatacloud.nasa.gov/lp-prod-protected/EMITL2BCH4PLM.002/EMIT_L2B_CH4PLM_002_20230616T211419_001023/EMIT_L2B_CH4PLM_002_20230616T211419_001023.tif"},"geometry":{"type":"Point","coordinates":[-101.83832141316972,31.473834000423317]}},{"type":"Feature","properties":{"id":"CH4_PlumeComplex-1024","date":"2023-06-16T21:14:19Z","scenes":"emit20230616t211419","peak":5270.0,"download":"https://data.lpdaac.earthdatacloud.nasa.gov/lp-prod-protected/EMITL2BCH4PLM.002/EMIT_L2B_CH4PLM_002_20230616T211419_001024/EMIT_L2B_CH4PLM_002_20230616T211419_001024.tif"},"geometry":{"type":"Point","coordinates":[-101.65016672864078,31.487389813429726]}},{"type":"Feature","properties":{"id":"CH4_PlumeComplex-1026","date":"2023-06-16T21:14:19Z","scenes":"emit20230616t211419","peak":4574.0,"download":"https://data.lpdaac.earthdatacloud.nasa.gov/lp-prod-protected/EMITL2BCH4PLM.002/EMIT_L2B_CH4PLM_002_20230616T211419_001026/EMIT_L2B_CH4PLM_002_20230616T211419_001026.tif"},"geometry":{"type":"Point","coordinates":[-101.79602727658973,31.33448024271743]}},{"type":"Feature","properties":{"id":"CH4_PlumeComplex-1027","date":"2023-06-16T21:14:31Z","scenes":"emit20230616t211431","peak":2972.0,"download":"https://data.lpdaac.earthdatacloud.nasa.gov/lp-prod-protected/EMITL2BCH4PLM.002/EMIT_L2B_CH4PLM_002_20230616T211431_001027/EMIT_L2B_CH4PLM_002_20230616T211431_001027.tif"},"geometry":{"type":"Point","coordinates":[-101.69354533026129,31.269412340286667]}},{"type":"Feature","properties":{"id":"CH4_PlumeComplex-1028","date":"2023-06-16T21:14:31Z","scenes":"emit20230616t211431","peak":1725.0,"download":"https://data.lpdaac.earthdatacloud.nasa.gov/lp-prod-protected/EMITL2BCH4PLM.002/EMIT_L2B_CH4PLM_002_20230616T211431_001028/EMIT_L2B_CH4PLM_002_20230616T211431_001028.tif"},"geometry":{"type":"Point","coordinates":[-101.61492161482411,31.313333174427434]}},{"type":"Feature","properties":{"id":"CH4_PlumeComplex-1029","date":"2023-06-16T21:14:31Z","scenes":"emit20230616t211431","peak":3266.0,"download":"https://data.lpdaac.earthdatacloud.nasa.gov/lp-prod-protected/EMITL2BCH4PLM.002/EMIT_L2B_CH4PLM_002_20230616T211431_001029/EMIT_L2B_CH4PLM_002_20230616T211431_001029.tif"},"geometry":{"type":"Point","coordinates":[-101.30042675307541,31.16150806875565]}},{"type":"Feature","properties":{"id":"CH4_PlumeComplex-1030","date":"2023-06-16T11:59:49Z","scenes":"emit20230616t115949","peak":1883.0,"download":"https://data.lpdaac.earthdatacloud.nasa.gov/lp-prod-protected/EMITL2BCH4PLM.002/EMIT_L2B_CH4PLM_002_20230616T115949_001030/EMIT_L2B_CH4PLM_002_20230616T115949_001030.tif"},"geometry":{"type":"Point","coordinates":[46.89768559071251,24.603747968775068]}},{"type":"Feature","properties":{"id":"CH4_PlumeComplex-1031","date":"2023-06-29T06:16:38Z","scenes":"emit20230629t061638","peak":9252.0,"download":"https://data.lpdaac.earthdatacloud.nasa.gov/lp-prod-protected/EMITL2BCH4PLM.002/EMIT_L2B_CH4PLM_002_20230629T061638_001031/EMIT_L2B_CH4PLM_002_20230629T061638_001031.tif"},"geometry":{"type":"Point","coordinates":[49.70156995295821,30.799296745224343]}},{"type":"Feature","properties":{"id":"CH4_PlumeComplex-1032","date":"2023-06-29T06:16:38Z","scenes":"emit20230629t061638","peak":3563.0,"download":"https://data.lpdaac.earthdatacloud.nasa.gov/lp-prod-protected/EMITL2BCH4PLM.002/EMIT_L2B_CH4PLM_002_20230629T061638_001032/EMIT_L2B_CH4PLM_002_20230629T061638_001032.tif"},"geometry":{"type":"Point","coordinates":[49.59041228630566,30.964677663902535]}},{"type":"Feature","properties":{"id":"CH4_PlumeComplex-1033","date":"2023-06-29T06:16:50Z","scenes":"emit20230629t061650","peak":3538.0,"download":"https://data.lpdaac.earthdatacloud.nasa.gov/lp-prod-protected/EMITL2BCH4PLM.002/EMIT_L2B_CH4PLM_002_20230629T061650_001033/EMIT_L2B_CH4PLM_002_20230629T061650_001033.tif"},"geometry":{"type":"Point","coordinates":[50.37122711547483,30.18603176481439]}},{"type":"Feature","properties":{"id":"CH4_PlumeComplex-1034","date":"2023-06-29T06:16:26Z","scenes":"emit20230629t061626, emit20230629t061638","peak":2547.0,"download":"https://data.lpdaac.earthdatacloud.nasa.gov/lp-prod-protected/EMITL2BCH4PLM.002/EMIT_L2B_CH4PLM_002_20230629T061626_001034/EMIT_L2B_CH4PLM_002_20230629T061626_001034.tif"},"geometry":{"type":"Point","coordinates":[49.31224700341414,31.136565372823803]}},{"type":"Feature","properties":{"id":"CH4_PlumeComplex-1035","date":"2023-06-29T06:16:50Z","scenes":"emit20230629t061650","peak":8933.0,"download":"https://data.lpdaac.earthdatacloud.nasa.gov/lp-prod-protected/EMITL2BCH4PLM.002/EMIT_L2B_CH4PLM_002_20230629T061650_001035/EMIT_L2B_CH4PLM_002_20230629T061650_001035.tif"},"geometry":{"type":"Point","coordinates":[50.42816153010174,29.89539513395698]}},{"type":"Feature","properties":{"id":"CH4_PlumeComplex-1036","date":"2023-08-24T17:53:37Z","scenes":"emit20230824t175337","peak":4435.0,"download":"https://data.lpdaac.earthdatacloud.nasa.gov/lp-prod-protected/EMITL2BCH4PLM.002/EMIT_L2B_CH4PLM_002_20230824T175337_001036/EMIT_L2B_CH4PLM_002_20230824T175337_001036.tif"},"geometry":{"type":"Point","coordinates":[-101.93266987169426,32.287725013328036]}},{"type":"Feature","properties":{"id":"CH4_PlumeComplex-1037","date":"2023-08-24T17:53:37Z","scenes":"emit20230824t175337","peak":2755.0,"download":"https://data.lpdaac.earthdatacloud.nasa.gov/lp-prod-protected/EMITL2BCH4PLM.002/EMIT_L2B_CH4PLM_002_20230824T175337_001037/EMIT_L2B_CH4PLM_002_20230824T175337_001037.tif"},"geometry":{"type":"Point","coordinates":[-101.85241945869632,32.39617151737931]}},{"type":"Feature","properties":{"id":"CH4_PlumeComplex-1038","date":"2023-08-24T17:53:37Z","scenes":"emit20230824t175337","peak":2532.0,"download":"https://data.lpdaac.earthdatacloud.nasa.gov/lp-prod-protected/EMITL2BCH4PLM.002/EMIT_L2B_CH4PLM_002_20230824T175337_001038/EMIT_L2B_CH4PLM_002_20230824T175337_001038.tif"},"geometry":{"type":"Point","coordinates":[-101.9158606635663,32.481844255579816]}},{"type":"Feature","properties":{"id":"CH4_PlumeComplex-1039","date":"2023-08-24T17:54:01Z","scenes":"emit20230824t175401","peak":1715.0,"download":"https://data.lpdaac.earthdatacloud.nasa.gov/lp-prod-protected/EMITL2BCH4PLM.002/EMIT_L2B_CH4PLM_002_20230824T175401_001039/EMIT_L2B_CH4PLM_002_20230824T175401_001039.tif"},"geometry":{"type":"Point","coordinates":[-101.20499382951022,31.095897933804544]}},{"type":"Feature","properties":{"id":"CH4_PlumeComplex-1044","date":"2023-08-24T08:39:31Z","scenes":"emit20230824t083931","peak":3514.0,"download":"https://data.lpdaac.earthdatacloud.nasa.gov/lp-prod-protected/EMITL2BCH4PLM.002/EMIT_L2B_CH4PLM_002_20230824T083931_001044/EMIT_L2B_CH4PLM_002_20230824T083931_001044.tif"},"geometry":{"type":"Point","coordinates":[48.402923066944176,23.80232830383623]}},{"type":"Feature","properties":{"id":"CH4_PlumeComplex-1045","date":"2023-08-24T08:39:07Z","scenes":"emit20230824t083907","peak":4090.0,"download":"https://data.lpdaac.earthdatacloud.nasa.gov/lp-prod-protected/EMITL2BCH4PLM.002/EMIT_L2B_CH4PLM_002_20230824T083907_001045/EMIT_L2B_CH4PLM_002_20230824T083907_001045.tif"},"geometry":{"type":"Point","coordinates":[47.361294395531694,25.130255745944076]}},{"type":"Feature","properties":{"id":"CH4_PlumeComplex-1048","date":"2023-08-24T07:01:01Z","scenes":"emit20230824t070101","peak":1309.0,"download":"https://data.lpdaac.earthdatacloud.nasa.gov/lp-prod-protected/EMITL2BCH4PLM.002/EMIT_L2B_CH4PLM_002_20230824T070101_001048/EMIT_L2B_CH4PLM_002_20230824T070101_001048.tif"},"geometry":{"type":"Point","coordinates":[54.15980573450607,38.50875871822934]}},{"type":"Feature","properties":{"id":"CH4_PlumeComplex-1049","date":"2023-08-24T07:01:01Z","scenes":"emit20230824t070101","peak":2106.0,"download":"https://data.lpdaac.earthdatacloud.nasa.gov/lp-prod-protected/EMITL2BCH4PLM.002/EMIT_L2B_CH4PLM_002_20230824T070101_001049/EMIT_L2B_CH4PLM_002_20230824T070101_001049.tif"},"geometry":{"type":"Point","coordinates":[54.18854405807966,38.516892206033184]}},{"type":"Feature","properties":{"id":"CH4_PlumeComplex-105","date":"2023-06-29T06:16:50Z","scenes":"emit20230629t061650","peak":4214.0,"download":"https://data.lpdaac.earthdatacloud.nasa.gov/lp-prod-protected/EMITL2BCH4PLM.002/EMIT_L2B_CH4PLM_002_20230629T061650_000105/EMIT_L2B_CH4PLM_002_20230629T061650_000105.tif"},"geometry":{"type":"Point","coordinates":[50.41297901953457,30.17789827701055]}},{"type":"Feature","properties":{"id":"CH4_PlumeComplex-1050","date":"2023-08-24T07:01:01Z","scenes":"emit20230824t070101","peak":4661.0,"download":"https://data.lpdaac.earthdatacloud.nasa.gov/lp-prod-protected/EMITL2BCH4PLM.002/EMIT_L2B_CH4PLM_002_20230824T070101_001050/EMIT_L2B_CH4PLM_002_20230824T070101_001050.tif"},"geometry":{"type":"Point","coordinates":[54.20264210360633,38.55755964505241]}},{"type":"Feature","properties":{"id":"CH4_PlumeComplex-1051","date":"2023-08-24T07:01:01Z","scenes":"emit20230824t070101","peak":7228.0,"download":"https://data.lpdaac.earthdatacloud.nasa.gov/lp-prod-protected/EMITL2BCH4PLM.002/EMIT_L2B_CH4PLM_002_20230824T070101_001051/EMIT_L2B_CH4PLM_002_20230824T070101_001051.tif"},"geometry":{"type":"Point","coordinates":[54.314342002779135,38.68118865967086]}},{"type":"Feature","properties":{"id":"CH4_PlumeComplex-1052","date":"2023-08-24T07:01:01Z","scenes":"emit20230824t070101","peak":10485.0,"download":"https://data.lpdaac.earthdatacloud.nasa.gov/lp-prod-protected/EMITL2BCH4PLM.002/EMIT_L2B_CH4PLM_002_20230824T070101_001052/EMIT_L2B_CH4PLM_002_20230824T070101_001052.tif"},"geometry":{"type":"Point","coordinates":[54.280181354002984,38.64811247593522]}},{"type":"Feature","properties":{"id":"CH4_PlumeComplex-1053","date":"2023-08-24T07:01:01Z","scenes":"emit20230824t070101","peak":4306.0,"download":"https://data.lpdaac.earthdatacloud.nasa.gov/lp-prod-protected/EMITL2BCH4PLM.002/EMIT_L2B_CH4PLM_002_20230824T070101_001053/EMIT_L2B_CH4PLM_002_20230824T070101_001053.tif"},"geometry":{"type":"Point","coordinates":[54.228127032058374,38.85687199623392]}},{"type":"Feature","properties":{"id":"CH4_PlumeComplex-1057","date":"2023-08-24T07:00:49Z","scenes":"emit20230824t070049","peak":7202.0,"download":"https://data.lpdaac.earthdatacloud.nasa.gov/lp-prod-protected/EMITL2BCH4PLM.002/EMIT_L2B_CH4PLM_002_20230824T070049_001057/EMIT_L2B_CH4PLM_002_20230824T070049_001057.tif"},"geometry":{"type":"Point","coordinates":[53.764518227239186,39.36006377503183]}},{"type":"Feature","properties":{"id":"CH4_PlumeComplex-1058","date":"2023-08-24T07:00:49Z","scenes":"emit20230824t070049","peak":10296.0,"download":"https://data.lpdaac.earthdatacloud.nasa.gov/lp-prod-protected/EMITL2BCH4PLM.002/EMIT_L2B_CH4PLM_002_20230824T070049_001058/EMIT_L2B_CH4PLM_002_20230824T070049_001058.tif"},"geometry":{"type":"Point","coordinates":[53.662036280910726,39.47555930184644]}},{"type":"Feature","properties":{"id":"CH4_PlumeComplex-1059","date":"2023-08-24T07:00:49Z","scenes":"emit20230824t070049","peak":3130.0,"download":"https://data.lpdaac.earthdatacloud.nasa.gov/lp-prod-protected/EMITL2BCH4PLM.002/EMIT_L2B_CH4PLM_002_20230824T070049_001059/EMIT_L2B_CH4PLM_002_20230824T070049_001059.tif"},"geometry":{"type":"Point","coordinates":[53.520513593123816,39.471763674204645]}},{"type":"Feature","properties":{"id":"CH4_PlumeComplex-106","date":"2023-06-29T06:16:50Z","scenes":"emit20230629t061650","peak":3637.0,"download":"https://data.lpdaac.earthdatacloud.nasa.gov/lp-prod-protected/EMITL2BCH4PLM.002/EMIT_L2B_CH4PLM_002_20230629T061650_000106/EMIT_L2B_CH4PLM_002_20230629T061650_000106.tif"},"geometry":{"type":"Point","coordinates":[50.61089388942814,30.06728284287825]}},{"type":"Feature","properties":{"id":"CH4_PlumeComplex-1061","date":"2023-08-24T07:00:37Z","scenes":"emit20230824t070037, emit20230824t070049","peak":2435.0,"download":"https://data.lpdaac.earthdatacloud.nasa.gov/lp-prod-protected/EMITL2BCH4PLM.002/EMIT_L2B_CH4PLM_002_20230824T070037_001061/EMIT_L2B_CH4PLM_002_20230824T070037_001061.tif"},"geometry":{"type":"Point","coordinates":[53.548167451656894,39.60623733922822]}},{"type":"Feature","properties":{"id":"CH4_PlumeComplex-1062","date":"2023-06-16T21:14:19Z","scenes":"emit20230616t211419","peak":1510.0,"download":"https://data.lpdaac.earthdatacloud.nasa.gov/lp-prod-protected/EMITL2BCH4PLM.002/EMIT_L2B_CH4PLM_002_20230616T211419_001062/EMIT_L2B_CH4PLM_002_20230616T211419_001062.tif"},"geometry":{"type":"Point","coordinates":[-101.88278447983075,31.671206637796637]}},{"type":"Feature","properties":{"id":"CH4_PlumeComplex-1063","date":"2023-06-16T21:14:19Z","scenes":"emit20230616t211419","peak":1484.0,"download":"https://data.lpdaac.earthdatacloud.nasa.gov/lp-prod-protected/EMITL2BCH4PLM.002/EMIT_L2B_CH4PLM_002_20230616T211419_001063/EMIT_L2B_CH4PLM_002_20230616T211419_001063.tif"},"geometry":{"type":"Point","coordinates":[-101.91640289608664,31.568182458947923]}},{"type":"Feature","properties":{"id":"CH4_PlumeComplex-107","date":"2023-06-29T06:17:27Z","scenes":"emit20230629t061727","peak":2888.0,"download":"https://data.lpdaac.earthdatacloud.nasa.gov/lp-prod-protected/EMITL2BCH4PLM.002/EMIT_L2B_CH4PLM_002_20230629T061727_000107/EMIT_L2B_CH4PLM_002_20230629T061727_000107.tif"},"geometry":{"type":"Point","coordinates":[52.044014440465695,28.64229577964458]}},{"type":"Feature","properties":{"id":"CH4_PlumeComplex-1073","date":"2023-08-20T19:28:43Z","scenes":"emit20230820t192843","peak":1049.0,"download":"https://data.lpdaac.earthdatacloud.nasa.gov/lp-prod-protected/EMITL2BCH4PLM.002/EMIT_L2B_CH4PLM_002_20230820T192843_001073/EMIT_L2B_CH4PLM_002_20230820T192843_001073.tif"},"geometry":{"type":"Point","coordinates":[-102.3382597968461,32.403220540142684]}},{"type":"Feature","properties":{"id":"CH4_PlumeComplex-1081","date":"2023-08-06T06:52:31Z","scenes":"emit20230806t065231","peak":1585.0,"download":"https://data.lpdaac.earthdatacloud.nasa.gov/lp-prod-protected/EMITL2BCH4PLM.002/EMIT_L2B_CH4PLM_002_20230806T065231_001081/EMIT_L2B_CH4PLM_002_20230806T065231_001081.tif"},"geometry":{"type":"Point","coordinates":[61.66321934981365,38.41169909710348]}},{"type":"Feature","properties":{"id":"CH4_PlumeComplex-1088","date":"2023-08-06T03:46:59Z","scenes":"emit20230806t034659","peak":4690.0,"download":"https://data.lpdaac.earthdatacloud.nasa.gov/lp-prod-protected/EMITL2BCH4PLM.002/EMIT_L2B_CH4PLM_002_20230806T034659_001088/EMIT_L2B_CH4PLM_002_20230806T034659_001088.tif"},"geometry":{"type":"Point","coordinates":[109.70176724940657,39.115516908396295]}},{"type":"Feature","properties":{"id":"CH4_PlumeComplex-1089","date":"2023-08-06T03:46:59Z","scenes":"emit20230806t034659","peak":3879.0,"download":"https://data.lpdaac.earthdatacloud.nasa.gov/lp-prod-protected/EMITL2BCH4PLM.002/EMIT_L2B_CH4PLM_002_20230806T034659_001089/EMIT_L2B_CH4PLM_002_20230806T034659_001089.tif"},"geometry":{"type":"Point","coordinates":[109.15031677630586,39.31885410349243]}},{"type":"Feature","properties":{"id":"CH4_PlumeComplex-1092","date":"2023-08-06T03:48:03Z","scenes":"emit20230806t034803","peak":2620.0,"download":"https://data.lpdaac.earthdatacloud.nasa.gov/lp-prod-protected/EMITL2BCH4PLM.002/EMIT_L2B_CH4PLM_002_20230806T034803_001092/EMIT_L2B_CH4PLM_002_20230806T034803_001092.tif"},"geometry":{"type":"Point","coordinates":[114.66048364715118,42.12056953565705]}},{"type":"Feature","properties":{"id":"CH4_PlumeComplex-1097","date":"2023-08-07T09:06:55Z","scenes":"emit20230807t090655","peak":1968.0,"download":"https://data.lpdaac.earthdatacloud.nasa.gov/lp-prod-protected/EMITL2BCH4PLM.002/EMIT_L2B_CH4PLM_002_20230807T090655_001097/EMIT_L2B_CH4PLM_002_20230807T090655_001097.tif"},"geometry":{"type":"Point","coordinates":[7.683971958292323,28.650971499968616]}},{"type":"Feature","properties":{"id":"CH4_PlumeComplex-1098","date":"2023-08-07T09:06:55Z","scenes":"emit20230807t090655","peak":1850.0,"download":"https://data.lpdaac.earthdatacloud.nasa.gov/lp-prod-protected/EMITL2BCH4PLM.002/EMIT_L2B_CH4PLM_002_20230807T090655_001098/EMIT_L2B_CH4PLM_002_20230807T090655_001098.tif"},"geometry":{"type":"Point","coordinates":[7.613481730658996,28.637415686962207]}},{"type":"Feature","properties":{"id":"CH4_PlumeComplex-11","date":"2023-06-20T08:44:14Z","scenes":"emit20230620t084414","peak":9365.0,"download":"https://data.lpdaac.earthdatacloud.nasa.gov/lp-prod-protected/EMITL2BCH4PLM.002/EMIT_L2B_CH4PLM_002_20230620T084414_000011/EMIT_L2B_CH4PLM_002_20230620T084414_000011.tif"},"geometry":{"type":"Point","coordinates":[53.62679116709401,39.46091902379957]}},{"type":"Feature","properties":{"id":"CH4_PlumeComplex-110","date":"2023-06-29T06:18:50Z","scenes":"emit20230629t061850","peak":4210.0,"download":"https://data.lpdaac.earthdatacloud.nasa.gov/lp-prod-protected/EMITL2BCH4PLM.002/EMIT_L2B_CH4PLM_002_20230629T061850_000110/EMIT_L2B_CH4PLM_002_20230629T061850_000110.tif"},"geometry":{"type":"Point","coordinates":[55.622206841637464,24.995782080920513]}},{"type":"Feature","properties":{"id":"CH4_PlumeComplex-1100","date":"2023-08-07T07:35:11Z","scenes":"emit20230807t073511","peak":3151.0,"download":"https://data.lpdaac.earthdatacloud.nasa.gov/lp-prod-protected/EMITL2BCH4PLM.002/EMIT_L2B_CH4PLM_002_20230807T073511_001100/EMIT_L2B_CH4PLM_002_20230807T073511_001100.tif"},"geometry":{"type":"Point","coordinates":[34.737579091443195,31.319297732150225]}},{"type":"Feature","properties":{"id":"CH4_PlumeComplex-1103","date":"2023-06-17T11:00:03Z","scenes":"emit20230617t110003","peak":2054.0,"download":"https://data.lpdaac.earthdatacloud.nasa.gov/lp-prod-protected/EMITL2BCH4PLM.002/EMIT_L2B_CH4PLM_002_20230617T110003_001103/EMIT_L2B_CH4PLM_002_20230617T110003_001103.tif"},"geometry":{"type":"Point","coordinates":[3.613974661248029,50.369552866317186]}},{"type":"Feature","properties":{"id":"CH4_PlumeComplex-1108","date":"2023-08-25T17:05:57Z","scenes":"emit20230825t170557, emit20230825t170609","peak":2981.0,"download":"https://data.lpdaac.earthdatacloud.nasa.gov/lp-prod-protected/EMITL2BCH4PLM.002/EMIT_L2B_CH4PLM_002_20230825T170557_001108/EMIT_L2B_CH4PLM_002_20230825T170557_001108.tif"},"geometry":{"type":"Point","coordinates":[-96.9549753357409,33.03166803111979]}},{"type":"Feature","properties":{"id":"CH4_PlumeComplex-1109","date":"2023-08-25T17:06:09Z","scenes":"emit20230825t170609","peak":3274.0,"download":"https://data.lpdaac.earthdatacloud.nasa.gov/lp-prod-protected/EMITL2BCH4PLM.002/EMIT_L2B_CH4PLM_002_20230825T170609_001109/EMIT_L2B_CH4PLM_002_20230825T170609_001109.tif"},"geometry":{"type":"Point","coordinates":[-96.728864374794,32.67921689295315]}},{"type":"Feature","properties":{"id":"CH4_PlumeComplex-1110","date":"2023-06-19T11:07:48Z","scenes":"emit20230619t110748","peak":2474.0,"download":"https://data.lpdaac.earthdatacloud.nasa.gov/lp-prod-protected/EMITL2BCH4PLM.002/EMIT_L2B_CH4PLM_002_20230619T110748_001110/EMIT_L2B_CH4PLM_002_20230619T110748_001110.tif"},"geometry":{"type":"Point","coordinates":[34.74191695160532,31.31224870938684]}},{"type":"Feature","properties":{"id":"CH4_PlumeComplex-1111","date":"2023-08-25T17:06:09Z","scenes":"emit20230825t170609","peak":2298.0,"download":"https://data.lpdaac.earthdatacloud.nasa.gov/lp-prod-protected/EMITL2BCH4PLM.002/EMIT_L2B_CH4PLM_002_20230825T170609_001111/EMIT_L2B_CH4PLM_002_20230825T170609_001111.tif"},"geometry":{"type":"Point","coordinates":[-96.69578819105837,32.54799662305111]}},{"type":"Feature","properties":{"id":"CH4_PlumeComplex-1112","date":"2023-08-25T07:47:43Z","scenes":"emit20230825t074743","peak":1391.0,"download":"https://data.lpdaac.earthdatacloud.nasa.gov/lp-prod-protected/EMITL2BCH4PLM.002/EMIT_L2B_CH4PLM_002_20230825T074743_001112/EMIT_L2B_CH4PLM_002_20230825T074743_001112.tif"},"geometry":{"type":"Point","coordinates":[40.81871680611843,36.12998465186466]}},{"type":"Feature","properties":{"id":"CH4_PlumeComplex-1114","date":"2023-08-25T07:50:05Z","scenes":"emit20230825t075005","peak":3081.0,"download":"https://data.lpdaac.earthdatacloud.nasa.gov/lp-prod-protected/EMITL2BCH4PLM.002/EMIT_L2B_CH4PLM_002_20230825T075005_001114/EMIT_L2B_CH4PLM_002_20230825T075005_001114.tif"},"geometry":{"type":"Point","coordinates":[47.75061734507583,30.26411324773128]}},{"type":"Feature","properties":{"id":"CH4_PlumeComplex-1115","date":"2023-08-25T07:50:05Z","scenes":"emit20230825t075005","peak":4226.0,"download":"https://data.lpdaac.earthdatacloud.nasa.gov/lp-prod-protected/EMITL2BCH4PLM.002/EMIT_L2B_CH4PLM_002_20230825T075005_001115/EMIT_L2B_CH4PLM_002_20230825T075005_001115.tif"},"geometry":{"type":"Point","coordinates":[47.81785417758762,30.212058925786675]}},{"type":"Feature","properties":{"id":"CH4_PlumeComplex-1116","date":"2023-08-25T06:13:13Z","scenes":"emit20230825t061313","peak":1724.0,"download":"https://data.lpdaac.earthdatacloud.nasa.gov/lp-prod-protected/EMITL2BCH4PLM.002/EMIT_L2B_CH4PLM_002_20230825T061313_001116/EMIT_L2B_CH4PLM_002_20230825T061313_001116.tif"},"geometry":{"type":"Point","coordinates":[58.438562551849024,40.25257850337389]}},{"type":"Feature","properties":{"id":"CH4_PlumeComplex-112","date":"2023-06-29T04:40:14Z","scenes":"emit20230629t044014","peak":4327.0,"download":"https://data.lpdaac.earthdatacloud.nasa.gov/lp-prod-protected/EMITL2BCH4PLM.002/EMIT_L2B_CH4PLM_002_20230629T044014_000112/EMIT_L2B_CH4PLM_002_20230629T044014_000112.tif"},"geometry":{"type":"Point","coordinates":[61.0396519515188,40.05032577331828]}},{"type":"Feature","properties":{"id":"CH4_PlumeComplex-1125","date":"2023-08-18T21:00:19Z","scenes":"emit20230818t210019","peak":2621.0,"download":"https://data.lpdaac.earthdatacloud.nasa.gov/lp-prod-protected/EMITL2BCH4PLM.002/EMIT_L2B_CH4PLM_002_20230818T210019_001125/EMIT_L2B_CH4PLM_002_20230818T210019_001125.tif"},"geometry":{"type":"Point","coordinates":[-121.90526252281713,38.16064544022483]}},{"type":"Feature","properties":{"id":"CH4_PlumeComplex-113","date":"2023-06-29T04:40:50Z","scenes":"emit20230629t044050","peak":1445.0,"download":"https://data.lpdaac.earthdatacloud.nasa.gov/lp-prod-protected/EMITL2BCH4PLM.002/EMIT_L2B_CH4PLM_002_20230629T044050_000113/EMIT_L2B_CH4PLM_002_20230629T044050_000113.tif"},"geometry":{"type":"Point","coordinates":[62.889207078113266,38.66112605642146]}},{"type":"Feature","properties":{"id":"CH4_PlumeComplex-114","date":"2023-06-29T04:40:50Z","scenes":"emit20230629t044050","peak":1281.0,"download":"https://data.lpdaac.earthdatacloud.nasa.gov/lp-prod-protected/EMITL2BCH4PLM.002/EMIT_L2B_CH4PLM_002_20230629T044050_000114/EMIT_L2B_CH4PLM_002_20230629T044050_000114.tif"},"geometry":{"type":"Point","coordinates":[63.106642318736064,38.68010419463044]}},{"type":"Feature","properties":{"id":"CH4_PlumeComplex-1158","date":"2023-06-19T08:03:47Z","scenes":"emit20230619t080347","peak":2527.0,"download":"https://data.lpdaac.earthdatacloud.nasa.gov/lp-prod-protected/EMITL2BCH4PLM.002/EMIT_L2B_CH4PLM_002_20230619T080347_001158/EMIT_L2B_CH4PLM_002_20230619T080347_001158.tif"},"geometry":{"type":"Point","coordinates":[86.80166122141908,25.961498199497026]}},{"type":"Feature","properties":{"id":"CH4_PlumeComplex-1166","date":"2023-08-26T10:06:04Z","scenes":"emit20230826t100604","peak":2111.0,"download":"https://data.lpdaac.earthdatacloud.nasa.gov/lp-prod-protected/EMITL2BCH4PLM.002/EMIT_L2B_CH4PLM_002_20230826T100604_001166/EMIT_L2B_CH4PLM_002_20230826T100604_001166.tif"},"geometry":{"type":"Point","coordinates":[-0.4489736130329296,35.67776272997087]}},{"type":"Feature","properties":{"id":"CH4_PlumeComplex-1167","date":"2023-08-26T10:06:04Z","scenes":"emit20230826t100604","peak":1637.0,"download":"https://data.lpdaac.earthdatacloud.nasa.gov/lp-prod-protected/EMITL2BCH4PLM.002/EMIT_L2B_CH4PLM_002_20230826T100604_001167/EMIT_L2B_CH4PLM_002_20230826T100604_001167.tif"},"geometry":{"type":"Point","coordinates":[-0.29606404232063416,35.82199658035907]}},{"type":"Feature","properties":{"id":"CH4_PlumeComplex-1168","date":"2023-08-26T10:07:35Z","scenes":"emit20230826t100735","peak":1394.0,"download":"https://data.lpdaac.earthdatacloud.nasa.gov/lp-prod-protected/EMITL2BCH4PLM.002/EMIT_L2B_CH4PLM_002_20230826T100735_001168/EMIT_L2B_CH4PLM_002_20230826T100735_001168.tif"},"geometry":{"type":"Point","coordinates":[4.008177703474403,32.40918509786551]}},{"type":"Feature","properties":{"id":"CH4_PlumeComplex-1169","date":"2023-08-26T10:08:34Z","scenes":"emit20230826t100834","peak":1231.0,"download":"https://data.lpdaac.earthdatacloud.nasa.gov/lp-prod-protected/EMITL2BCH4PLM.002/EMIT_L2B_CH4PLM_002_20230826T100834_001169/EMIT_L2B_CH4PLM_002_20230826T100834_001169.tif"},"geometry":{"type":"Point","coordinates":[6.961176008790578,29.64651040715932]}},{"type":"Feature","properties":{"id":"CH4_PlumeComplex-1170","date":"2023-08-26T10:08:34Z","scenes":"emit20230826t100834","peak":1559.0,"download":"https://data.lpdaac.earthdatacloud.nasa.gov/lp-prod-protected/EMITL2BCH4PLM.002/EMIT_L2B_CH4PLM_002_20230826T100834_001170/EMIT_L2B_CH4PLM_002_20230826T100834_001170.tif"},"geometry":{"type":"Point","coordinates":[6.957922613669041,29.623194408788294]}},{"type":"Feature","properties":{"id":"CH4_PlumeComplex-1171","date":"2023-08-26T08:35:22Z","scenes":"emit20230826t083522","peak":2328.0,"download":"https://data.lpdaac.earthdatacloud.nasa.gov/lp-prod-protected/EMITL2BCH4PLM.002/EMIT_L2B_CH4PLM_002_20230826T083522_001171/EMIT_L2B_CH4PLM_002_20230826T083522_001171.tif"},"geometry":{"type":"Point","coordinates":[29.423700392930872,30.74398902815822]}},{"type":"Feature","properties":{"id":"CH4_PlumeComplex-1173","date":"2023-08-26T08:35:46Z","scenes":"emit20230826t083546","peak":1548.0,"download":"https://data.lpdaac.earthdatacloud.nasa.gov/lp-prod-protected/EMITL2BCH4PLM.002/EMIT_L2B_CH4PLM_002_20230826T083546_001173/EMIT_L2B_CH4PLM_002_20230826T083546_001173.tif"},"geometry":{"type":"Point","coordinates":[31.162097852872787,29.87695922826829]}},{"type":"Feature","properties":{"id":"CH4_PlumeComplex-1174","date":"2023-08-26T08:35:46Z","scenes":"emit20230826t083546","peak":1358.0,"download":"https://data.lpdaac.earthdatacloud.nasa.gov/lp-prod-protected/EMITL2BCH4PLM.002/EMIT_L2B_CH4PLM_002_20230826T083546_001174/EMIT_L2B_CH4PLM_002_20230826T083546_001174.tif"},"geometry":{"type":"Point","coordinates":[31.34916807236123,29.77827290958163]}},{"type":"Feature","properties":{"id":"CH4_PlumeComplex-1176","date":"2023-08-26T05:26:20Z","scenes":"emit20230826t052620","peak":3625.0,"download":"https://data.lpdaac.earthdatacloud.nasa.gov/lp-prod-protected/EMITL2BCH4PLM.002/EMIT_L2B_CH4PLM_002_20230826T052620_001176/EMIT_L2B_CH4PLM_002_20230826T052620_001176.tif"},"geometry":{"type":"Point","coordinates":[65.30431072333515,39.1773314157055]}},{"type":"Feature","properties":{"id":"CH4_PlumeComplex-1177","date":"2023-08-15T09:20:26Z","scenes":"emit20230815t092026, emit20230815t092038","peak":5887.0,"download":"https://data.lpdaac.earthdatacloud.nasa.gov/lp-prod-protected/EMITL2BCH4PLM.002/EMIT_L2B_CH4PLM_002_20230815T092026_001177/EMIT_L2B_CH4PLM_002_20230815T092026_001177.tif"},"geometry":{"type":"Point","coordinates":[54.08226648410935,47.000662217964326]}},{"type":"Feature","properties":{"id":"CH4_PlumeComplex-1178","date":"2023-08-07T07:35:11Z","scenes":"emit20230807t073511","peak":1738.0,"download":"https://data.lpdaac.earthdatacloud.nasa.gov/lp-prod-protected/EMITL2BCH4PLM.002/EMIT_L2B_CH4PLM_002_20230807T073511_001178/EMIT_L2B_CH4PLM_002_20230807T073511_001178.tif"},"geometry":{"type":"Point","coordinates":[35.23805970763982,31.607765432926616]}},{"type":"Feature","properties":{"id":"CH4_PlumeComplex-1181","date":"2023-08-17T20:15:10Z","scenes":"emit20230817t201510","peak":9624.0,"download":"https://data.lpdaac.earthdatacloud.nasa.gov/lp-prod-protected/EMITL2BCH4PLM.002/EMIT_L2B_CH4PLM_002_20230817T201510_001181/EMIT_L2B_CH4PLM_002_20230817T201510_001181.tif"},"geometry":{"type":"Point","coordinates":[-101.42730916281542,35.64522877875555]}},{"type":"Feature","properties":{"id":"CH4_PlumeComplex-1183","date":"2023-08-17T10:58:03Z","scenes":"emit20230817t105803","peak":1899.0,"download":"https://data.lpdaac.earthdatacloud.nasa.gov/lp-prod-protected/EMITL2BCH4PLM.002/EMIT_L2B_CH4PLM_002_20230817T105803_001183/EMIT_L2B_CH4PLM_002_20230817T105803_001183.tif"},"geometry":{"type":"Point","coordinates":[40.37191720942718,35.348627590175234]}},{"type":"Feature","properties":{"id":"CH4_PlumeComplex-1184","date":"2023-08-17T10:58:03Z","scenes":"emit20230817t105803","peak":1952.0,"download":"https://data.lpdaac.earthdatacloud.nasa.gov/lp-prod-protected/EMITL2BCH4PLM.002/EMIT_L2B_CH4PLM_002_20230817T105803_001184/EMIT_L2B_CH4PLM_002_20230817T105803_001184.tif"},"geometry":{"type":"Point","coordinates":[40.416380276088205,35.36923242594497]}},{"type":"Feature","properties":{"id":"CH4_PlumeComplex-1185","date":"2023-08-17T10:58:03Z","scenes":"emit20230817t105803","peak":3335.0,"download":"https://data.lpdaac.earthdatacloud.nasa.gov/lp-prod-protected/EMITL2BCH4PLM.002/EMIT_L2B_CH4PLM_002_20230817T105803_001185/EMIT_L2B_CH4PLM_002_20230817T105803_001185.tif"},"geometry":{"type":"Point","coordinates":[40.44511859966179,35.30633345359524]}},{"type":"Feature","properties":{"id":"CH4_PlumeComplex-1186","date":"2023-08-17T10:58:03Z","scenes":"emit20230817t105803","peak":2092.0,"download":"https://data.lpdaac.earthdatacloud.nasa.gov/lp-prod-protected/EMITL2BCH4PLM.002/EMIT_L2B_CH4PLM_002_20230817T105803_001186/EMIT_L2B_CH4PLM_002_20230817T105803_001186.tif"},"geometry":{"type":"Point","coordinates":[40.42776715901359,35.29874219831164]}},{"type":"Feature","properties":{"id":"CH4_PlumeComplex-1187","date":"2023-08-17T10:58:03Z","scenes":"emit20230817t105803","peak":1070.0,"download":"https://data.lpdaac.earthdatacloud.nasa.gov/lp-prod-protected/EMITL2BCH4PLM.002/EMIT_L2B_CH4PLM_002_20230817T105803_001187/EMIT_L2B_CH4PLM_002_20230817T105803_001187.tif"},"geometry":{"type":"Point","coordinates":[40.43969627445923,35.38441493651215]}},{"type":"Feature","properties":{"id":"CH4_PlumeComplex-1189","date":"2023-08-17T09:24:16Z","scenes":"emit20230817t092416","peak":2287.0,"download":"https://data.lpdaac.earthdatacloud.nasa.gov/lp-prod-protected/EMITL2BCH4PLM.002/EMIT_L2B_CH4PLM_002_20230817T092416_001189/EMIT_L2B_CH4PLM_002_20230817T092416_001189.tif"},"geometry":{"type":"Point","coordinates":[61.027722836073195,37.476890232181546]}},{"type":"Feature","properties":{"id":"CH4_PlumeComplex-1190","date":"2023-08-17T09:24:16Z","scenes":"emit20230817t092416","peak":1912.0,"download":"https://data.lpdaac.earthdatacloud.nasa.gov/lp-prod-protected/EMITL2BCH4PLM.002/EMIT_L2B_CH4PLM_002_20230817T092416_001190/EMIT_L2B_CH4PLM_002_20230817T092416_001190.tif"},"geometry":{"type":"Point","coordinates":[61.02501167347191,37.44706744356745]}},{"type":"Feature","properties":{"id":"CH4_PlumeComplex-1193","date":"2023-08-24T07:00:49Z","scenes":"emit20230824t070049","peak":1329.0,"download":"https://data.lpdaac.earthdatacloud.nasa.gov/lp-prod-protected/EMITL2BCH4PLM.002/EMIT_L2B_CH4PLM_002_20230824T070049_001193/EMIT_L2B_CH4PLM_002_20230824T070049_001193.tif"},"geometry":{"type":"Point","coordinates":[53.99767821094942,39.10738342059236]}},{"type":"Feature","properties":{"id":"CH4_PlumeComplex-12","date":"2023-06-20T08:44:14Z","scenes":"emit20230620t084414","peak":2116.0,"download":"https://data.lpdaac.earthdatacloud.nasa.gov/lp-prod-protected/EMITL2BCH4PLM.002/EMIT_L2B_CH4PLM_002_20230620T084414_000012/EMIT_L2B_CH4PLM_002_20230620T084414_000012.tif"},"geometry":{"type":"Point","coordinates":[53.886520544296815,39.34433903194445]}},{"type":"Feature","properties":{"id":"CH4_PlumeComplex-1201","date":"2023-08-28T08:34:09Z","scenes":"emit20230828t083409, emit20230828t083421","peak":786.0,"download":"https://data.lpdaac.earthdatacloud.nasa.gov/lp-prod-protected/EMITL2BCH4PLM.002/EMIT_L2B_CH4PLM_002_20230828T083409_001201/EMIT_L2B_CH4PLM_002_20230828T083409_001201.tif"},"geometry":{"type":"Point","coordinates":[20.647124820061332,29.074997330809087]}},{"type":"Feature","properties":{"id":"CH4_PlumeComplex-1202","date":"2023-08-28T08:34:21Z","scenes":"emit20230828t083421","peak":898.0,"download":"https://data.lpdaac.earthdatacloud.nasa.gov/lp-prod-protected/EMITL2BCH4PLM.002/EMIT_L2B_CH4PLM_002_20230828T083421_001202/EMIT_L2B_CH4PLM_002_20230828T083421_001202.tif"},"geometry":{"type":"Point","coordinates":[20.85425764279927,28.83695725441654]}},{"type":"Feature","properties":{"id":"CH4_PlumeComplex-1203","date":"2023-08-28T07:02:35Z","scenes":"emit20230828t070235","peak":2011.0,"download":"https://data.lpdaac.earthdatacloud.nasa.gov/lp-prod-protected/EMITL2BCH4PLM.002/EMIT_L2B_CH4PLM_002_20230828T070235_001203/EMIT_L2B_CH4PLM_002_20230828T070235_001203.tif"},"geometry":{"type":"Point","coordinates":[47.36346332561276,25.13405137358585]}},{"type":"Feature","properties":{"id":"CH4_PlumeComplex-1204","date":"2023-08-28T07:03:10Z","scenes":"emit20230828t070310","peak":962.0,"download":"https://data.lpdaac.earthdatacloud.nasa.gov/lp-prod-protected/EMITL2BCH4PLM.002/EMIT_L2B_CH4PLM_002_20230828T070310_001204/EMIT_L2B_CH4PLM_002_20230828T070310_001204.tif"},"geometry":{"type":"Point","coordinates":[49.07474915954186,24.012172289175428]}},{"type":"Feature","properties":{"id":"CH4_PlumeComplex-1205","date":"2023-08-07T07:36:22Z","scenes":"emit20230807t073622","peak":3055.0,"download":"https://data.lpdaac.earthdatacloud.nasa.gov/lp-prod-protected/EMITL2BCH4PLM.002/EMIT_L2B_CH4PLM_002_20230807T073622_001205/EMIT_L2B_CH4PLM_002_20230807T073622_001205.tif"},"geometry":{"type":"Point","coordinates":[38.858004012871326,34.86549841462687]}},{"type":"Feature","properties":{"id":"CH4_PlumeComplex-13","date":"2023-06-20T08:44:14Z","scenes":"emit20230620t084414","peak":1062.0,"download":"https://data.lpdaac.earthdatacloud.nasa.gov/lp-prod-protected/EMITL2BCH4PLM.002/EMIT_L2B_CH4PLM_002_20230620T084414_000013/EMIT_L2B_CH4PLM_002_20230620T084414_000013.tif"},"geometry":{"type":"Point","coordinates":[53.61486205164837,39.453870001036236]}},{"type":"Feature","properties":{"id":"CH4_PlumeComplex-1305","date":"2023-08-09T16:50:40Z","scenes":"emit20230809t165040","peak":3131.0,"download":"https://data.lpdaac.earthdatacloud.nasa.gov/lp-prod-protected/EMITL2BCH4PLM.002/EMIT_L2B_CH4PLM_002_20230809T165040_001305/EMIT_L2B_CH4PLM_002_20230809T165040_001305.tif"},"geometry":{"type":"Point","coordinates":[-116.74158223241585,32.40810063282495]}},{"type":"Feature","properties":{"id":"CH4_PlumeComplex-133","date":"2023-06-29T04:41:01Z","scenes":"emit20230629t044101","peak":2216.0,"download":"https://data.lpdaac.earthdatacloud.nasa.gov/lp-prod-protected/EMITL2BCH4PLM.002/EMIT_L2B_CH4PLM_002_20230629T044101_000133/EMIT_L2B_CH4PLM_002_20230629T044101_000133.tif"},"geometry":{"type":"Point","coordinates":[63.24653830896221,37.91718303862973]}},{"type":"Feature","properties":{"id":"CH4_PlumeComplex-134","date":"2023-06-29T04:40:50Z","scenes":"emit20230629t044050, emit20230629t044101","peak":1180.0,"download":"https://data.lpdaac.earthdatacloud.nasa.gov/lp-prod-protected/EMITL2BCH4PLM.002/EMIT_L2B_CH4PLM_002_20230629T044050_000134/EMIT_L2B_CH4PLM_002_20230629T044050_000134.tif"},"geometry":{"type":"Point","coordinates":[63.178217011409906,37.9996023817087]}},{"type":"Feature","properties":{"id":"CH4_PlumeComplex-1340","date":"2023-09-15T04:26:28Z","scenes":"emit20230915t042628","peak":7365.0,"download":"https://data.lpdaac.earthdatacloud.nasa.gov/lp-prod-protected/EMITL2BCH4PLM.002/EMIT_L2B_CH4PLM_002_20230915T042628_001340/EMIT_L2B_CH4PLM_002_20230915T042628_001340.tif"},"geometry":{"type":"Point","coordinates":[151.45909363434933,-33.1136504173936]}},{"type":"Feature","properties":{"id":"CH4_PlumeComplex-1342","date":"2023-08-09T07:32:00Z","scenes":"emit20230809t073200","peak":1388.0,"download":"https://data.lpdaac.earthdatacloud.nasa.gov/lp-prod-protected/EMITL2BCH4PLM.002/EMIT_L2B_CH4PLM_002_20230809T073200_001342/EMIT_L2B_CH4PLM_002_20230809T073200_001342.tif"},"geometry":{"type":"Point","coordinates":[19.905892964870837,28.03662205451819]}},{"type":"Feature","properties":{"id":"CH4_PlumeComplex-1344","date":"2023-08-09T07:32:00Z","scenes":"emit20230809t073200","peak":1140.0,"download":"https://data.lpdaac.earthdatacloud.nasa.gov/lp-prod-protected/EMITL2BCH4PLM.002/EMIT_L2B_CH4PLM_002_20230809T073200_001344/EMIT_L2B_CH4PLM_002_20230809T073200_001344.tif"},"geometry":{"type":"Point","coordinates":[19.912399755113917,28.20688306587869]}},{"type":"Feature","properties":{"id":"CH4_PlumeComplex-1345","date":"2023-08-09T07:32:12Z","scenes":"emit20230809t073212","peak":1715.0,"download":"https://data.lpdaac.earthdatacloud.nasa.gov/lp-prod-protected/EMITL2BCH4PLM.002/EMIT_L2B_CH4PLM_002_20230809T073212_001345/EMIT_L2B_CH4PLM_002_20230809T073212_001345.tif"},"geometry":{"type":"Point","coordinates":[20.96324637937075,28.8976872966853]}},{"type":"Feature","properties":{"id":"CH4_PlumeComplex-1371","date":"2023-08-09T06:01:51Z","scenes":"emit20230809t060151","peak":3864.0,"download":"https://data.lpdaac.earthdatacloud.nasa.gov/lp-prod-protected/EMITL2BCH4PLM.002/EMIT_L2B_CH4PLM_002_20230809T060151_001371/EMIT_L2B_CH4PLM_002_20230809T060151_001371.tif"},"geometry":{"type":"Point","coordinates":[51.3369432340514,35.45436293162525]}},{"type":"Feature","properties":{"id":"CH4_PlumeComplex-1372","date":"2023-08-09T06:03:49Z","scenes":"emit20230809t060349","peak":1220.0,"download":"https://data.lpdaac.earthdatacloud.nasa.gov/lp-prod-protected/EMITL2BCH4PLM.002/EMIT_L2B_CH4PLM_002_20230809T060349_001372/EMIT_L2B_CH4PLM_002_20230809T060349_001372.tif"},"geometry":{"type":"Point","coordinates":[58.443442644531345,40.25149403833332]}},{"type":"Feature","properties":{"id":"CH4_PlumeComplex-1378","date":"2023-08-09T04:30:25Z","scenes":"emit20230809t043025","peak":1538.0,"download":"https://data.lpdaac.earthdatacloud.nasa.gov/lp-prod-protected/EMITL2BCH4PLM.002/EMIT_L2B_CH4PLM_002_20230809T043025_001378/EMIT_L2B_CH4PLM_002_20230809T043025_001378.tif"},"geometry":{"type":"Point","coordinates":[80.05574643690963,38.75276335234477]}},{"type":"Feature","properties":{"id":"CH4_PlumeComplex-138","date":"2023-06-29T01:34:41Z","scenes":"emit20230629t013441, emit20230629t013453","peak":5068.0,"download":"https://data.lpdaac.earthdatacloud.nasa.gov/lp-prod-protected/EMITL2BCH4PLM.002/EMIT_L2B_CH4PLM_002_20230629T013441_000138/EMIT_L2B_CH4PLM_002_20230629T013441_000138.tif"},"geometry":{"type":"Point","coordinates":[108.40095143331142,39.21311876204244]}},{"type":"Feature","properties":{"id":"CH4_PlumeComplex-1384","date":"2023-08-10T05:15:16Z","scenes":"emit20230810t051516","peak":3256.0,"download":"https://data.lpdaac.earthdatacloud.nasa.gov/lp-prod-protected/EMITL2BCH4PLM.002/EMIT_L2B_CH4PLM_002_20230810T051516_001384/EMIT_L2B_CH4PLM_002_20230810T051516_001384.tif"},"geometry":{"type":"Point","coordinates":[61.02989176615421,37.476890232181496]}},{"type":"Feature","properties":{"id":"CH4_PlumeComplex-139","date":"2023-06-29T01:34:53Z","scenes":"emit20230629t013453","peak":5583.0,"download":"https://data.lpdaac.earthdatacloud.nasa.gov/lp-prod-protected/EMITL2BCH4PLM.002/EMIT_L2B_CH4PLM_002_20230629T013453_000139/EMIT_L2B_CH4PLM_002_20230629T013453_000139.tif"},"geometry":{"type":"Point","coordinates":[108.62380899913678,39.07647616693783]}},{"type":"Feature","properties":{"id":"CH4_PlumeComplex-1399","date":"2023-08-10T06:51:40Z","scenes":"emit20230810t065140, emit20230810t065152","peak":7153.0,"download":"https://data.lpdaac.earthdatacloud.nasa.gov/lp-prod-protected/EMITL2BCH4PLM.002/EMIT_L2B_CH4PLM_002_20230810T065140_001399/EMIT_L2B_CH4PLM_002_20230810T065140_001399.tif"},"geometry":{"type":"Point","coordinates":[52.370980650180336,45.32787489297342]}},{"type":"Feature","properties":{"id":"CH4_PlumeComplex-14","date":"2023-06-20T08:44:14Z","scenes":"emit20230620t084414","peak":2617.0,"download":"https://data.lpdaac.earthdatacloud.nasa.gov/lp-prod-protected/EMITL2BCH4PLM.002/EMIT_L2B_CH4PLM_002_20230620T084414_000014/EMIT_L2B_CH4PLM_002_20230620T084414_000014.tif"},"geometry":{"type":"Point","coordinates":[53.70975274269323,39.486403952251614]}},{"type":"Feature","properties":{"id":"CH4_PlumeComplex-140","date":"2023-06-29T01:34:53Z","scenes":"emit20230629t013453","peak":3553.0,"download":"https://data.lpdaac.earthdatacloud.nasa.gov/lp-prod-protected/EMITL2BCH4PLM.002/EMIT_L2B_CH4PLM_002_20230629T013453_000140/EMIT_L2B_CH4PLM_002_20230629T013453_000140.tif"},"geometry":{"type":"Point","coordinates":[109.04187027225446,39.07701839945809]}},{"type":"Feature","properties":{"id":"CH4_PlumeComplex-1407","date":"2023-08-10T05:15:28Z","scenes":"emit20230810t051528","peak":7745.0,"download":"https://data.lpdaac.earthdatacloud.nasa.gov/lp-prod-protected/EMITL2BCH4PLM.002/EMIT_L2B_CH4PLM_002_20230810T051528_001407/EMIT_L2B_CH4PLM_002_20230810T051528_001407.tif"},"geometry":{"type":"Point","coordinates":[61.65779702461108,38.415494724745265]}},{"type":"Feature","properties":{"id":"CH4_PlumeComplex-141","date":"2023-06-29T01:34:53Z","scenes":"emit20230629t013453","peak":3285.0,"download":"https://data.lpdaac.earthdatacloud.nasa.gov/lp-prod-protected/EMITL2BCH4PLM.002/EMIT_L2B_CH4PLM_002_20230629T013453_000141/EMIT_L2B_CH4PLM_002_20230629T013453_000141.tif"},"geometry":{"type":"Point","coordinates":[109.14543668362342,39.31939633601269]}},{"type":"Feature","properties":{"id":"CH4_PlumeComplex-1410","date":"2023-08-10T05:15:52Z","scenes":"emit20230810t051552","peak":13153.0,"download":"https://data.lpdaac.earthdatacloud.nasa.gov/lp-prod-protected/EMITL2BCH4PLM.002/EMIT_L2B_CH4PLM_002_20230810T051552_001410/EMIT_L2B_CH4PLM_002_20230810T051552_001410.tif"},"geometry":{"type":"Point","coordinates":[63.04591227646738,38.63672559300987]}},{"type":"Feature","properties":{"id":"CH4_PlumeComplex-1411","date":"2023-08-10T05:15:52Z","scenes":"emit20230810t051552","peak":2080.0,"download":"https://data.lpdaac.earthdatacloud.nasa.gov/lp-prod-protected/EMITL2BCH4PLM.002/EMIT_L2B_CH4PLM_002_20230810T051552_001411/EMIT_L2B_CH4PLM_002_20230810T051552_001411.tif"},"geometry":{"type":"Point","coordinates":[63.049165671588916,38.610156199517306]}},{"type":"Feature","properties":{"id":"CH4_PlumeComplex-142","date":"2023-06-29T01:35:16Z","scenes":"emit20230629t013516","peak":2981.0,"download":"https://data.lpdaac.earthdatacloud.nasa.gov/lp-prod-protected/EMITL2BCH4PLM.002/EMIT_L2B_CH4PLM_002_20230629T013516_000142/EMIT_L2B_CH4PLM_002_20230629T013516_000142.tif"},"geometry":{"type":"Point","coordinates":[110.03957810952616,38.376996215807125]}},{"type":"Feature","properties":{"id":"CH4_PlumeComplex-1429","date":"2023-09-24T20:57:57Z","scenes":"emit20230924t205757","peak":2984.0,"download":"https://data.lpdaac.earthdatacloud.nasa.gov/lp-prod-protected/EMITL2BCH4PLM.002/EMIT_L2B_CH4PLM_002_20230924T205757_001429/EMIT_L2B_CH4PLM_002_20230924T205757_001429.tif"},"geometry":{"type":"Point","coordinates":[-100.30651454344513,25.875825461296543]}},{"type":"Feature","properties":{"id":"CH4_PlumeComplex-143","date":"2023-06-29T01:35:16Z","scenes":"emit20230629t013516","peak":9307.0,"download":"https://data.lpdaac.earthdatacloud.nasa.gov/lp-prod-protected/EMITL2BCH4PLM.002/EMIT_L2B_CH4PLM_002_20230629T013516_000143/EMIT_L2B_CH4PLM_002_20230629T013516_000143.tif"},"geometry":{"type":"Point","coordinates":[111.09313589638428,37.800060814254344]}},{"type":"Feature","properties":{"id":"CH4_PlumeComplex-1435","date":"2023-09-24T11:42:53Z","scenes":"emit20230924t114253","peak":2678.0,"download":"https://data.lpdaac.earthdatacloud.nasa.gov/lp-prod-protected/EMITL2BCH4PLM.002/EMIT_L2B_CH4PLM_002_20230924T114253_001435/EMIT_L2B_CH4PLM_002_20230924T114253_001435.tif"},"geometry":{"type":"Point","coordinates":[47.424193367881486,31.73193668006534]}},{"type":"Feature","properties":{"id":"CH4_PlumeComplex-1436","date":"2023-09-24T11:44:13Z","scenes":"emit20230924t114413","peak":3274.0,"download":"https://data.lpdaac.earthdatacloud.nasa.gov/lp-prod-protected/EMITL2BCH4PLM.002/EMIT_L2B_CH4PLM_002_20230924T114413_001436/EMIT_L2B_CH4PLM_002_20230924T114413_001436.tif"},"geometry":{"type":"Point","coordinates":[51.329351978767846,35.459785256827864]}},{"type":"Feature","properties":{"id":"CH4_PlumeComplex-1437","date":"2023-08-14T10:08:19Z","scenes":"emit20230814t100819","peak":13966.0,"download":"https://data.lpdaac.earthdatacloud.nasa.gov/lp-prod-protected/EMITL2BCH4PLM.002/EMIT_L2B_CH4PLM_002_20230814T100819_001437/EMIT_L2B_CH4PLM_002_20230814T100819_001437.tif"},"geometry":{"type":"Point","coordinates":[52.36664279001825,45.3419729385001]}},{"type":"Feature","properties":{"id":"CH4_PlumeComplex-1439","date":"2023-08-14T14:51:26Z","scenes":"emit20230814t145126","peak":2533.0,"download":"https://data.lpdaac.earthdatacloud.nasa.gov/lp-prod-protected/EMITL2BCH4PLM.002/EMIT_L2B_CH4PLM_002_20230814T145126_001439/EMIT_L2B_CH4PLM_002_20230814T145126_001439.tif"},"geometry":{"type":"Point","coordinates":[-0.4500580780734347,35.6783049624912]}},{"type":"Feature","properties":{"id":"CH4_PlumeComplex-144","date":"2023-06-26T10:12:32Z","scenes":"emit20230626t101232","peak":3606.0,"download":"https://data.lpdaac.earthdatacloud.nasa.gov/lp-prod-protected/EMITL2BCH4PLM.002/EMIT_L2B_CH4PLM_002_20230626T101232_000144/EMIT_L2B_CH4PLM_002_20230626T101232_000144.tif"},"geometry":{"type":"Point","coordinates":[5.994917657693744,31.777484211766836]}},{"type":"Feature","properties":{"id":"CH4_PlumeComplex-1440","date":"2023-08-14T14:52:25Z","scenes":"emit20230814t145225, emit20230814t145237","peak":1457.0,"download":"https://data.lpdaac.earthdatacloud.nasa.gov/lp-prod-protected/EMITL2BCH4PLM.002/EMIT_L2B_CH4PLM_002_20230814T145225_001440/EMIT_L2B_CH4PLM_002_20230814T145225_001440.tif"},"geometry":{"type":"Point","coordinates":[3.166090599516277,32.56209466857786]}},{"type":"Feature","properties":{"id":"CH4_PlumeComplex-1443","date":"2023-08-14T10:07:20Z","scenes":"emit20230814t100720","peak":1394.0,"download":"https://data.lpdaac.earthdatacloud.nasa.gov/lp-prod-protected/EMITL2BCH4PLM.002/EMIT_L2B_CH4PLM_002_20230814T100720_001443/EMIT_L2B_CH4PLM_002_20230814T100720_001443.tif"},"geometry":{"type":"Point","coordinates":[48.41647887995064,46.84937934481287]}},{"type":"Feature","properties":{"id":"CH4_PlumeComplex-1447","date":"2023-10-04T17:47:44Z","scenes":"emit20231004t174744","peak":4987.0,"download":"https://data.lpdaac.earthdatacloud.nasa.gov/lp-prod-protected/EMITL2BCH4PLM.002/EMIT_L2B_CH4PLM_002_20231004T174744_001447/EMIT_L2B_CH4PLM_002_20231004T174744_001447.tif"},"geometry":{"type":"Point","coordinates":[-104.15961883238757,32.566974761260134]}},{"type":"Feature","properties":{"id":"CH4_PlumeComplex-1448","date":"2023-10-04T17:47:44Z","scenes":"emit20231004t174744","peak":1564.0,"download":"https://data.lpdaac.earthdatacloud.nasa.gov/lp-prod-protected/EMITL2BCH4PLM.002/EMIT_L2B_CH4PLM_002_20231004T174744_001448/EMIT_L2B_CH4PLM_002_20231004T174744_001448.tif"},"geometry":{"type":"Point","coordinates":[-104.20191296896756,32.64017615149475]}},{"type":"Feature","properties":{"id":"CH4_PlumeComplex-1449","date":"2023-10-04T17:47:44Z","scenes":"emit20231004t174744","peak":2569.0,"download":"https://data.lpdaac.earthdatacloud.nasa.gov/lp-prod-protected/EMITL2BCH4PLM.002/EMIT_L2B_CH4PLM_002_20231004T174744_001449/EMIT_L2B_CH4PLM_002_20231004T174744_001449.tif"},"geometry":{"type":"Point","coordinates":[-104.28812793968832,32.764347398633454]}},{"type":"Feature","properties":{"id":"CH4_PlumeComplex-145","date":"2023-06-26T10:12:32Z","scenes":"emit20230626t101232","peak":4195.0,"download":"https://data.lpdaac.earthdatacloud.nasa.gov/lp-prod-protected/EMITL2BCH4PLM.002/EMIT_L2B_CH4PLM_002_20230626T101232_000145/EMIT_L2B_CH4PLM_002_20230626T101232_000145.tif"},"geometry":{"type":"Point","coordinates":[6.169516529216294,31.729767749984276]}},{"type":"Feature","properties":{"id":"CH4_PlumeComplex-1450","date":"2023-10-04T17:47:44Z","scenes":"emit20231004t174744","peak":2768.0,"download":"https://data.lpdaac.earthdatacloud.nasa.gov/lp-prod-protected/EMITL2BCH4PLM.002/EMIT_L2B_CH4PLM_002_20231004T174744_001450/EMIT_L2B_CH4PLM_002_20231004T174744_001450.tif"},"geometry":{"type":"Point","coordinates":[-104.2089619917309,32.75458721326884]}},{"type":"Feature","properties":{"id":"CH4_PlumeComplex-1451","date":"2023-10-04T17:47:44Z","scenes":"emit20231004t174744","peak":1769.0,"download":"https://data.lpdaac.earthdatacloud.nasa.gov/lp-prod-protected/EMITL2BCH4PLM.002/EMIT_L2B_CH4PLM_002_20231004T174744_001451/EMIT_L2B_CH4PLM_002_20231004T174744_001451.tif"},"geometry":{"type":"Point","coordinates":[-104.21926440961576,32.75350274822833]}},{"type":"Feature","properties":{"id":"CH4_PlumeComplex-1452","date":"2023-10-04T17:47:44Z","scenes":"emit20231004t174744","peak":1467.0,"download":"https://data.lpdaac.earthdatacloud.nasa.gov/lp-prod-protected/EMITL2BCH4PLM.002/EMIT_L2B_CH4PLM_002_20231004T174744_001452/EMIT_L2B_CH4PLM_002_20231004T174744_001452.tif"},"geometry":{"type":"Point","coordinates":[-103.94001466168373,32.66349214986577]}},{"type":"Feature","properties":{"id":"CH4_PlumeComplex-1453","date":"2023-10-04T17:47:44Z","scenes":"emit20231004t174744","peak":3183.0,"download":"https://data.lpdaac.earthdatacloud.nasa.gov/lp-prod-protected/EMITL2BCH4PLM.002/EMIT_L2B_CH4PLM_002_20231004T174744_001453/EMIT_L2B_CH4PLM_002_20231004T174744_001453.tif"},"geometry":{"type":"Point","coordinates":[-103.97363307793962,32.259528922274775]}},{"type":"Feature","properties":{"id":"CH4_PlumeComplex-1454","date":"2023-10-04T17:47:32Z","scenes":"emit20231004t174732","peak":2366.0,"download":"https://data.lpdaac.earthdatacloud.nasa.gov/lp-prod-protected/EMITL2BCH4PLM.002/EMIT_L2B_CH4PLM_002_20231004T174732_001454/EMIT_L2B_CH4PLM_002_20231004T174732_001454.tif"},"geometry":{"type":"Point","coordinates":[-104.48387387950088,32.083303353191454]}},{"type":"Feature","properties":{"id":"CH4_PlumeComplex-1458","date":"2023-08-14T10:10:18Z","scenes":"emit20230814t101018","peak":1047.0,"download":"https://data.lpdaac.earthdatacloud.nasa.gov/lp-prod-protected/EMITL2BCH4PLM.002/EMIT_L2B_CH4PLM_002_20230814T101018_001458/EMIT_L2B_CH4PLM_002_20230814T101018_001458.tif"},"geometry":{"type":"Point","coordinates":[61.29070560839756,40.79860665127197]}},{"type":"Feature","properties":{"id":"CH4_PlumeComplex-146","date":"2023-06-26T10:12:32Z","scenes":"emit20230626t101232","peak":3078.0,"download":"https://data.lpdaac.earthdatacloud.nasa.gov/lp-prod-protected/EMITL2BCH4PLM.002/EMIT_L2B_CH4PLM_002_20230626T101232_000146/EMIT_L2B_CH4PLM_002_20230626T101232_000146.tif"},"geometry":{"type":"Point","coordinates":[5.808389670725553,31.670122172756074]}},{"type":"Feature","properties":{"id":"CH4_PlumeComplex-147","date":"2023-06-26T10:12:32Z","scenes":"emit20230626t101232","peak":1022.0,"download":"https://data.lpdaac.earthdatacloud.nasa.gov/lp-prod-protected/EMITL2BCH4PLM.002/EMIT_L2B_CH4PLM_002_20230626T101232_000147/EMIT_L2B_CH4PLM_002_20230626T101232_000147.tif"},"geometry":{"type":"Point","coordinates":[6.213979595877316,31.782364304449143]}},{"type":"Feature","properties":{"id":"CH4_PlumeComplex-1476","date":"2023-08-14T10:11:06Z","scenes":"emit20230814t101106","peak":1494.0,"download":"https://data.lpdaac.earthdatacloud.nasa.gov/lp-prod-protected/EMITL2BCH4PLM.002/EMIT_L2B_CH4PLM_002_20230814T101106_001476/EMIT_L2B_CH4PLM_002_20230814T101106_001476.tif"},"geometry":{"type":"Point","coordinates":[64.66447634943268,39.22938573765005]}},{"type":"Feature","properties":{"id":"CH4_PlumeComplex-1483","date":"2023-08-14T10:11:17Z","scenes":"emit20230814t101117","peak":2639.0,"download":"https://data.lpdaac.earthdatacloud.nasa.gov/lp-prod-protected/EMITL2BCH4PLM.002/EMIT_L2B_CH4PLM_002_20230814T101117_001483/EMIT_L2B_CH4PLM_002_20230814T101117_001483.tif"},"geometry":{"type":"Point","coordinates":[65.32111993146314,39.22559011000825]}},{"type":"Feature","properties":{"id":"CH4_PlumeComplex-1484","date":"2023-08-14T10:11:17Z","scenes":"emit20230814t101117","peak":1964.0,"download":"https://data.lpdaac.earthdatacloud.nasa.gov/lp-prod-protected/EMITL2BCH4PLM.002/EMIT_L2B_CH4PLM_002_20230814T101117_001484/EMIT_L2B_CH4PLM_002_20230814T101117_001484.tif"},"geometry":{"type":"Point","coordinates":[64.63031570065651,38.805359906809564]}},{"type":"Feature","properties":{"id":"CH4_PlumeComplex-1485","date":"2023-08-14T10:11:17Z","scenes":"emit20230814t101117","peak":987.0,"download":"https://data.lpdaac.earthdatacloud.nasa.gov/lp-prod-protected/EMITL2BCH4PLM.002/EMIT_L2B_CH4PLM_002_20230814T101117_001485/EMIT_L2B_CH4PLM_002_20230814T101117_001485.tif"},"geometry":{"type":"Point","coordinates":[64.77671848112574,38.74896772470291]}},{"type":"Feature","properties":{"id":"CH4_PlumeComplex-1486","date":"2023-08-14T10:11:29Z","scenes":"emit20230814t101129","peak":2825.0,"download":"https://data.lpdaac.earthdatacloud.nasa.gov/lp-prod-protected/EMITL2BCH4PLM.002/EMIT_L2B_CH4PLM_002_20230814T101129_001486/EMIT_L2B_CH4PLM_002_20230814T101129_001486.tif"},"geometry":{"type":"Point","coordinates":[65.99565718666206,38.489238347500105]}},{"type":"Feature","properties":{"id":"CH4_PlumeComplex-1488","date":"2023-08-14T10:11:29Z","scenes":"emit20230814t101129","peak":1462.0,"download":"https://data.lpdaac.earthdatacloud.nasa.gov/lp-prod-protected/EMITL2BCH4PLM.002/EMIT_L2B_CH4PLM_002_20230814T101129_001488/EMIT_L2B_CH4PLM_002_20230814T101129_001488.tif"},"geometry":{"type":"Point","coordinates":[66.0325289980395,38.523398996276256]}},{"type":"Feature","properties":{"id":"CH4_PlumeComplex-15","date":"2023-06-20T08:44:14Z","scenes":"emit20230620t084414","peak":2014.0,"download":"https://data.lpdaac.earthdatacloud.nasa.gov/lp-prod-protected/EMITL2BCH4PLM.002/EMIT_L2B_CH4PLM_002_20230620T084414_000015/EMIT_L2B_CH4PLM_002_20230620T084414_000015.tif"},"geometry":{"type":"Point","coordinates":[53.686436744322215,39.480981627049054]}},{"type":"Feature","properties":{"id":"CH4_PlumeComplex-150","date":"2023-06-26T10:13:43Z","scenes":"emit20230626t101343","peak":1662.0,"download":"https://data.lpdaac.earthdatacloud.nasa.gov/lp-prod-protected/EMITL2BCH4PLM.002/EMIT_L2B_CH4PLM_002_20230626T101343_000150/EMIT_L2B_CH4PLM_002_20230626T101343_000150.tif"},"geometry":{"type":"Point","coordinates":[9.79650985721113,28.088676376462768]}},{"type":"Feature","properties":{"id":"CH4_PlumeComplex-1504","date":"2023-08-14T06:57:12Z","scenes":"emit20230814t065712","peak":2889.0,"download":"https://data.lpdaac.earthdatacloud.nasa.gov/lp-prod-protected/EMITL2BCH4PLM.002/EMIT_L2B_CH4PLM_002_20230814T065712_001504/EMIT_L2B_CH4PLM_002_20230814T065712_001504.tif"},"geometry":{"type":"Point","coordinates":[71.8165232916141,51.30002387107709]}},{"type":"Feature","properties":{"id":"CH4_PlumeComplex-1509","date":"2023-07-23T17:36:39Z","scenes":"emit20230723t173639","peak":3672.0,"download":"https://data.lpdaac.earthdatacloud.nasa.gov/lp-prod-protected/EMITL2BCH4PLM.002/EMIT_L2B_CH4PLM_002_20230723T173639_001509/EMIT_L2B_CH4PLM_002_20230723T173639_001509.tif"},"geometry":{"type":"Point","coordinates":[-71.6473569178155,-16.27624619839292]}},{"type":"Feature","properties":{"id":"CH4_PlumeComplex-1520","date":"2023-10-08T16:11:15Z","scenes":"emit20231008t161115","peak":2086.0,"download":"https://data.lpdaac.earthdatacloud.nasa.gov/lp-prod-protected/EMITL2BCH4PLM.002/EMIT_L2B_CH4PLM_002_20231008T161115_001520/EMIT_L2B_CH4PLM_002_20231008T161115_001520.tif"},"geometry":{"type":"Point","coordinates":[-103.9459792194063,31.80893369794169]}},{"type":"Feature","properties":{"id":"CH4_PlumeComplex-1522","date":"2023-10-08T16:11:15Z","scenes":"emit20231008t161115, emit20231008t161127","peak":1372.0,"download":"https://data.lpdaac.earthdatacloud.nasa.gov/lp-prod-protected/EMITL2BCH4PLM.002/EMIT_L2B_CH4PLM_002_20231008T161115_001522/EMIT_L2B_CH4PLM_002_20231008T161115_001522.tif"},"geometry":{"type":"Point","coordinates":[-104.06093251370066,32.048600471895]}},{"type":"Feature","properties":{"id":"CH4_PlumeComplex-1524","date":"2023-10-08T16:11:27Z","scenes":"emit20231008t161127","peak":1304.0,"download":"https://data.lpdaac.earthdatacloud.nasa.gov/lp-prod-protected/EMITL2BCH4PLM.002/EMIT_L2B_CH4PLM_002_20231008T161127_001524/EMIT_L2B_CH4PLM_002_20231008T161127_001524.tif"},"geometry":{"type":"Point","coordinates":[-103.6889610048048,31.9119578767904]}},{"type":"Feature","properties":{"id":"CH4_PlumeComplex-1525","date":"2023-10-08T16:11:27Z","scenes":"emit20231008t161127","peak":1843.0,"download":"https://data.lpdaac.earthdatacloud.nasa.gov/lp-prod-protected/EMITL2BCH4PLM.002/EMIT_L2B_CH4PLM_002_20231008T161127_001525/EMIT_L2B_CH4PLM_002_20231008T161127_001525.tif"},"geometry":{"type":"Point","coordinates":[-103.75457113975581,31.975941314180645]}},{"type":"Feature","properties":{"id":"CH4_PlumeComplex-1526","date":"2023-10-08T16:11:27Z","scenes":"emit20231008t161127","peak":2918.0,"download":"https://data.lpdaac.earthdatacloud.nasa.gov/lp-prod-protected/EMITL2BCH4PLM.002/EMIT_L2B_CH4PLM_002_20231008T161127_001526/EMIT_L2B_CH4PLM_002_20231008T161127_001526.tif"},"geometry":{"type":"Point","coordinates":[-103.58485236091558,32.089810143434484]}},{"type":"Feature","properties":{"id":"CH4_PlumeComplex-1527","date":"2023-10-08T16:11:27Z","scenes":"emit20231008t161127","peak":2440.0,"download":"https://data.lpdaac.earthdatacloud.nasa.gov/lp-prod-protected/EMITL2BCH4PLM.002/EMIT_L2B_CH4PLM_002_20231008T161127_001527/EMIT_L2B_CH4PLM_002_20231008T161127_001527.tif"},"geometry":{"type":"Point","coordinates":[-103.53334027149121,32.05836065725962]}},{"type":"Feature","properties":{"id":"CH4_PlumeComplex-1528","date":"2023-10-08T16:11:27Z","scenes":"emit20231008t161127","peak":1415.0,"download":"https://data.lpdaac.earthdatacloud.nasa.gov/lp-prod-protected/EMITL2BCH4PLM.002/EMIT_L2B_CH4PLM_002_20231008T161127_001528/EMIT_L2B_CH4PLM_002_20231008T161127_001528.tif"},"geometry":{"type":"Point","coordinates":[-103.47532139182378,32.05673395969885]}},{"type":"Feature","properties":{"id":"CH4_PlumeComplex-1529","date":"2023-10-08T16:11:27Z","scenes":"emit20231008t161127","peak":1431.0,"download":"https://data.lpdaac.earthdatacloud.nasa.gov/lp-prod-protected/EMITL2BCH4PLM.002/EMIT_L2B_CH4PLM_002_20231008T161127_001529/EMIT_L2B_CH4PLM_002_20231008T161127_001529.tif"},"geometry":{"type":"Point","coordinates":[-103.46556120645917,32.04588930929372]}},{"type":"Feature","properties":{"id":"CH4_PlumeComplex-153","date":"2023-06-30T16:17:28Z","scenes":"emit20230630t161728","peak":1998.0,"download":"https://data.lpdaac.earthdatacloud.nasa.gov/lp-prod-protected/EMITL2BCH4PLM.002/EMIT_L2B_CH4PLM_002_20230630T161728_000153/EMIT_L2B_CH4PLM_002_20230630T161728_000153.tif"},"geometry":{"type":"Point","coordinates":[-112.28768431102974,33.08209565550366]}},{"type":"Feature","properties":{"id":"CH4_PlumeComplex-1530","date":"2023-10-08T16:11:27Z","scenes":"emit20231008t161127","peak":3763.0,"download":"https://data.lpdaac.earthdatacloud.nasa.gov/lp-prod-protected/EMITL2BCH4PLM.002/EMIT_L2B_CH4PLM_002_20231008T161127_001530/EMIT_L2B_CH4PLM_002_20231008T161127_001530.tif"},"geometry":{"type":"Point","coordinates":[-103.62009747473223,32.312125476739595]}},{"type":"Feature","properties":{"id":"CH4_PlumeComplex-1531","date":"2023-10-08T16:11:27Z","scenes":"emit20231008t161127","peak":2031.0,"download":"https://data.lpdaac.earthdatacloud.nasa.gov/lp-prod-protected/EMITL2BCH4PLM.002/EMIT_L2B_CH4PLM_002_20231008T161127_001531/EMIT_L2B_CH4PLM_002_20231008T161127_001531.tif"},"geometry":{"type":"Point","coordinates":[-103.68950323732504,32.231875063741654]}},{"type":"Feature","properties":{"id":"CH4_PlumeComplex-1532","date":"2023-10-08T16:11:27Z","scenes":"emit20231008t161127","peak":2016.0,"download":"https://data.lpdaac.earthdatacloud.nasa.gov/lp-prod-protected/EMITL2BCH4PLM.002/EMIT_L2B_CH4PLM_002_20231008T161127_001532/EMIT_L2B_CH4PLM_002_20231008T161127_001532.tif"},"geometry":{"type":"Point","coordinates":[-103.45092092841224,32.356046310880366]}},{"type":"Feature","properties":{"id":"CH4_PlumeComplex-1534","date":"2023-10-08T16:11:27Z","scenes":"emit20231008t161127","peak":1528.0,"download":"https://data.lpdaac.earthdatacloud.nasa.gov/lp-prod-protected/EMITL2BCH4PLM.002/EMIT_L2B_CH4PLM_002_20231008T161127_001534/EMIT_L2B_CH4PLM_002_20231008T161127_001534.tif"},"geometry":{"type":"Point","coordinates":[-103.24921043087687,32.33381477754985]}},{"type":"Feature","properties":{"id":"CH4_PlumeComplex-1541","date":"2023-08-16T13:17:16Z","scenes":"emit20230816t131716","peak":2772.0,"download":"https://data.lpdaac.earthdatacloud.nasa.gov/lp-prod-protected/EMITL2BCH4PLM.002/EMIT_L2B_CH4PLM_002_20230816T131716_001541/EMIT_L2B_CH4PLM_002_20230816T131716_001541.tif"},"geometry":{"type":"Point","coordinates":[10.07250621002162,36.734573911950584]}},{"type":"Feature","properties":{"id":"CH4_PlumeComplex-1543","date":"2023-08-16T11:48:56Z","scenes":"emit20230816t114856","peak":3601.0,"download":"https://data.lpdaac.earthdatacloud.nasa.gov/lp-prod-protected/EMITL2BCH4PLM.002/EMIT_L2B_CH4PLM_002_20230816T114856_001543/EMIT_L2B_CH4PLM_002_20230816T114856_001543.tif"},"geometry":{"type":"Point","coordinates":[46.894432195591015,24.615134851700528]}},{"type":"Feature","properties":{"id":"CH4_PlumeComplex-1545","date":"2023-08-16T10:10:38Z","scenes":"emit20230816t101038, emit20230816t101050","peak":4348.0,"download":"https://data.lpdaac.earthdatacloud.nasa.gov/lp-prod-protected/EMITL2BCH4PLM.002/EMIT_L2B_CH4PLM_002_20230816T101038_001545/EMIT_L2B_CH4PLM_002_20230816T101038_001545.tif"},"geometry":{"type":"Point","coordinates":[54.233549357260856,38.85741422875426]}},{"type":"Feature","properties":{"id":"CH4_PlumeComplex-1546","date":"2023-08-16T10:10:50Z","scenes":"emit20230816t101050","peak":5925.0,"download":"https://data.lpdaac.earthdatacloud.nasa.gov/lp-prod-protected/EMITL2BCH4PLM.002/EMIT_L2B_CH4PLM_002_20230816T101050_001546/EMIT_L2B_CH4PLM_002_20230816T101050_001546.tif"},"geometry":{"type":"Point","coordinates":[54.31434200277906,38.68227312471146]}},{"type":"Feature","properties":{"id":"CH4_PlumeComplex-1547","date":"2023-08-16T10:10:50Z","scenes":"emit20230816t101050","peak":6212.0,"download":"https://data.lpdaac.earthdatacloud.nasa.gov/lp-prod-protected/EMITL2BCH4PLM.002/EMIT_L2B_CH4PLM_002_20230816T101050_001547/EMIT_L2B_CH4PLM_002_20230816T101050_001547.tif"},"geometry":{"type":"Point","coordinates":[54.280723586523166,38.65299256861761]}},{"type":"Feature","properties":{"id":"CH4_PlumeComplex-1548","date":"2023-08-16T10:10:50Z","scenes":"emit20230816t101050","peak":2585.0,"download":"https://data.lpdaac.earthdatacloud.nasa.gov/lp-prod-protected/EMITL2BCH4PLM.002/EMIT_L2B_CH4PLM_002_20230816T101050_001548/EMIT_L2B_CH4PLM_002_20230816T101050_001548.tif"},"geometry":{"type":"Point","coordinates":[54.0318388597255,38.3325331491461]}},{"type":"Feature","properties":{"id":"CH4_PlumeComplex-1549","date":"2023-08-16T10:10:50Z","scenes":"emit20230816t101050","peak":1809.0,"download":"https://data.lpdaac.earthdatacloud.nasa.gov/lp-prod-protected/EMITL2BCH4PLM.002/EMIT_L2B_CH4PLM_002_20230816T101050_001549/EMIT_L2B_CH4PLM_002_20230816T101050_001549.tif"},"geometry":{"type":"Point","coordinates":[54.08118201906883,38.22625557517585]}},{"type":"Feature","properties":{"id":"CH4_PlumeComplex-1551","date":"2023-08-16T10:10:50Z","scenes":"emit20230816t101050, emit20230816t101101","peak":2250.0,"download":"https://data.lpdaac.earthdatacloud.nasa.gov/lp-prod-protected/EMITL2BCH4PLM.002/EMIT_L2B_CH4PLM_002_20230816T101050_001551/EMIT_L2B_CH4PLM_002_20230816T101050_001551.tif"},"geometry":{"type":"Point","coordinates":[54.74107899622082,38.11564014104355]}},{"type":"Feature","properties":{"id":"CH4_PlumeComplex-1553","date":"2023-09-25T14:01:34Z","scenes":"emit20230925t140134","peak":1508.0,"download":"https://data.lpdaac.earthdatacloud.nasa.gov/lp-prod-protected/EMITL2BCH4PLM.002/EMIT_L2B_CH4PLM_002_20230925T140134_001553/EMIT_L2B_CH4PLM_002_20230925T140134_001553.tif"},"geometry":{"type":"Point","coordinates":[6.215606293438078,31.78236430444917]}},{"type":"Feature","properties":{"id":"CH4_PlumeComplex-1554","date":"2023-09-25T14:01:34Z","scenes":"emit20230925t140134","peak":4021.0,"download":"https://data.lpdaac.earthdatacloud.nasa.gov/lp-prod-protected/EMITL2BCH4PLM.002/EMIT_L2B_CH4PLM_002_20230925T140134_001554/EMIT_L2B_CH4PLM_002_20230925T140134_001554.tif"},"geometry":{"type":"Point","coordinates":[5.997086587774762,31.77802644428712]}},{"type":"Feature","properties":{"id":"CH4_PlumeComplex-1555","date":"2023-09-25T14:01:34Z","scenes":"emit20230925t140134","peak":2056.0,"download":"https://data.lpdaac.earthdatacloud.nasa.gov/lp-prod-protected/EMITL2BCH4PLM.002/EMIT_L2B_CH4PLM_002_20230925T140134_001555/EMIT_L2B_CH4PLM_002_20230925T140134_001555.tif"},"geometry":{"type":"Point","coordinates":[5.913582779655281,31.778568676807378]}},{"type":"Feature","properties":{"id":"CH4_PlumeComplex-1556","date":"2023-09-25T14:01:34Z","scenes":"emit20230925t140134","peak":1390.0,"download":"https://data.lpdaac.earthdatacloud.nasa.gov/lp-prod-protected/EMITL2BCH4PLM.002/EMIT_L2B_CH4PLM_002_20230925T140134_001556/EMIT_L2B_CH4PLM_002_20230925T140134_001556.tif"},"geometry":{"type":"Point","coordinates":[5.900569199169128,31.78887109469225]}},{"type":"Feature","properties":{"id":"CH4_PlumeComplex-1557","date":"2023-09-25T14:01:34Z","scenes":"emit20230925t140134","peak":2095.0,"download":"https://data.lpdaac.earthdatacloud.nasa.gov/lp-prod-protected/EMITL2BCH4PLM.002/EMIT_L2B_CH4PLM_002_20230925T140134_001557/EMIT_L2B_CH4PLM_002_20230925T140134_001557.tif"},"geometry":{"type":"Point","coordinates":[5.890809013804514,31.793751187374557]}},{"type":"Feature","properties":{"id":"CH4_PlumeComplex-1558","date":"2023-09-25T14:01:34Z","scenes":"emit20230925t140134","peak":1434.0,"download":"https://data.lpdaac.earthdatacloud.nasa.gov/lp-prod-protected/EMITL2BCH4PLM.002/EMIT_L2B_CH4PLM_002_20230925T140134_001558/EMIT_L2B_CH4PLM_002_20230925T140134_001558.tif"},"geometry":{"type":"Point","coordinates":[5.958045846316303,31.633792593898928]}},{"type":"Feature","properties":{"id":"CH4_PlumeComplex-1561","date":"2023-09-22T14:48:28Z","scenes":"emit20230922t144828","peak":2730.0,"download":"https://data.lpdaac.earthdatacloud.nasa.gov/lp-prod-protected/EMITL2BCH4PLM.002/EMIT_L2B_CH4PLM_002_20230922T144828_001561/EMIT_L2B_CH4PLM_002_20230922T144828_001561.tif"},"geometry":{"type":"Point","coordinates":[7.686140888373337,28.652055965009097]}},{"type":"Feature","properties":{"id":"CH4_PlumeComplex-1572","date":"2023-10-05T09:21:54Z","scenes":"emit20231005t092154","peak":8735.0,"download":"https://data.lpdaac.earthdatacloud.nasa.gov/lp-prod-protected/EMITL2BCH4PLM.002/EMIT_L2B_CH4PLM_002_20231005T092154_001572/EMIT_L2B_CH4PLM_002_20231005T092154_001572.tif"},"geometry":{"type":"Point","coordinates":[41.762201391364485,45.28774968647446]}},{"type":"Feature","properties":{"id":"CH4_PlumeComplex-1574","date":"2023-10-05T06:07:19Z","scenes":"emit20231005t060719","peak":1894.0,"download":"https://data.lpdaac.earthdatacloud.nasa.gov/lp-prod-protected/EMITL2BCH4PLM.002/EMIT_L2B_CH4PLM_002_20231005T060719_001574/EMIT_L2B_CH4PLM_002_20231005T060719_001574.tif"},"geometry":{"type":"Point","coordinates":[57.888196543788794,23.600617806300786]}},{"type":"Feature","properties":{"id":"CH4_PlumeComplex-1576","date":"2023-07-25T11:39:04Z","scenes":"emit20230725t113904","peak":3273.0,"download":"https://data.lpdaac.earthdatacloud.nasa.gov/lp-prod-protected/EMITL2BCH4PLM.002/EMIT_L2B_CH4PLM_002_20230725T113904_001576/EMIT_L2B_CH4PLM_002_20230725T113904_001576.tif"},"geometry":{"type":"Point","coordinates":[47.75061734507576,30.269535572933844]}},{"type":"Feature","properties":{"id":"CH4_PlumeComplex-1577","date":"2023-07-25T11:39:27Z","scenes":"emit20230725t113927","peak":3276.0,"download":"https://data.lpdaac.earthdatacloud.nasa.gov/lp-prod-protected/EMITL2BCH4PLM.002/EMIT_L2B_CH4PLM_002_20230725T113927_001577/EMIT_L2B_CH4PLM_002_20230725T113927_001577.tif"},"geometry":{"type":"Point","coordinates":[49.59041228630561,30.964135431382253]}},{"type":"Feature","properties":{"id":"CH4_PlumeComplex-1578","date":"2023-07-25T11:39:27Z","scenes":"emit20230725t113927","peak":2272.0,"download":"https://data.lpdaac.earthdatacloud.nasa.gov/lp-prod-protected/EMITL2BCH4PLM.002/EMIT_L2B_CH4PLM_002_20230725T113927_001578/EMIT_L2B_CH4PLM_002_20230725T113927_001578.tif"},"geometry":{"type":"Point","coordinates":[49.13222580668898,31.29869289638043]}},{"type":"Feature","properties":{"id":"CH4_PlumeComplex-1579","date":"2023-10-06T10:02:06Z","scenes":"emit20231006t100206","peak":2357.0,"download":"https://data.lpdaac.earthdatacloud.nasa.gov/lp-prod-protected/EMITL2BCH4PLM.002/EMIT_L2B_CH4PLM_002_20231006T100206_001579/EMIT_L2B_CH4PLM_002_20231006T100206_001579.tif"},"geometry":{"type":"Point","coordinates":[3.1004804645652575,32.992085057141146]}},{"type":"Feature","properties":{"id":"CH4_PlumeComplex-1580","date":"2023-10-06T10:02:06Z","scenes":"emit20231006t100206","peak":3395.0,"download":"https://data.lpdaac.earthdatacloud.nasa.gov/lp-prod-protected/EMITL2BCH4PLM.002/EMIT_L2B_CH4PLM_002_20231006T100206_001580/EMIT_L2B_CH4PLM_002_20231006T100206_001580.tif"},"geometry":{"type":"Point","coordinates":[3.5310130856488127,33.05335733193011]}},{"type":"Feature","properties":{"id":"CH4_PlumeComplex-1581","date":"2023-10-06T10:02:06Z","scenes":"emit20231006t100206","peak":1404.0,"download":"https://data.lpdaac.earthdatacloud.nasa.gov/lp-prod-protected/EMITL2BCH4PLM.002/EMIT_L2B_CH4PLM_002_20231006T100206_001581/EMIT_L2B_CH4PLM_002_20231006T100206_001581.tif"},"geometry":{"type":"Point","coordinates":[3.5131194124803526,33.008894265269085]}},{"type":"Feature","properties":{"id":"CH4_PlumeComplex-1582","date":"2023-07-25T10:05:32Z","scenes":"emit20230725t100532","peak":12210.0,"download":"https://data.lpdaac.earthdatacloud.nasa.gov/lp-prod-protected/EMITL2BCH4PLM.002/EMIT_L2B_CH4PLM_002_20230725T100532_001582/EMIT_L2B_CH4PLM_002_20230725T100532_001582.tif"},"geometry":{"type":"Point","coordinates":[69.81080519918578,27.967216291925347]}},{"type":"Feature","properties":{"id":"CH4_PlumeComplex-1583","date":"2023-10-06T10:02:06Z","scenes":"emit20231006t100206","peak":1244.0,"download":"https://data.lpdaac.earthdatacloud.nasa.gov/lp-prod-protected/EMITL2BCH4PLM.002/EMIT_L2B_CH4PLM_002_20231006T100206_001583/EMIT_L2B_CH4PLM_002_20231006T100206_001583.tif"},"geometry":{"type":"Point","coordinates":[3.43883355720523,32.985036034377806]}},{"type":"Feature","properties":{"id":"CH4_PlumeComplex-1584","date":"2023-10-06T10:02:06Z","scenes":"emit20231006t100206","peak":3118.0,"download":"https://data.lpdaac.earthdatacloud.nasa.gov/lp-prod-protected/EMITL2BCH4PLM.002/EMIT_L2B_CH4PLM_002_20231006T100206_001584/EMIT_L2B_CH4PLM_002_20231006T100206_001584.tif"},"geometry":{"type":"Point","coordinates":[3.3032754271411386,33.487143348135206]}},{"type":"Feature","properties":{"id":"CH4_PlumeComplex-1586","date":"2023-10-06T08:27:35Z","scenes":"emit20231006t082735","peak":1713.0,"download":"https://data.lpdaac.earthdatacloud.nasa.gov/lp-prod-protected/EMITL2BCH4PLM.002/EMIT_L2B_CH4PLM_002_20231006T082735_001586/EMIT_L2B_CH4PLM_002_20231006T082735_001586.tif"},"geometry":{"type":"Point","coordinates":[22.0536759776063,28.83858395197735]}},{"type":"Feature","properties":{"id":"CH4_PlumeComplex-1587","date":"2023-10-06T06:55:21Z","scenes":"emit20231006t065521","peak":2401.0,"download":"https://data.lpdaac.earthdatacloud.nasa.gov/lp-prod-protected/EMITL2BCH4PLM.002/EMIT_L2B_CH4PLM_002_20231006T065521_001587/EMIT_L2B_CH4PLM_002_20231006T065521_001587.tif"},"geometry":{"type":"Point","coordinates":[46.843462338686926,30.347617055850762]}},{"type":"Feature","properties":{"id":"CH4_PlumeComplex-1588","date":"2023-10-06T06:55:45Z","scenes":"emit20231006t065545","peak":2466.0,"download":"https://data.lpdaac.earthdatacloud.nasa.gov/lp-prod-protected/EMITL2BCH4PLM.002/EMIT_L2B_CH4PLM_002_20231006T065545_001588/EMIT_L2B_CH4PLM_002_20231006T065545_001588.tif"},"geometry":{"type":"Point","coordinates":[48.88713670753317,31.49552330123349]}},{"type":"Feature","properties":{"id":"CH4_PlumeComplex-1589","date":"2023-10-06T06:55:57Z","scenes":"emit20231006t065557","peak":6002.0,"download":"https://data.lpdaac.earthdatacloud.nasa.gov/lp-prod-protected/EMITL2BCH4PLM.002/EMIT_L2B_CH4PLM_002_20231006T065557_001589/EMIT_L2B_CH4PLM_002_20231006T065557_001589.tif"},"geometry":{"type":"Point","coordinates":[48.72338248641575,32.06540968002294]}},{"type":"Feature","properties":{"id":"CH4_PlumeComplex-1590","date":"2023-10-06T06:55:57Z","scenes":"emit20231006t065557","peak":5793.0,"download":"https://data.lpdaac.earthdatacloud.nasa.gov/lp-prod-protected/EMITL2BCH4PLM.002/EMIT_L2B_CH4PLM_002_20231006T065557_001590/EMIT_L2B_CH4PLM_002_20231006T065557_001590.tif"},"geometry":{"type":"Point","coordinates":[49.0980651579129,32.064325214982425]}},{"type":"Feature","properties":{"id":"CH4_PlumeComplex-1591","date":"2023-10-03T09:16:35Z","scenes":"emit20231003t091635","peak":1368.0,"download":"https://data.lpdaac.earthdatacloud.nasa.gov/lp-prod-protected/EMITL2BCH4PLM.002/EMIT_L2B_CH4PLM_002_20231003T091635_001591/EMIT_L2B_CH4PLM_002_20231003T091635_001591.tif"},"geometry":{"type":"Point","coordinates":[28.61848510035011,29.60258957301854]}},{"type":"Feature","properties":{"id":"CH4_PlumeComplex-1593","date":"2023-10-03T07:42:03Z","scenes":"emit20231003t074203","peak":2166.0,"download":"https://data.lpdaac.earthdatacloud.nasa.gov/lp-prod-protected/EMITL2BCH4PLM.002/EMIT_L2B_CH4PLM_002_20231003T074203_001593/EMIT_L2B_CH4PLM_002_20231003T074203_001593.tif"},"geometry":{"type":"Point","coordinates":[46.970344748426875,24.736052703717693]}},{"type":"Feature","properties":{"id":"CH4_PlumeComplex-1594","date":"2023-10-03T07:46:17Z","scenes":"emit20231003t074617","peak":1560.0,"download":"https://data.lpdaac.earthdatacloud.nasa.gov/lp-prod-protected/EMITL2BCH4PLM.002/EMIT_L2B_CH4PLM_002_20231003T074617_001594/EMIT_L2B_CH4PLM_002_20231003T074617_001594.tif"},"geometry":{"type":"Point","coordinates":[59.989889792302506,36.23734669087546]}},{"type":"Feature","properties":{"id":"CH4_PlumeComplex-1595","date":"2023-10-03T07:46:41Z","scenes":"emit20231003t074641","peak":5195.0,"download":"https://data.lpdaac.earthdatacloud.nasa.gov/lp-prod-protected/EMITL2BCH4PLM.002/EMIT_L2B_CH4PLM_002_20231003T074641_001595/EMIT_L2B_CH4PLM_002_20231003T074641_001595.tif"},"geometry":{"type":"Point","coordinates":[61.02772283607319,37.47743246470177]}},{"type":"Feature","properties":{"id":"CH4_PlumeComplex-1596","date":"2023-10-03T07:47:04Z","scenes":"emit20231003t074704","peak":6672.0,"download":"https://data.lpdaac.earthdatacloud.nasa.gov/lp-prod-protected/EMITL2BCH4PLM.002/EMIT_L2B_CH4PLM_002_20231003T074704_001596/EMIT_L2B_CH4PLM_002_20231003T074704_001596.tif"},"geometry":{"type":"Point","coordinates":[62.76178243585305,38.57003099301835]}},{"type":"Feature","properties":{"id":"CH4_PlumeComplex-1597","date":"2023-10-03T07:47:04Z","scenes":"emit20231003t074704","peak":2001.0,"download":"https://data.lpdaac.earthdatacloud.nasa.gov/lp-prod-protected/EMITL2BCH4PLM.002/EMIT_L2B_CH4PLM_002_20231003T074704_001597/EMIT_L2B_CH4PLM_002_20231003T074704_001597.tif"},"geometry":{"type":"Point","coordinates":[62.74822662284664,38.55539071497143]}},{"type":"Feature","properties":{"id":"CH4_PlumeComplex-1598","date":"2023-10-03T07:47:04Z","scenes":"emit20231003t074704","peak":2887.0,"download":"https://data.lpdaac.earthdatacloud.nasa.gov/lp-prod-protected/EMITL2BCH4PLM.002/EMIT_L2B_CH4PLM_002_20231003T074704_001598/EMIT_L2B_CH4PLM_002_20231003T074704_001598.tif"},"geometry":{"type":"Point","coordinates":[62.852335266735864,38.54617276212707]}},{"type":"Feature","properties":{"id":"CH4_PlumeComplex-1599","date":"2023-10-03T07:47:16Z","scenes":"emit20231003t074716","peak":3090.0,"download":"https://data.lpdaac.earthdatacloud.nasa.gov/lp-prod-protected/EMITL2BCH4PLM.002/EMIT_L2B_CH4PLM_002_20231003T074716_001599/EMIT_L2B_CH4PLM_002_20231003T074716_001599.tif"},"geometry":{"type":"Point","coordinates":[62.83606829112817,38.842231718187044]}},{"type":"Feature","properties":{"id":"CH4_PlumeComplex-16","date":"2023-06-20T08:44:14Z","scenes":"emit20230620t084414","peak":2122.0,"download":"https://data.lpdaac.earthdatacloud.nasa.gov/lp-prod-protected/EMITL2BCH4PLM.002/EMIT_L2B_CH4PLM_002_20230620T084414_000016/EMIT_L2B_CH4PLM_002_20230620T084414_000016.tif"},"geometry":{"type":"Point","coordinates":[54.02262090688116,39.332952149019064]}},{"type":"Feature","properties":{"id":"CH4_PlumeComplex-1600","date":"2023-10-03T07:47:52Z","scenes":"emit20231003t074752","peak":2008.0,"download":"https://data.lpdaac.earthdatacloud.nasa.gov/lp-prod-protected/EMITL2BCH4PLM.002/EMIT_L2B_CH4PLM_002_20231003T074752_001600/EMIT_L2B_CH4PLM_002_20231003T074752_001600.tif"},"geometry":{"type":"Point","coordinates":[65.90618882081972,39.91585210829466]}},{"type":"Feature","properties":{"id":"CH4_PlumeComplex-1601","date":"2023-10-03T06:09:28Z","scenes":"emit20231003t060928","peak":2473.0,"download":"https://data.lpdaac.earthdatacloud.nasa.gov/lp-prod-protected/EMITL2BCH4PLM.002/EMIT_L2B_CH4PLM_002_20231003T060928_001601/EMIT_L2B_CH4PLM_002_20231003T060928_001601.tif"},"geometry":{"type":"Point","coordinates":[71.57468758757982,25.90239485478914]}},{"type":"Feature","properties":{"id":"CH4_PlumeComplex-1604","date":"2023-07-26T13:57:14Z","scenes":"emit20230726t135714","peak":1404.0,"download":"https://data.lpdaac.earthdatacloud.nasa.gov/lp-prod-protected/EMITL2BCH4PLM.002/EMIT_L2B_CH4PLM_002_20230726T135714_001604/EMIT_L2B_CH4PLM_002_20230726T135714_001604.tif"},"geometry":{"type":"Point","coordinates":[6.962260473831089,29.645968174639044]}},{"type":"Feature","properties":{"id":"CH4_PlumeComplex-161","date":"2023-06-30T10:23:58Z","scenes":"emit20230630t102358","peak":1196.0,"download":"https://data.lpdaac.earthdatacloud.nasa.gov/lp-prod-protected/EMITL2BCH4PLM.002/EMIT_L2B_CH4PLM_002_20230630T102358_000161/EMIT_L2B_CH4PLM_002_20230630T102358_000161.tif"},"geometry":{"type":"Point","coordinates":[24.162418248883252,-19.114833441934966]}},{"type":"Feature","properties":{"id":"CH4_PlumeComplex-1612","date":"2023-07-26T10:53:55Z","scenes":"emit20230726t105355","peak":1529.0,"download":"https://data.lpdaac.earthdatacloud.nasa.gov/lp-prod-protected/EMITL2BCH4PLM.002/EMIT_L2B_CH4PLM_002_20230726T105355_001612/EMIT_L2B_CH4PLM_002_20230726T105355_001612.tif"},"geometry":{"type":"Point","coordinates":[61.570497588849776,36.20318604209935]}},{"type":"Feature","properties":{"id":"CH4_PlumeComplex-1613","date":"2023-07-26T10:53:55Z","scenes":"emit20230726t105355","peak":1779.0,"download":"https://data.lpdaac.earthdatacloud.nasa.gov/lp-prod-protected/EMITL2BCH4PLM.002/EMIT_L2B_CH4PLM_002_20230726T105355_001613/EMIT_L2B_CH4PLM_002_20230726T105355_001613.tif"},"geometry":{"type":"Point","coordinates":[61.46150885227824,36.4683377445047]}},{"type":"Feature","properties":{"id":"CH4_PlumeComplex-1614","date":"2023-07-26T10:53:55Z","scenes":"emit20230726t105355","peak":874.0,"download":"https://data.lpdaac.earthdatacloud.nasa.gov/lp-prod-protected/EMITL2BCH4PLM.002/EMIT_L2B_CH4PLM_002_20230726T105355_001614/EMIT_L2B_CH4PLM_002_20230726T105355_001614.tif"},"geometry":{"type":"Point","coordinates":[61.480486990487215,36.439057188410864]}},{"type":"Feature","properties":{"id":"CH4_PlumeComplex-1616","date":"2023-07-26T10:54:54Z","scenes":"emit20230726t105454","peak":3483.0,"download":"https://data.lpdaac.earthdatacloud.nasa.gov/lp-prod-protected/EMITL2BCH4PLM.002/EMIT_L2B_CH4PLM_002_20230726T105454_001616/EMIT_L2B_CH4PLM_002_20230726T105454_001616.tif"},"geometry":{"type":"Point","coordinates":[64.77454955104464,38.662210521461965]}},{"type":"Feature","properties":{"id":"CH4_PlumeComplex-1620","date":"2023-10-08T17:46:13Z","scenes":"emit20231008t174613","peak":2719.0,"download":"https://data.lpdaac.earthdatacloud.nasa.gov/lp-prod-protected/EMITL2BCH4PLM.002/EMIT_L2B_CH4PLM_002_20231008T174613_001620/EMIT_L2B_CH4PLM_002_20231008T174613_001620.tif"},"geometry":{"type":"Point","coordinates":[-120.97804491317864,37.48393925494487]}},{"type":"Feature","properties":{"id":"CH4_PlumeComplex-1623","date":"2023-10-04T08:31:36Z","scenes":"emit20231004t083136","peak":3036.0,"download":"https://data.lpdaac.earthdatacloud.nasa.gov/lp-prod-protected/EMITL2BCH4PLM.002/EMIT_L2B_CH4PLM_002_20231004T083136_001623/EMIT_L2B_CH4PLM_002_20231004T083136_001623.tif"},"geometry":{"type":"Point","coordinates":[40.60507719313738,35.094320538175026]}},{"type":"Feature","properties":{"id":"CH4_PlumeComplex-1624","date":"2023-10-04T08:31:36Z","scenes":"emit20231004t083136","peak":2918.0,"download":"https://data.lpdaac.earthdatacloud.nasa.gov/lp-prod-protected/EMITL2BCH4PLM.002/EMIT_L2B_CH4PLM_002_20231004T083136_001624/EMIT_L2B_CH4PLM_002_20231004T083136_001624.tif"},"geometry":{"type":"Point","coordinates":[40.69346109393917,35.04389291379118]}},{"type":"Feature","properties":{"id":"CH4_PlumeComplex-1625","date":"2023-10-04T08:31:36Z","scenes":"emit20231004t083136","peak":1123.0,"download":"https://data.lpdaac.earthdatacloud.nasa.gov/lp-prod-protected/EMITL2BCH4PLM.002/EMIT_L2B_CH4PLM_002_20231004T083136_001625/EMIT_L2B_CH4PLM_002_20231004T083136_001625.tif"},"geometry":{"type":"Point","coordinates":[40.48253264355944,35.17999327637553]}},{"type":"Feature","properties":{"id":"CH4_PlumeComplex-1628","date":"2023-10-08T10:02:18Z","scenes":"emit20231008t100218","peak":3121.0,"download":"https://data.lpdaac.earthdatacloud.nasa.gov/lp-prod-protected/EMITL2BCH4PLM.002/EMIT_L2B_CH4PLM_002_20231008T100218_001628/EMIT_L2B_CH4PLM_002_20231008T100218_001628.tif"},"geometry":{"type":"Point","coordinates":[-1.2910607169910653,37.982250941060414]}},{"type":"Feature","properties":{"id":"CH4_PlumeComplex-1631","date":"2023-10-08T05:15:36Z","scenes":"emit20231008t051536","peak":5666.0,"download":"https://data.lpdaac.earthdatacloud.nasa.gov/lp-prod-protected/EMITL2BCH4PLM.002/EMIT_L2B_CH4PLM_002_20231008T051536_001631/EMIT_L2B_CH4PLM_002_20231008T051536_001631.tif"},"geometry":{"type":"Point","coordinates":[45.83002975832777,15.566900786182469]}},{"type":"Feature","properties":{"id":"CH4_PlumeComplex-1633","date":"2023-10-08T05:15:36Z","scenes":"emit20231008t051536, emit20231008t051548","peak":2429.0,"download":"https://data.lpdaac.earthdatacloud.nasa.gov/lp-prod-protected/EMITL2BCH4PLM.002/EMIT_L2B_CH4PLM_002_20231008T051536_001633/EMIT_L2B_CH4PLM_002_20231008T051536_001633.tif"},"geometry":{"type":"Point","coordinates":[46.03607811602518,15.585336691871186]}},{"type":"Feature","properties":{"id":"CH4_PlumeComplex-1634","date":"2023-10-08T05:15:48Z","scenes":"emit20231008t051548","peak":3356.0,"download":"https://data.lpdaac.earthdatacloud.nasa.gov/lp-prod-protected/EMITL2BCH4PLM.002/EMIT_L2B_CH4PLM_002_20231008T051548_001634/EMIT_L2B_CH4PLM_002_20231008T051548_001634.tif"},"geometry":{"type":"Point","coordinates":[46.16241829324492,15.586421156911697]}},{"type":"Feature","properties":{"id":"CH4_PlumeComplex-1635","date":"2023-10-08T05:26:16Z","scenes":"emit20231008t052616","peak":10076.0,"download":"https://data.lpdaac.earthdatacloud.nasa.gov/lp-prod-protected/EMITL2BCH4PLM.002/EMIT_L2B_CH4PLM_002_20231008T052616_001635/EMIT_L2B_CH4PLM_002_20231008T052616_001635.tif"},"geometry":{"type":"Point","coordinates":[79.12202203702817,43.763534072033835]}},{"type":"Feature","properties":{"id":"CH4_PlumeComplex-1636","date":"2023-07-28T10:53:13Z","scenes":"emit20230728t105313","peak":5928.0,"download":"https://data.lpdaac.earthdatacloud.nasa.gov/lp-prod-protected/EMITL2BCH4PLM.002/EMIT_L2B_CH4PLM_002_20230728T105313_001636/EMIT_L2B_CH4PLM_002_20230728T105313_001636.tif"},"geometry":{"type":"Point","coordinates":[54.20155763856575,38.49249174262165]}},{"type":"Feature","properties":{"id":"CH4_PlumeComplex-1637","date":"2023-07-28T10:53:13Z","scenes":"emit20230728t105313","peak":1544.0,"download":"https://data.lpdaac.earthdatacloud.nasa.gov/lp-prod-protected/EMITL2BCH4PLM.002/EMIT_L2B_CH4PLM_002_20230728T105313_001637/EMIT_L2B_CH4PLM_002_20230728T105313_001637.tif"},"geometry":{"type":"Point","coordinates":[54.20209987108601,38.50442085806729]}},{"type":"Feature","properties":{"id":"CH4_PlumeComplex-1638","date":"2023-10-09T17:00:25Z","scenes":"emit20231009t170025","peak":8477.0,"download":"https://data.lpdaac.earthdatacloud.nasa.gov/lp-prod-protected/EMITL2BCH4PLM.002/EMIT_L2B_CH4PLM_002_20231009T170025_001638/EMIT_L2B_CH4PLM_002_20231009T170025_001638.tif"},"geometry":{"type":"Point","coordinates":[-108.64171284482678,41.10551025773714]}},{"type":"Feature","properties":{"id":"CH4_PlumeComplex-1639","date":"2023-07-28T10:53:13Z","scenes":"emit20230728t105313","peak":7684.0,"download":"https://data.lpdaac.earthdatacloud.nasa.gov/lp-prod-protected/EMITL2BCH4PLM.002/EMIT_L2B_CH4PLM_002_20230728T105313_001639/EMIT_L2B_CH4PLM_002_20230728T105313_001639.tif"},"geometry":{"type":"Point","coordinates":[54.28235028408396,38.648112475935235]}},{"type":"Feature","properties":{"id":"CH4_PlumeComplex-1640","date":"2023-07-28T10:53:13Z","scenes":"emit20230728t105313","peak":8006.0,"download":"https://data.lpdaac.earthdatacloud.nasa.gov/lp-prod-protected/EMITL2BCH4PLM.002/EMIT_L2B_CH4PLM_002_20230728T105313_001640/EMIT_L2B_CH4PLM_002_20230728T105313_001640.tif"},"geometry":{"type":"Point","coordinates":[54.31759539790062,38.6795619621101]}},{"type":"Feature","properties":{"id":"CH4_PlumeComplex-1641","date":"2023-07-28T10:53:13Z","scenes":"emit20230728t105313","peak":4924.0,"download":"https://data.lpdaac.earthdatacloud.nasa.gov/lp-prod-protected/EMITL2BCH4PLM.002/EMIT_L2B_CH4PLM_002_20230728T105313_001641/EMIT_L2B_CH4PLM_002_20230728T105313_001641.tif"},"geometry":{"type":"Point","coordinates":[54.23951391498371,38.853618601112395]}},{"type":"Feature","properties":{"id":"CH4_PlumeComplex-1643","date":"2023-10-09T09:14:23Z","scenes":"emit20231009t091423","peak":7362.0,"download":"https://data.lpdaac.earthdatacloud.nasa.gov/lp-prod-protected/EMITL2BCH4PLM.002/EMIT_L2B_CH4PLM_002_20231009T091423_001643/EMIT_L2B_CH4PLM_002_20231009T091423_001643.tif"},"geometry":{"type":"Point","coordinates":[2.833159832078857,36.66625261439828]}},{"type":"Feature","properties":{"id":"CH4_PlumeComplex-1646","date":"2023-10-09T04:30:59Z","scenes":"emit20231009t043059","peak":3129.0,"download":"https://data.lpdaac.earthdatacloud.nasa.gov/lp-prod-protected/EMITL2BCH4PLM.002/EMIT_L2B_CH4PLM_002_20231009T043059_001646/EMIT_L2B_CH4PLM_002_20231009T043059_001646.tif"},"geometry":{"type":"Point","coordinates":[58.45645622501754,23.332754941294148]}},{"type":"Feature","properties":{"id":"CH4_PlumeComplex-1647","date":"2023-10-10T05:18:48Z","scenes":"emit20231010t051848","peak":2267.0,"download":"https://data.lpdaac.earthdatacloud.nasa.gov/lp-prod-protected/EMITL2BCH4PLM.002/EMIT_L2B_CH4PLM_002_20231010T051848_001647/EMIT_L2B_CH4PLM_002_20231010T051848_001647.tif"},"geometry":{"type":"Point","coordinates":[47.36563225569379,30.2727889680554]}},{"type":"Feature","properties":{"id":"CH4_PlumeComplex-1648","date":"2023-10-10T05:19:00Z","scenes":"emit20231010t051900","peak":1993.0,"download":"https://data.lpdaac.earthdatacloud.nasa.gov/lp-prod-protected/EMITL2BCH4PLM.002/EMIT_L2B_CH4PLM_002_20231010T051900_001648/EMIT_L2B_CH4PLM_002_20231010T051900_001648.tif"},"geometry":{"type":"Point","coordinates":[47.744652787353,30.26736664285284]}},{"type":"Feature","properties":{"id":"CH4_PlumeComplex-1649","date":"2023-10-10T05:19:23Z","scenes":"emit20231010t051923","peak":2228.0,"download":"https://data.lpdaac.earthdatacloud.nasa.gov/lp-prod-protected/EMITL2BCH4PLM.002/EMIT_L2B_CH4PLM_002_20231010T051923_001649/EMIT_L2B_CH4PLM_002_20231010T051923_001649.tif"},"geometry":{"type":"Point","coordinates":[48.993956514023665,31.2222381110243]}},{"type":"Feature","properties":{"id":"CH4_PlumeComplex-1650","date":"2023-10-10T05:19:23Z","scenes":"emit20231010t051923","peak":2404.0,"download":"https://data.lpdaac.earthdatacloud.nasa.gov/lp-prod-protected/EMITL2BCH4PLM.002/EMIT_L2B_CH4PLM_002_20231010T051923_001650/EMIT_L2B_CH4PLM_002_20231010T051923_001650.tif"},"geometry":{"type":"Point","coordinates":[49.12246562132442,31.295981733779165]}},{"type":"Feature","properties":{"id":"CH4_PlumeComplex-1651","date":"2023-10-10T05:19:23Z","scenes":"emit20231010t051923","peak":1264.0,"download":"https://data.lpdaac.earthdatacloud.nasa.gov/lp-prod-protected/EMITL2BCH4PLM.002/EMIT_L2B_CH4PLM_002_20231010T051923_001651/EMIT_L2B_CH4PLM_002_20231010T051923_001651.tif"},"geometry":{"type":"Point","coordinates":[49.212476219686984,31.193499787450712]}},{"type":"Feature","properties":{"id":"CH4_PlumeComplex-1652","date":"2023-10-10T02:16:46Z","scenes":"emit20231010t021646","peak":4750.0,"download":"https://data.lpdaac.earthdatacloud.nasa.gov/lp-prod-protected/EMITL2BCH4PLM.002/EMIT_L2B_CH4PLM_002_20231010T021646_001652/EMIT_L2B_CH4PLM_002_20231010T021646_001652.tif"},"geometry":{"type":"Point","coordinates":[106.70593257498938,39.40615353925363]}},{"type":"Feature","properties":{"id":"CH4_PlumeComplex-1654","date":"2023-10-13T11:00:35Z","scenes":"emit20231013t110035","peak":2744.0,"download":"https://data.lpdaac.earthdatacloud.nasa.gov/lp-prod-protected/EMITL2BCH4PLM.002/EMIT_L2B_CH4PLM_002_20231013T110035_001654/EMIT_L2B_CH4PLM_002_20231013T110035_001654.tif"},"geometry":{"type":"Point","coordinates":[45.15983036329084,44.88270199384303]}},{"type":"Feature","properties":{"id":"CH4_PlumeComplex-1655","date":"2023-10-13T11:00:35Z","scenes":"emit20231013t110035","peak":2264.0,"download":"https://data.lpdaac.earthdatacloud.nasa.gov/lp-prod-protected/EMITL2BCH4PLM.002/EMIT_L2B_CH4PLM_002_20231013T110035_001655/EMIT_L2B_CH4PLM_002_20231013T110035_001655.tif"},"geometry":{"type":"Point","coordinates":[45.62072800550875,44.693462844273554]}},{"type":"Feature","properties":{"id":"CH4_PlumeComplex-1659","date":"2023-09-03T01:00:49Z","scenes":"emit20230903t010049","peak":1565.0,"download":"https://data.lpdaac.earthdatacloud.nasa.gov/lp-prod-protected/EMITL2BCH4PLM.002/EMIT_L2B_CH4PLM_002_20230903T010049_001659/EMIT_L2B_CH4PLM_002_20230903T010049_001659.tif"},"geometry":{"type":"Point","coordinates":[144.39922622061124,-21.712669446483282]}},{"type":"Feature","properties":{"id":"CH4_PlumeComplex-1668","date":"2023-10-19T11:04:39Z","scenes":"emit20231019t110439","peak":2564.0,"download":"https://data.lpdaac.earthdatacloud.nasa.gov/lp-prod-protected/EMITL2BCH4PLM.002/EMIT_L2B_CH4PLM_002_20231019T110439_001668/EMIT_L2B_CH4PLM_002_20231019T110439_001668.tif"},"geometry":{"type":"Point","coordinates":[46.03553588350489,15.583709994310407]}},{"type":"Feature","properties":{"id":"CH4_PlumeComplex-1671","date":"2023-10-20T05:27:29Z","scenes":"emit20231020t052729","peak":8871.0,"download":"https://data.lpdaac.earthdatacloud.nasa.gov/lp-prod-protected/EMITL2BCH4PLM.002/EMIT_L2B_CH4PLM_002_20231020T052729_001671/EMIT_L2B_CH4PLM_002_20231020T052729_001671.tif"},"geometry":{"type":"Point","coordinates":[85.29805044274815,45.72695802788211]}},{"type":"Feature","properties":{"id":"CH4_PlumeComplex-1672","date":"2023-10-20T05:27:52Z","scenes":"emit20231020t052752","peak":1587.0,"download":"https://data.lpdaac.earthdatacloud.nasa.gov/lp-prod-protected/EMITL2BCH4PLM.002/EMIT_L2B_CH4PLM_002_20231020T052752_001672/EMIT_L2B_CH4PLM_002_20231020T052752_001672.tif"},"geometry":{"type":"Point","coordinates":[86.52729156616932,44.96186794180037]}},{"type":"Feature","properties":{"id":"CH4_PlumeComplex-1683","date":"2023-09-29T12:25:34Z","scenes":"emit20230929t122534","peak":2010.0,"download":"https://data.lpdaac.earthdatacloud.nasa.gov/lp-prod-protected/EMITL2BCH4PLM.002/EMIT_L2B_CH4PLM_002_20230929T122534_001683/EMIT_L2B_CH4PLM_002_20230929T122534_001683.tif"},"geometry":{"type":"Point","coordinates":[5.993833192653223,31.777484211766883]}},{"type":"Feature","properties":{"id":"CH4_PlumeComplex-1686","date":"2023-09-29T12:25:34Z","scenes":"emit20230929t122534","peak":1785.0,"download":"https://data.lpdaac.earthdatacloud.nasa.gov/lp-prod-protected/EMITL2BCH4PLM.002/EMIT_L2B_CH4PLM_002_20230929T122534_001686/EMIT_L2B_CH4PLM_002_20230929T122534_001686.tif"},"geometry":{"type":"Point","coordinates":[6.01660695850399,31.560591203664334]}},{"type":"Feature","properties":{"id":"CH4_PlumeComplex-1687","date":"2023-09-29T12:25:34Z","scenes":"emit20230929t122534","peak":1177.0,"download":"https://data.lpdaac.earthdatacloud.nasa.gov/lp-prod-protected/EMITL2BCH4PLM.002/EMIT_L2B_CH4PLM_002_20230929T122534_001687/EMIT_L2B_CH4PLM_002_20230929T122534_001687.tif"},"geometry":{"type":"Point","coordinates":[6.2139795958773085,31.782364304449185]}},{"type":"Feature","properties":{"id":"CH4_PlumeComplex-1688","date":"2023-09-30T11:37:06Z","scenes":"emit20230930t113706","peak":3784.0,"download":"https://data.lpdaac.earthdatacloud.nasa.gov/lp-prod-protected/EMITL2BCH4PLM.002/EMIT_L2B_CH4PLM_002_20230930T113706_001688/EMIT_L2B_CH4PLM_002_20230930T113706_001688.tif"},"geometry":{"type":"Point","coordinates":[7.889478083469473,27.871241135840016]}},{"type":"Feature","properties":{"id":"CH4_PlumeComplex-169","date":"2023-06-26T08:40:04Z","scenes":"emit20230626t084004","peak":3659.0,"download":"https://data.lpdaac.earthdatacloud.nasa.gov/lp-prod-protected/EMITL2BCH4PLM.002/EMIT_L2B_CH4PLM_002_20230626T084004_000169/EMIT_L2B_CH4PLM_002_20230626T084004_000169.tif"},"geometry":{"type":"Point","coordinates":[30.791210809017382,30.44142328185514]}},{"type":"Feature","properties":{"id":"CH4_PlumeComplex-1690","date":"2023-09-30T11:37:30Z","scenes":"emit20230930t113730","peak":2525.0,"download":"https://data.lpdaac.earthdatacloud.nasa.gov/lp-prod-protected/EMITL2BCH4PLM.002/EMIT_L2B_CH4PLM_002_20230930T113730_001690/EMIT_L2B_CH4PLM_002_20230930T113730_001690.tif"},"geometry":{"type":"Point","coordinates":[8.95225382317195,28.656393825171236]}},{"type":"Feature","properties":{"id":"CH4_PlumeComplex-1694","date":"2023-09-28T11:45:38Z","scenes":"emit20230928t114538","peak":2238.0,"download":"https://data.lpdaac.earthdatacloud.nasa.gov/lp-prod-protected/EMITL2BCH4PLM.002/EMIT_L2B_CH4PLM_002_20230928T114538_001694/EMIT_L2B_CH4PLM_002_20230928T114538_001694.tif"},"geometry":{"type":"Point","coordinates":[45.1408522250819,45.001993148299384]}},{"type":"Feature","properties":{"id":"CH4_PlumeComplex-1696","date":"2023-09-30T10:05:31Z","scenes":"emit20230930t100531","peak":3778.0,"download":"https://data.lpdaac.earthdatacloud.nasa.gov/lp-prod-protected/EMITL2BCH4PLM.002/EMIT_L2B_CH4PLM_002_20230930T100531_001696/EMIT_L2B_CH4PLM_002_20230930T100531_001696.tif"},"geometry":{"type":"Point","coordinates":[35.195765571059816,31.13168528014146]}},{"type":"Feature","properties":{"id":"CH4_PlumeComplex-1698","date":"2023-09-30T10:05:43Z","scenes":"emit20230930t100543","peak":2403.0,"download":"https://data.lpdaac.earthdatacloud.nasa.gov/lp-prod-protected/EMITL2BCH4PLM.002/EMIT_L2B_CH4PLM_002_20230930T100543_001698/EMIT_L2B_CH4PLM_002_20230930T100543_001698.tif"},"geometry":{"type":"Point","coordinates":[36.196726803453075,31.925513689796784]}},{"type":"Feature","properties":{"id":"CH4_PlumeComplex-17","date":"2023-06-20T08:44:26Z","scenes":"emit20230620t084426","peak":2251.0,"download":"https://data.lpdaac.earthdatacloud.nasa.gov/lp-prod-protected/EMITL2BCH4PLM.002/EMIT_L2B_CH4PLM_002_20230620T084426_000017/EMIT_L2B_CH4PLM_002_20230620T084426_000017.tif"},"geometry":{"type":"Point","coordinates":[54.3154264678196,38.67576633446835]}},{"type":"Feature","properties":{"id":"CH4_PlumeComplex-1702","date":"2023-09-28T10:01:33Z","scenes":"emit20230928t100133","peak":1870.0,"download":"https://data.lpdaac.earthdatacloud.nasa.gov/lp-prod-protected/EMITL2BCH4PLM.002/EMIT_L2B_CH4PLM_002_20230928T100133_001702/EMIT_L2B_CH4PLM_002_20230928T100133_001702.tif"},"geometry":{"type":"Point","coordinates":[32.73131876649472,16.067923634899387]}},{"type":"Feature","properties":{"id":"CH4_PlumeComplex-1705","date":"2023-09-28T10:10:11Z","scenes":"emit20230928t101011","peak":1514.0,"download":"https://data.lpdaac.earthdatacloud.nasa.gov/lp-prod-protected/EMITL2BCH4PLM.002/EMIT_L2B_CH4PLM_002_20230928T101011_001705/EMIT_L2B_CH4PLM_002_20230928T101011_001705.tif"},"geometry":{"type":"Point","coordinates":[57.75806073892735,39.55580971484442]}},{"type":"Feature","properties":{"id":"CH4_PlumeComplex-1709","date":"2023-09-28T08:36:55Z","scenes":"emit20230928t083655","peak":1901.0,"download":"https://data.lpdaac.earthdatacloud.nasa.gov/lp-prod-protected/EMITL2BCH4PLM.002/EMIT_L2B_CH4PLM_002_20230928T083655_001709/EMIT_L2B_CH4PLM_002_20230928T083655_001709.tif"},"geometry":{"type":"Point","coordinates":[80.04923964666656,38.74354539950037]}},{"type":"Feature","properties":{"id":"CH4_PlumeComplex-171","date":"2023-06-22T11:50:37Z","scenes":"emit20230622t115037","peak":1057.0,"download":"https://data.lpdaac.earthdatacloud.nasa.gov/lp-prod-protected/EMITL2BCH4PLM.002/EMIT_L2B_CH4PLM_002_20230622T115037_000171/EMIT_L2B_CH4PLM_002_20230622T115037_000171.tif"},"geometry":{"type":"Point","coordinates":[5.830621204056065,31.498234463834862]}},{"type":"Feature","properties":{"id":"CH4_PlumeComplex-1712","date":"2023-09-29T07:44:59Z","scenes":"emit20230929t074459","peak":4989.0,"download":"https://data.lpdaac.earthdatacloud.nasa.gov/lp-prod-protected/EMITL2BCH4PLM.002/EMIT_L2B_CH4PLM_002_20230929T074459_001712/EMIT_L2B_CH4PLM_002_20230929T074459_001712.tif"},"geometry":{"type":"Point","coordinates":[71.57089195993798,25.901310389748552]}},{"type":"Feature","properties":{"id":"CH4_PlumeComplex-1715","date":"2023-10-14T10:15:54Z","scenes":"emit20231014t101554","peak":1385.0,"download":"https://data.lpdaac.earthdatacloud.nasa.gov/lp-prod-protected/EMITL2BCH4PLM.002/EMIT_L2B_CH4PLM_002_20231014T101554_001715/EMIT_L2B_CH4PLM_002_20231014T101554_001715.tif"},"geometry":{"type":"Point","coordinates":[62.7878095968254,38.57111545805882]}},{"type":"Feature","properties":{"id":"CH4_PlumeComplex-172","date":"2023-06-25T07:52:48Z","scenes":"emit20230625t075248","peak":2591.0,"download":"https://data.lpdaac.earthdatacloud.nasa.gov/lp-prod-protected/EMITL2BCH4PLM.002/EMIT_L2B_CH4PLM_002_20230625T075248_000172/EMIT_L2B_CH4PLM_002_20230625T075248_000172.tif"},"geometry":{"type":"Point","coordinates":[41.088748601206035,36.16306083560038]}},{"type":"Feature","properties":{"id":"CH4_PlumeComplex-1720","date":"2023-10-14T10:16:06Z","scenes":"emit20231014t101606","peak":2216.0,"download":"https://data.lpdaac.earthdatacloud.nasa.gov/lp-prod-protected/EMITL2BCH4PLM.002/EMIT_L2B_CH4PLM_002_20231014T101606_001720/EMIT_L2B_CH4PLM_002_20231014T101606_001720.tif"},"geometry":{"type":"Point","coordinates":[63.2562984943269,37.8754311345699]}},{"type":"Feature","properties":{"id":"CH4_PlumeComplex-1721","date":"2023-10-14T10:16:06Z","scenes":"emit20231014t101606","peak":4649.0,"download":"https://data.lpdaac.earthdatacloud.nasa.gov/lp-prod-protected/EMITL2BCH4PLM.002/EMIT_L2B_CH4PLM_002_20231014T101606_001721/EMIT_L2B_CH4PLM_002_20231014T101606_001721.tif"},"geometry":{"type":"Point","coordinates":[63.246538308962286,37.89712043538016]}},{"type":"Feature","properties":{"id":"CH4_PlumeComplex-1729","date":"2023-10-15T09:24:58Z","scenes":"emit20231015t092458","peak":3711.0,"download":"https://data.lpdaac.earthdatacloud.nasa.gov/lp-prod-protected/EMITL2BCH4PLM.002/EMIT_L2B_CH4PLM_002_20231015T092458_001729/EMIT_L2B_CH4PLM_002_20231015T092458_001729.tif"},"geometry":{"type":"Point","coordinates":[55.19113198803361,45.342515171020395]}},{"type":"Feature","properties":{"id":"CH4_PlumeComplex-173","date":"2023-06-25T07:52:48Z","scenes":"emit20230625t075248","peak":1905.0,"download":"https://data.lpdaac.earthdatacloud.nasa.gov/lp-prod-protected/EMITL2BCH4PLM.002/EMIT_L2B_CH4PLM_002_20230625T075248_000173/EMIT_L2B_CH4PLM_002_20230625T075248_000173.tif"},"geometry":{"type":"Point","coordinates":[41.07898841584142,36.14028706974961]}},{"type":"Feature","properties":{"id":"CH4_PlumeComplex-1730","date":"2023-10-15T07:55:58Z","scenes":"emit20231015t075558","peak":4344.0,"download":"https://data.lpdaac.earthdatacloud.nasa.gov/lp-prod-protected/EMITL2BCH4PLM.002/EMIT_L2B_CH4PLM_002_20231015T075558_001730/EMIT_L2B_CH4PLM_002_20231015T075558_001730.tif"},"geometry":{"type":"Point","coordinates":[94.26332293266695,37.313678243584356]}},{"type":"Feature","properties":{"id":"CH4_PlumeComplex-1731","date":"2023-10-15T07:55:58Z","scenes":"emit20231015t075558","peak":4783.0,"download":"https://data.lpdaac.earthdatacloud.nasa.gov/lp-prod-protected/EMITL2BCH4PLM.002/EMIT_L2B_CH4PLM_002_20231015T075558_001731/EMIT_L2B_CH4PLM_002_20231015T075558_001731.tif"},"geometry":{"type":"Point","coordinates":[94.28718116355823,37.30066466309821]}},{"type":"Feature","properties":{"id":"CH4_PlumeComplex-1732","date":"2023-10-16T11:48:53Z","scenes":"emit20231016t114853","peak":2278.0,"download":"https://data.lpdaac.earthdatacloud.nasa.gov/lp-prod-protected/EMITL2BCH4PLM.002/EMIT_L2B_CH4PLM_002_20231016T114853_001732/EMIT_L2B_CH4PLM_002_20231016T114853_001732.tif"},"geometry":{"type":"Point","coordinates":[36.215162709141886,31.92876708491835]}},{"type":"Feature","properties":{"id":"CH4_PlumeComplex-1733","date":"2023-10-16T10:10:18Z","scenes":"emit20231016t101018","peak":2334.0,"download":"https://data.lpdaac.earthdatacloud.nasa.gov/lp-prod-protected/EMITL2BCH4PLM.002/EMIT_L2B_CH4PLM_002_20231016T101018_001733/EMIT_L2B_CH4PLM_002_20231016T101018_001733.tif"},"geometry":{"type":"Point","coordinates":[38.76745118198853,45.17604978730164]}},{"type":"Feature","properties":{"id":"CH4_PlumeComplex-1735","date":"2023-07-31T13:08:04Z","scenes":"emit20230731t130804","peak":1266.0,"download":"https://data.lpdaac.earthdatacloud.nasa.gov/lp-prod-protected/EMITL2BCH4PLM.002/EMIT_L2B_CH4PLM_002_20230731T130804_001735/EMIT_L2B_CH4PLM_002_20230731T130804_001735.tif"},"geometry":{"type":"Point","coordinates":[-4.929983160431542,34.001722009858454]}},{"type":"Feature","properties":{"id":"CH4_PlumeComplex-1738","date":"2023-08-02T08:26:10Z","scenes":"emit20230802t082610","peak":2633.0,"download":"https://data.lpdaac.earthdatacloud.nasa.gov/lp-prod-protected/EMITL2BCH4PLM.002/EMIT_L2B_CH4PLM_002_20230802T082610_001738/EMIT_L2B_CH4PLM_002_20230802T082610_001738.tif"},"geometry":{"type":"Point","coordinates":[49.863155243994534,30.396960215194156]}},{"type":"Feature","properties":{"id":"CH4_PlumeComplex-174","date":"2023-06-25T06:16:49Z","scenes":"emit20230625t061649","peak":4040.0,"download":"https://data.lpdaac.earthdatacloud.nasa.gov/lp-prod-protected/EMITL2BCH4PLM.002/EMIT_L2B_CH4PLM_002_20230625T061649_000174/EMIT_L2B_CH4PLM_002_20230625T061649_000174.tif"},"geometry":{"type":"Point","coordinates":[52.39429664855134,43.55260562165414]}},{"type":"Feature","properties":{"id":"CH4_PlumeComplex-175","date":"2023-06-25T06:16:49Z","scenes":"emit20230625t061649","peak":1452.0,"download":"https://data.lpdaac.earthdatacloud.nasa.gov/lp-prod-protected/EMITL2BCH4PLM.002/EMIT_L2B_CH4PLM_002_20230625T061649_000175/EMIT_L2B_CH4PLM_002_20230625T061649_000175.tif"},"geometry":{"type":"Point","coordinates":[52.408394694078,43.42355428183313]}},{"type":"Feature","properties":{"id":"CH4_PlumeComplex-1752","date":"2023-09-26T11:41:19Z","scenes":"emit20230926t114119","peak":2074.0,"download":"https://data.lpdaac.earthdatacloud.nasa.gov/lp-prod-protected/EMITL2BCH4PLM.002/EMIT_L2B_CH4PLM_002_20230926T114119_001752/EMIT_L2B_CH4PLM_002_20230926T114119_001752.tif"},"geometry":{"type":"Point","coordinates":[34.74571257924703,31.323635592312264]}},{"type":"Feature","properties":{"id":"CH4_PlumeComplex-1753","date":"2023-09-26T11:41:19Z","scenes":"emit20230926t114119","peak":1352.0,"download":"https://data.lpdaac.earthdatacloud.nasa.gov/lp-prod-protected/EMITL2BCH4PLM.002/EMIT_L2B_CH4PLM_002_20230926T114119_001753/EMIT_L2B_CH4PLM_002_20230926T114119_001753.tif"},"geometry":{"type":"Point","coordinates":[35.2120325466675,31.127347419979458]}},{"type":"Feature","properties":{"id":"CH4_PlumeComplex-1754","date":"2023-09-26T11:41:31Z","scenes":"emit20230926t114131","peak":4832.0,"download":"https://data.lpdaac.earthdatacloud.nasa.gov/lp-prod-protected/EMITL2BCH4PLM.002/EMIT_L2B_CH4PLM_002_20230926T114131_001754/EMIT_L2B_CH4PLM_002_20230926T114131_001754.tif"},"geometry":{"type":"Point","coordinates":[35.2331796149575,31.61806785081147]}},{"type":"Feature","properties":{"id":"CH4_PlumeComplex-1755","date":"2023-09-26T11:41:43Z","scenes":"emit20230926t114143","peak":2077.0,"download":"https://data.lpdaac.earthdatacloud.nasa.gov/lp-prod-protected/EMITL2BCH4PLM.002/EMIT_L2B_CH4PLM_002_20230926T114143_001755/EMIT_L2B_CH4PLM_002_20230926T114143_001755.tif"},"geometry":{"type":"Point","coordinates":[36.195100105892294,31.929309317438626]}},{"type":"Feature","properties":{"id":"CH4_PlumeComplex-1756","date":"2023-10-11T04:35:57Z","scenes":"emit20231011t043557","peak":3819.0,"download":"https://data.lpdaac.earthdatacloud.nasa.gov/lp-prod-protected/EMITL2BCH4PLM.002/EMIT_L2B_CH4PLM_002_20231011T043557_001756/EMIT_L2B_CH4PLM_002_20231011T043557_001756.tif"},"geometry":{"type":"Point","coordinates":[69.4822122919105,41.09303890977122]}},{"type":"Feature","properties":{"id":"CH4_PlumeComplex-176","date":"2023-06-25T06:16:49Z","scenes":"emit20230625t061649","peak":3023.0,"download":"https://data.lpdaac.earthdatacloud.nasa.gov/lp-prod-protected/EMITL2BCH4PLM.002/EMIT_L2B_CH4PLM_002_20230625T061649_000176/EMIT_L2B_CH4PLM_002_20230625T061649_000176.tif"},"geometry":{"type":"Point","coordinates":[52.48105385179235,43.401322748502615]}},{"type":"Feature","properties":{"id":"CH4_PlumeComplex-1763","date":"2023-10-11T01:31:58Z","scenes":"emit20231011t013158","peak":4443.0,"download":"https://data.lpdaac.earthdatacloud.nasa.gov/lp-prod-protected/EMITL2BCH4PLM.002/EMIT_L2B_CH4PLM_002_20231011T013158_001763/EMIT_L2B_CH4PLM_002_20231011T013158_001763.tif"},"geometry":{"type":"Point","coordinates":[124.01291015653231,44.64032405728833]}},{"type":"Feature","properties":{"id":"CH4_PlumeComplex-1764","date":"2023-09-26T11:43:17Z","scenes":"emit20230926t114317","peak":6018.0,"download":"https://data.lpdaac.earthdatacloud.nasa.gov/lp-prod-protected/EMITL2BCH4PLM.002/EMIT_L2B_CH4PLM_002_20230926T114317_001764/EMIT_L2B_CH4PLM_002_20230926T114317_001764.tif"},"geometry":{"type":"Point","coordinates":[41.09308646136806,36.136491442107776]}},{"type":"Feature","properties":{"id":"CH4_PlumeComplex-1765","date":"2023-09-26T11:43:17Z","scenes":"emit20230926t114317","peak":1300.0,"download":"https://data.lpdaac.earthdatacloud.nasa.gov/lp-prod-protected/EMITL2BCH4PLM.002/EMIT_L2B_CH4PLM_002_20230926T114317_001765/EMIT_L2B_CH4PLM_002_20230926T114317_001765.tif"},"geometry":{"type":"Point","coordinates":[41.08929083372627,36.16414530064085]}},{"type":"Feature","properties":{"id":"CH4_PlumeComplex-177","date":"2023-06-25T06:18:46Z","scenes":"emit20230625t061846","peak":2905.0,"download":"https://data.lpdaac.earthdatacloud.nasa.gov/lp-prod-protected/EMITL2BCH4PLM.002/EMIT_L2B_CH4PLM_002_20230625T061846_000177/EMIT_L2B_CH4PLM_002_20230625T061846_000177.tif"},"geometry":{"type":"Point","coordinates":[60.21166289308733,39.6946212400301]}},{"type":"Feature","properties":{"id":"CH4_PlumeComplex-178","date":"2023-06-25T06:18:46Z","scenes":"emit20230625t061846","peak":2202.0,"download":"https://data.lpdaac.earthdatacloud.nasa.gov/lp-prod-protected/EMITL2BCH4PLM.002/EMIT_L2B_CH4PLM_002_20230625T061846_000178/EMIT_L2B_CH4PLM_002_20230625T061846_000178.tif"},"geometry":{"type":"Point","coordinates":[60.21437405568861,39.683776589624976]}},{"type":"Feature","properties":{"id":"CH4_PlumeComplex-1782","date":"2023-09-27T20:11:14Z","scenes":"emit20230927t201114","peak":6332.0,"download":"https://data.lpdaac.earthdatacloud.nasa.gov/lp-prod-protected/EMITL2BCH4PLM.002/EMIT_L2B_CH4PLM_002_20230927T201114_001782/EMIT_L2B_CH4PLM_002_20230927T201114_001782.tif"},"geometry":{"type":"Point","coordinates":[-101.22939429292181,31.12463625737814]}},{"type":"Feature","properties":{"id":"CH4_PlumeComplex-179","date":"2023-06-24T05:29:00Z","scenes":"emit20230624t052900","peak":6218.0,"download":"https://data.lpdaac.earthdatacloud.nasa.gov/lp-prod-protected/EMITL2BCH4PLM.002/EMIT_L2B_CH4PLM_002_20230624T052900_000179/EMIT_L2B_CH4PLM_002_20230624T052900_000179.tif"},"geometry":{"type":"Point","coordinates":[57.34813295361347,48.23369896902732]}},{"type":"Feature","properties":{"id":"CH4_PlumeComplex-18","date":"2023-06-20T08:44:14Z","scenes":"emit20230620t084414","peak":2262.0,"download":"https://data.lpdaac.earthdatacloud.nasa.gov/lp-prod-protected/EMITL2BCH4PLM.002/EMIT_L2B_CH4PLM_002_20230620T084414_000018/EMIT_L2B_CH4PLM_002_20230620T084414_000018.tif"},"geometry":{"type":"Point","coordinates":[53.70975274269323,39.46363018640085]}},{"type":"Feature","properties":{"id":"CH4_PlumeComplex-180","date":"2023-06-24T05:30:36Z","scenes":"emit20230624t053036","peak":1963.0,"download":"https://data.lpdaac.earthdatacloud.nasa.gov/lp-prod-protected/EMITL2BCH4PLM.002/EMIT_L2B_CH4PLM_002_20230624T053036_000180/EMIT_L2B_CH4PLM_002_20230624T053036_000180.tif"},"geometry":{"type":"Point","coordinates":[65.05379929897673,46.04958637743471]}},{"type":"Feature","properties":{"id":"CH4_PlumeComplex-1810","date":"2023-10-01T07:42:25Z","scenes":"emit20231001t074225","peak":3786.0,"download":"https://data.lpdaac.earthdatacloud.nasa.gov/lp-prod-protected/EMITL2BCH4PLM.002/EMIT_L2B_CH4PLM_002_20231001T074225_001810/EMIT_L2B_CH4PLM_002_20231001T074225_001810.tif"},"geometry":{"type":"Point","coordinates":[56.03484578955262,21.944097456917593]}},{"type":"Feature","properties":{"id":"CH4_PlumeComplex-1813","date":"2023-10-02T11:39:07Z","scenes":"emit20231002t113907","peak":2384.0,"download":"https://data.lpdaac.earthdatacloud.nasa.gov/lp-prod-protected/EMITL2BCH4PLM.002/EMIT_L2B_CH4PLM_002_20231002T113907_001813/EMIT_L2B_CH4PLM_002_20231002T113907_001813.tif"},"geometry":{"type":"Point","coordinates":[6.50949631941703,36.23843115591601]}},{"type":"Feature","properties":{"id":"CH4_PlumeComplex-1819","date":"2023-10-02T08:24:55Z","scenes":"emit20231002t082455","peak":3525.0,"download":"https://data.lpdaac.earthdatacloud.nasa.gov/lp-prod-protected/EMITL2BCH4PLM.002/EMIT_L2B_CH4PLM_002_20231002T082455_001819/EMIT_L2B_CH4PLM_002_20231002T082455_001819.tif"},"geometry":{"type":"Point","coordinates":[30.940324752087854,12.561305926401424]}},{"type":"Feature","properties":{"id":"CH4_PlumeComplex-1823","date":"2023-10-02T08:31:11Z","scenes":"emit20231002t083111","peak":1597.0,"download":"https://data.lpdaac.earthdatacloud.nasa.gov/lp-prod-protected/EMITL2BCH4PLM.002/EMIT_L2B_CH4PLM_002_20231002T083111_001823/EMIT_L2B_CH4PLM_002_20231002T083111_001823.tif"},"geometry":{"type":"Point","coordinates":[46.8315332232413,30.35629277617491]}},{"type":"Feature","properties":{"id":"CH4_PlumeComplex-1842","date":"2023-10-23T09:21:42Z","scenes":"emit20231023t092142","peak":4398.0,"download":"https://data.lpdaac.earthdatacloud.nasa.gov/lp-prod-protected/EMITL2BCH4PLM.002/EMIT_L2B_CH4PLM_002_20231023T092142_001842/EMIT_L2B_CH4PLM_002_20231023T092142_001842.tif"},"geometry":{"type":"Point","coordinates":[23.650550749761337,38.07605716706483]}},{"type":"Feature","properties":{"id":"CH4_PlumeComplex-1844","date":"2023-10-23T07:50:04Z","scenes":"emit20231023t075004","peak":3868.0,"download":"https://data.lpdaac.earthdatacloud.nasa.gov/lp-prod-protected/EMITL2BCH4PLM.002/EMIT_L2B_CH4PLM_002_20231023T075004_001844/EMIT_L2B_CH4PLM_002_20231023T075004_001844.tif"},"geometry":{"type":"Point","coordinates":[51.328267513727305,35.45978525682779]}},{"type":"Feature","properties":{"id":"CH4_PlumeComplex-1847","date":"2023-10-23T03:09:00Z","scenes":"emit20231023t030900","peak":3341.0,"download":"https://data.lpdaac.earthdatacloud.nasa.gov/lp-prod-protected/EMITL2BCH4PLM.002/EMIT_L2B_CH4PLM_002_20231023T030900_001847/EMIT_L2B_CH4PLM_002_20231023T030900_001847.tif"},"geometry":{"type":"Point","coordinates":[113.06469334003668,41.34843042681204]}},{"type":"Feature","properties":{"id":"CH4_PlumeComplex-1857","date":"2023-10-24T10:09:47Z","scenes":"emit20231024t100947","peak":1409.0,"download":"https://data.lpdaac.earthdatacloud.nasa.gov/lp-prod-protected/EMITL2BCH4PLM.002/EMIT_L2B_CH4PLM_002_20231024T100947_001857/EMIT_L2B_CH4PLM_002_20231024T100947_001857.tif"},"geometry":{"type":"Point","coordinates":[13.350844027491652,32.60276210759702]}},{"type":"Feature","properties":{"id":"CH4_PlumeComplex-1860","date":"2023-10-24T07:01:57Z","scenes":"emit20231024t070157, emit20231024t070209","peak":7468.0,"download":"https://data.lpdaac.earthdatacloud.nasa.gov/lp-prod-protected/EMITL2BCH4PLM.002/EMIT_L2B_CH4PLM_002_20231024T070157_001860/EMIT_L2B_CH4PLM_002_20231024T070157_001860.tif"},"geometry":{"type":"Point","coordinates":[53.91525886787041,37.76806909555921]}},{"type":"Feature","properties":{"id":"CH4_PlumeComplex-1861","date":"2023-10-24T07:02:09Z","scenes":"emit20231024t070209","peak":6166.0,"download":"https://data.lpdaac.earthdatacloud.nasa.gov/lp-prod-protected/EMITL2BCH4PLM.002/EMIT_L2B_CH4PLM_002_20231024T070209_001861/EMIT_L2B_CH4PLM_002_20231024T070209_001861.tif"},"geometry":{"type":"Point","coordinates":[53.927730215836306,37.734992911823575]}},{"type":"Feature","properties":{"id":"CH4_PlumeComplex-1865","date":"2023-10-25T17:03:54Z","scenes":"emit20231025t170354","peak":2619.0,"download":"https://data.lpdaac.earthdatacloud.nasa.gov/lp-prod-protected/EMITL2BCH4PLM.002/EMIT_L2B_CH4PLM_002_20231025T170354_001865/EMIT_L2B_CH4PLM_002_20231025T170354_001865.tif"},"geometry":{"type":"Point","coordinates":[-109.5298897130064,40.01128503185978]}},{"type":"Feature","properties":{"id":"CH4_PlumeComplex-1866","date":"2023-10-25T17:04:06Z","scenes":"emit20231025t170406","peak":5695.0,"download":"https://data.lpdaac.earthdatacloud.nasa.gov/lp-prod-protected/EMITL2BCH4PLM.002/EMIT_L2B_CH4PLM_002_20231025T170406_001866/EMIT_L2B_CH4PLM_002_20231025T170406_001866.tif"},"geometry":{"type":"Point","coordinates":[-108.7729331147285,40.050325773318235]}},{"type":"Feature","properties":{"id":"CH4_PlumeComplex-1867","date":"2023-10-25T06:15:31Z","scenes":"emit20231025t061531","peak":7072.0,"download":"https://data.lpdaac.earthdatacloud.nasa.gov/lp-prod-protected/EMITL2BCH4PLM.002/EMIT_L2B_CH4PLM_002_20231025T061531_001867/EMIT_L2B_CH4PLM_002_20231025T061531_001867.tif"},"geometry":{"type":"Point","coordinates":[61.66701497745542,36.507378485963095]}},{"type":"Feature","properties":{"id":"CH4_PlumeComplex-1868","date":"2023-10-25T06:15:31Z","scenes":"emit20231025t061531","peak":990.0,"download":"https://data.lpdaac.earthdatacloud.nasa.gov/lp-prod-protected/EMITL2BCH4PLM.002/EMIT_L2B_CH4PLM_002_20231025T061531_001868/EMIT_L2B_CH4PLM_002_20231025T061531_001868.tif"},"geometry":{"type":"Point","coordinates":[61.67460623273901,36.40977663231695]}},{"type":"Feature","properties":{"id":"CH4_PlumeComplex-1869","date":"2023-10-25T06:15:31Z","scenes":"emit20231025t061531","peak":2047.0,"download":"https://data.lpdaac.earthdatacloud.nasa.gov/lp-prod-protected/EMITL2BCH4PLM.002/EMIT_L2B_CH4PLM_002_20231025T061531_001869/EMIT_L2B_CH4PLM_002_20231025T061531_001869.tif"},"geometry":{"type":"Point","coordinates":[61.673521767698496,36.43200816564746]}},{"type":"Feature","properties":{"id":"CH4_PlumeComplex-1870","date":"2023-10-25T06:15:31Z","scenes":"emit20231025t061531","peak":1544.0,"download":"https://data.lpdaac.earthdatacloud.nasa.gov/lp-prod-protected/EMITL2BCH4PLM.002/EMIT_L2B_CH4PLM_002_20231025T061531_001870/EMIT_L2B_CH4PLM_002_20231025T061531_001870.tif"},"geometry":{"type":"Point","coordinates":[61.68707758070491,36.43146593312721]}},{"type":"Feature","properties":{"id":"CH4_PlumeComplex-1871","date":"2023-10-25T06:15:31Z","scenes":"emit20231025t061531","peak":1210.0,"download":"https://data.lpdaac.earthdatacloud.nasa.gov/lp-prod-protected/EMITL2BCH4PLM.002/EMIT_L2B_CH4PLM_002_20231025T061531_001871/EMIT_L2B_CH4PLM_002_20231025T061531_001871.tif"},"geometry":{"type":"Point","coordinates":[61.72178046200131,36.435261560769]}},{"type":"Feature","properties":{"id":"CH4_PlumeComplex-1873","date":"2023-10-26T08:36:53Z","scenes":"emit20231026t083653","peak":2104.0,"download":"https://data.lpdaac.earthdatacloud.nasa.gov/lp-prod-protected/EMITL2BCH4PLM.002/EMIT_L2B_CH4PLM_002_20231026T083653_001873/EMIT_L2B_CH4PLM_002_20231026T083653_001873.tif"},"geometry":{"type":"Point","coordinates":[28.69927774586838,29.634581291713726]}},{"type":"Feature","properties":{"id":"CH4_PlumeComplex-1874","date":"2023-10-26T08:36:53Z","scenes":"emit20231026t083653","peak":1770.0,"download":"https://data.lpdaac.earthdatacloud.nasa.gov/lp-prod-protected/EMITL2BCH4PLM.002/EMIT_L2B_CH4PLM_002_20231026T083653_001874/EMIT_L2B_CH4PLM_002_20231026T083653_001874.tif"},"geometry":{"type":"Point","coordinates":[28.616316170269155,29.6025895730186]}},{"type":"Feature","properties":{"id":"CH4_PlumeComplex-1875","date":"2023-10-26T07:01:06Z","scenes":"emit20231026t070106","peak":2054.0,"download":"https://data.lpdaac.earthdatacloud.nasa.gov/lp-prod-protected/EMITL2BCH4PLM.002/EMIT_L2B_CH4PLM_002_20231026T070106_001875/EMIT_L2B_CH4PLM_002_20231026T070106_001875.tif"},"geometry":{"type":"Point","coordinates":[42.81033685302003,36.972613988343056]}},{"type":"Feature","properties":{"id":"CH4_PlumeComplex-1876","date":"2023-10-26T05:26:47Z","scenes":"emit20231026t052647","peak":1753.0,"download":"https://data.lpdaac.earthdatacloud.nasa.gov/lp-prod-protected/EMITL2BCH4PLM.002/EMIT_L2B_CH4PLM_002_20231026T052647_001876/EMIT_L2B_CH4PLM_002_20231026T052647_001876.tif"},"geometry":{"type":"Point","coordinates":[61.27335416774935,40.783966373225084]}},{"type":"Feature","properties":{"id":"CH4_PlumeComplex-1878","date":"2023-10-26T05:27:35Z","scenes":"emit20231026t052735","peak":5941.0,"download":"https://data.lpdaac.earthdatacloud.nasa.gov/lp-prod-protected/EMITL2BCH4PLM.002/EMIT_L2B_CH4PLM_002_20231026T052735_001878/EMIT_L2B_CH4PLM_002_20231026T052735_001878.tif"},"geometry":{"type":"Point","coordinates":[64.61730212017036,38.733242981615504]}},{"type":"Feature","properties":{"id":"CH4_PlumeComplex-1879","date":"2023-10-26T02:21:45Z","scenes":"emit20231026t022145","peak":4830.0,"download":"https://data.lpdaac.earthdatacloud.nasa.gov/lp-prod-protected/EMITL2BCH4PLM.002/EMIT_L2B_CH4PLM_002_20231026T022145_001879/EMIT_L2B_CH4PLM_002_20231026T022145_001879.tif"},"geometry":{"type":"Point","coordinates":[111.07361552565503,39.054244633607276]}},{"type":"Feature","properties":{"id":"CH4_PlumeComplex-1882","date":"2023-10-27T15:32:39Z","scenes":"emit20231027t153239","peak":8898.0,"download":"https://data.lpdaac.earthdatacloud.nasa.gov/lp-prod-protected/EMITL2BCH4PLM.002/EMIT_L2B_CH4PLM_002_20231027T153239_001882/EMIT_L2B_CH4PLM_002_20231027T153239_001882.tif"},"geometry":{"type":"Point","coordinates":[-87.23274624754421,33.378154611563595]}},{"type":"Feature","properties":{"id":"CH4_PlumeComplex-1885","date":"2023-10-27T17:07:14Z","scenes":"emit20231027t170714","peak":1766.0,"download":"https://data.lpdaac.earthdatacloud.nasa.gov/lp-prod-protected/EMITL2BCH4PLM.002/EMIT_L2B_CH4PLM_002_20231027T170714_001885/EMIT_L2B_CH4PLM_002_20231027T170714_001885.tif"},"geometry":{"type":"Point","coordinates":[-106.04441907279809,28.69489233410942]}},{"type":"Feature","properties":{"id":"CH4_PlumeComplex-1888","date":"2023-10-27T06:14:34Z","scenes":"emit20231027t061434","peak":1683.0,"download":"https://data.lpdaac.earthdatacloud.nasa.gov/lp-prod-protected/EMITL2BCH4PLM.002/EMIT_L2B_CH4PLM_002_20231027T061434_001888/EMIT_L2B_CH4PLM_002_20231027T061434_001888.tif"},"geometry":{"type":"Point","coordinates":[50.80609759672038,35.77807574621832]}},{"type":"Feature","properties":{"id":"CH4_PlumeComplex-1889","date":"2023-10-27T06:14:34Z","scenes":"emit20231027t061434","peak":3068.0,"download":"https://data.lpdaac.earthdatacloud.nasa.gov/lp-prod-protected/EMITL2BCH4PLM.002/EMIT_L2B_CH4PLM_002_20231027T061434_001889/EMIT_L2B_CH4PLM_002_20231027T061434_001889.tif"},"geometry":{"type":"Point","coordinates":[51.33965439665265,35.457616326746816]}},{"type":"Feature","properties":{"id":"CH4_PlumeComplex-1892","date":"2023-10-28T16:19:00Z","scenes":"emit20231028t161900","peak":3258.0,"download":"https://data.lpdaac.earthdatacloud.nasa.gov/lp-prod-protected/EMITL2BCH4PLM.002/EMIT_L2B_CH4PLM_002_20231028T161900_001892/EMIT_L2B_CH4PLM_002_20231028T161900_001892.tif"},"geometry":{"type":"Point","coordinates":[-103.06268244390888,31.323635592312293]}},{"type":"Feature","properties":{"id":"CH4_PlumeComplex-1893","date":"2023-10-28T16:19:00Z","scenes":"emit20231028t161900","peak":3994.0,"download":"https://data.lpdaac.earthdatacloud.nasa.gov/lp-prod-protected/EMITL2BCH4PLM.002/EMIT_L2B_CH4PLM_002_20231028T161900_001893/EMIT_L2B_CH4PLM_002_20231028T161900_001893.tif"},"geometry":{"type":"Point","coordinates":[-103.23728131543145,31.357796241088447]}},{"type":"Feature","properties":{"id":"CH4_PlumeComplex-1894","date":"2023-10-28T16:19:00Z","scenes":"emit20231028t161900","peak":3056.0,"download":"https://data.lpdaac.earthdatacloud.nasa.gov/lp-prod-protected/EMITL2BCH4PLM.002/EMIT_L2B_CH4PLM_002_20231028T161900_001894/EMIT_L2B_CH4PLM_002_20231028T161900_001894.tif"},"geometry":{"type":"Point","coordinates":[-103.00845919188326,31.326888987433833]}},{"type":"Feature","properties":{"id":"CH4_PlumeComplex-1897","date":"2023-10-28T16:19:00Z","scenes":"emit20231028t161900","peak":1923.0,"download":"https://data.lpdaac.earthdatacloud.nasa.gov/lp-prod-protected/EMITL2BCH4PLM.002/EMIT_L2B_CH4PLM_002_20231028T161900_001897/EMIT_L2B_CH4PLM_002_20231028T161900_001897.tif"},"geometry":{"type":"Point","coordinates":[-103.0241839349707,31.147410023228975]}},{"type":"Feature","properties":{"id":"CH4_PlumeComplex-19","date":"2023-06-20T08:44:14Z","scenes":"emit20230620t084414","peak":1815.0,"download":"https://data.lpdaac.earthdatacloud.nasa.gov/lp-prod-protected/EMITL2BCH4PLM.002/EMIT_L2B_CH4PLM_002_20230620T084414_000019/EMIT_L2B_CH4PLM_002_20230620T084414_000019.tif"},"geometry":{"type":"Point","coordinates":[53.80139003861656,39.44573651323238]}},{"type":"Feature","properties":{"id":"CH4_PlumeComplex-1902","date":"2023-10-28T08:34:16Z","scenes":"emit20231028t083416","peak":1765.0,"download":"https://data.lpdaac.earthdatacloud.nasa.gov/lp-prod-protected/EMITL2BCH4PLM.002/EMIT_L2B_CH4PLM_002_20231028T083416_001902/EMIT_L2B_CH4PLM_002_20231028T083416_001902.tif"},"geometry":{"type":"Point","coordinates":[13.342710539687815,32.607642200279315]}},{"type":"Feature","properties":{"id":"CH4_PlumeComplex-1903","date":"2023-10-28T07:01:16Z","scenes":"emit20231028t070116","peak":1848.0,"download":"https://data.lpdaac.earthdatacloud.nasa.gov/lp-prod-protected/EMITL2BCH4PLM.002/EMIT_L2B_CH4PLM_002_20231028T070116_001903/EMIT_L2B_CH4PLM_002_20231028T070116_001903.tif"},"geometry":{"type":"Point","coordinates":[36.44994939041284,33.330438149781095]}},{"type":"Feature","properties":{"id":"CH4_PlumeComplex-1904","date":"2023-10-28T07:01:04Z","scenes":"emit20231028t070104","peak":3041.0,"download":"https://data.lpdaac.earthdatacloud.nasa.gov/lp-prod-protected/EMITL2BCH4PLM.002/EMIT_L2B_CH4PLM_002_20231028T070104_001904/EMIT_L2B_CH4PLM_002_20231028T070104_001904.tif"},"geometry":{"type":"Point","coordinates":[35.91476589291981,33.8000115123231]}},{"type":"Feature","properties":{"id":"CH4_PlumeComplex-1913","date":"2023-11-05T15:00:54Z","scenes":"emit20231105t150054","peak":4368.0,"download":"https://data.lpdaac.earthdatacloud.nasa.gov/lp-prod-protected/EMITL2BCH4PLM.002/EMIT_L2B_CH4PLM_002_20231105T150054_001913/EMIT_L2B_CH4PLM_002_20231105T150054_001913.tif"},"geometry":{"type":"Point","coordinates":[-70.78520721060782,-32.95314959139777]}},{"type":"Feature","properties":{"id":"CH4_PlumeComplex-1918","date":"2023-11-07T00:53:49Z","scenes":"emit20231107t005349","peak":4870.0,"download":"https://data.lpdaac.earthdatacloud.nasa.gov/lp-prod-protected/EMITL2BCH4PLM.002/EMIT_L2B_CH4PLM_002_20231107T005349_001918/EMIT_L2B_CH4PLM_002_20231107T005349_001918.tif"},"geometry":{"type":"Point","coordinates":[106.64303360264024,-6.565946225641882]}},{"type":"Feature","properties":{"id":"CH4_PlumeComplex-1927","date":"2023-11-01T08:34:38Z","scenes":"emit20231101t083438","peak":1130.0,"download":"https://data.lpdaac.earthdatacloud.nasa.gov/lp-prod-protected/EMITL2BCH4PLM.002/EMIT_L2B_CH4PLM_002_20231101T083438_001927/EMIT_L2B_CH4PLM_002_20231101T083438_001927.tif"},"geometry":{"type":"Point","coordinates":[1.0898822794546446,22.95210771207425]}},{"type":"Feature","properties":{"id":"CH4_PlumeComplex-1928","date":"2023-08-19T12:29:33Z","scenes":"emit20230819t122933","peak":1771.0,"download":"https://data.lpdaac.earthdatacloud.nasa.gov/lp-prod-protected/EMITL2BCH4PLM.002/EMIT_L2B_CH4PLM_002_20230819T122933_001928/EMIT_L2B_CH4PLM_002_20230819T122933_001928.tif"},"geometry":{"type":"Point","coordinates":[3.447509277529322,36.7231870290252]}},{"type":"Feature","properties":{"id":"CH4_PlumeComplex-1938","date":"2023-10-29T06:15:39Z","scenes":"emit20231029t061539","peak":2060.0,"download":"https://data.lpdaac.earthdatacloud.nasa.gov/lp-prod-protected/EMITL2BCH4PLM.002/EMIT_L2B_CH4PLM_002_20231029T061539_001938/EMIT_L2B_CH4PLM_002_20231029T061539_001938.tif"},"geometry":{"type":"Point","coordinates":[47.59987670444453,29.021316311303703]}},{"type":"Feature","properties":{"id":"CH4_PlumeComplex-1939","date":"2023-10-29T03:10:32Z","scenes":"emit20231029t031032","peak":3893.0,"download":"https://data.lpdaac.earthdatacloud.nasa.gov/lp-prod-protected/EMITL2BCH4PLM.002/EMIT_L2B_CH4PLM_002_20231029T031032_001939/EMIT_L2B_CH4PLM_002_20231029T031032_001939.tif"},"geometry":{"type":"Point","coordinates":[96.03208541374325,27.39678768061563]}},{"type":"Feature","properties":{"id":"CH4_PlumeComplex-1941","date":"2023-10-30T03:55:45Z","scenes":"emit20231030t035545","peak":2949.0,"download":"https://data.lpdaac.earthdatacloud.nasa.gov/lp-prod-protected/EMITL2BCH4PLM.002/EMIT_L2B_CH4PLM_002_20231030T035545_001941/EMIT_L2B_CH4PLM_002_20231030T035545_001941.tif"},"geometry":{"type":"Point","coordinates":[77.32452123237833,28.624944338996325]}},{"type":"Feature","properties":{"id":"CH4_PlumeComplex-1942","date":"2023-10-30T03:55:33Z","scenes":"emit20231030t035533","peak":3534.0,"download":"https://data.lpdaac.earthdatacloud.nasa.gov/lp-prod-protected/EMITL2BCH4PLM.002/EMIT_L2B_CH4PLM_002_20231030T035533_001942/EMIT_L2B_CH4PLM_002_20231030T035533_001942.tif"},"geometry":{"type":"Point","coordinates":[77.14775343077476,28.7420665633717]}},{"type":"Feature","properties":{"id":"CH4_PlumeComplex-1943","date":"2023-10-30T03:55:45Z","scenes":"emit20231030t035545","peak":2323.0,"download":"https://data.lpdaac.earthdatacloud.nasa.gov/lp-prod-protected/EMITL2BCH4PLM.002/EMIT_L2B_CH4PLM_002_20231030T035545_001943/EMIT_L2B_CH4PLM_002_20231030T035545_001943.tif"},"geometry":{"type":"Point","coordinates":[77.13636654784938,28.420522678859673]}},{"type":"Feature","properties":{"id":"CH4_PlumeComplex-1952","date":"2023-11-21T12:25:43Z","scenes":"emit20231121t122543, emit20231121t122555","peak":2410.0,"download":"https://data.lpdaac.earthdatacloud.nasa.gov/lp-prod-protected/EMITL2BCH4PLM.002/EMIT_L2B_CH4PLM_002_20231121T122543_001952/EMIT_L2B_CH4PLM_002_20231121T122543_001952.tif"},"geometry":{"type":"Point","coordinates":[34.258245543536646,14.676012755401265]}},{"type":"Feature","properties":{"id":"CH4_PlumeComplex-1959","date":"2023-11-24T14:26:42Z","scenes":"emit20231124t142642","peak":8636.0,"download":"https://data.lpdaac.earthdatacloud.nasa.gov/lp-prod-protected/EMITL2BCH4PLM.002/EMIT_L2B_CH4PLM_002_20231124T142642_001959/EMIT_L2B_CH4PLM_002_20231124T142642_001959.tif"},"geometry":{"type":"Point","coordinates":[-58.63160750158159,-34.52941952778301]}},{"type":"Feature","properties":{"id":"CH4_PlumeComplex-1965","date":"2023-11-25T10:55:40Z","scenes":"emit20231125t105540","peak":5932.0,"download":"https://data.lpdaac.earthdatacloud.nasa.gov/lp-prod-protected/EMITL2BCH4PLM.002/EMIT_L2B_CH4PLM_002_20231125T105540_001965/EMIT_L2B_CH4PLM_002_20231125T105540_001965.tif"},"geometry":{"type":"Point","coordinates":[47.54944908006067,29.039209984472166]}},{"type":"Feature","properties":{"id":"CH4_PlumeComplex-1966","date":"2023-11-25T10:55:40Z","scenes":"emit20231125t105540","peak":2464.0,"download":"https://data.lpdaac.earthdatacloud.nasa.gov/lp-prod-protected/EMITL2BCH4PLM.002/EMIT_L2B_CH4PLM_002_20231125T105540_001966/EMIT_L2B_CH4PLM_002_20231125T105540_001966.tif"},"geometry":{"type":"Point","coordinates":[47.917624961314736,29.15633220884754]}},{"type":"Feature","properties":{"id":"CH4_PlumeComplex-1967","date":"2023-11-25T10:55:40Z","scenes":"emit20231125t105540","peak":3395.0,"download":"https://data.lpdaac.earthdatacloud.nasa.gov/lp-prod-protected/EMITL2BCH4PLM.002/EMIT_L2B_CH4PLM_002_20231125T105540_001967/EMIT_L2B_CH4PLM_002_20231125T105540_001967.tif"},"geometry":{"type":"Point","coordinates":[47.908407008470384,29.647594872199807]}},{"type":"Feature","properties":{"id":"CH4_PlumeComplex-1970","date":"2023-11-25T09:22:20Z","scenes":"emit20231125t092220","peak":7995.0,"download":"https://data.lpdaac.earthdatacloud.nasa.gov/lp-prod-protected/EMITL2BCH4PLM.002/EMIT_L2B_CH4PLM_002_20231125T092220_001970/EMIT_L2B_CH4PLM_002_20231125T092220_001970.tif"},"geometry":{"type":"Point","coordinates":[69.81026296666558,27.967758524445607]}},{"type":"Feature","properties":{"id":"CH4_PlumeComplex-1975","date":"2023-11-27T14:00:54Z","scenes":"emit20231127t140054","peak":2353.0,"download":"https://data.lpdaac.earthdatacloud.nasa.gov/lp-prod-protected/EMITL2BCH4PLM.002/EMIT_L2B_CH4PLM_002_20231127T140054_001975/EMIT_L2B_CH4PLM_002_20231127T140054_001975.tif"},"geometry":{"type":"Point","coordinates":[-8.077642940519755,31.90978894670938]}},{"type":"Feature","properties":{"id":"CH4_PlumeComplex-1976","date":"2023-11-27T09:19:46Z","scenes":"emit20231127t091946, emit20231127t091957","peak":1825.0,"download":"https://data.lpdaac.earthdatacloud.nasa.gov/lp-prod-protected/EMITL2BCH4PLM.002/EMIT_L2B_CH4PLM_002_20231127T091946_001976/EMIT_L2B_CH4PLM_002_20231127T091946_001976.tif"},"geometry":{"type":"Point","coordinates":[55.43459438962873,25.276658526413215]}},{"type":"Feature","properties":{"id":"CH4_PlumeComplex-1979","date":"2023-11-28T23:44:58Z","scenes":"emit20231128t234458","peak":2902.0,"download":"https://data.lpdaac.earthdatacloud.nasa.gov/lp-prod-protected/EMITL2BCH4PLM.002/EMIT_L2B_CH4PLM_002_20231128T234458_001979/EMIT_L2B_CH4PLM_002_20231128T234458_001979.tif"},"geometry":{"type":"Point","coordinates":[148.58255011438874,-22.989627031686975]}},{"type":"Feature","properties":{"id":"CH4_PlumeComplex-1980","date":"2023-11-29T09:20:12Z","scenes":"emit20231129t092012","peak":4677.0,"download":"https://data.lpdaac.earthdatacloud.nasa.gov/lp-prod-protected/EMITL2BCH4PLM.002/EMIT_L2B_CH4PLM_002_20231129T092012_001980/EMIT_L2B_CH4PLM_002_20231129T092012_001980.tif"},"geometry":{"type":"Point","coordinates":[49.91954742610125,30.586741597283854]}},{"type":"Feature","properties":{"id":"CH4_PlumeComplex-1981","date":"2023-11-29T09:20:12Z","scenes":"emit20231129t092012","peak":3611.0,"download":"https://data.lpdaac.earthdatacloud.nasa.gov/lp-prod-protected/EMITL2BCH4PLM.002/EMIT_L2B_CH4PLM_002_20231129T092012_001981/EMIT_L2B_CH4PLM_002_20231129T092012_001981.tif"},"geometry":{"type":"Point","coordinates":[49.78778492367895,30.81990158099409]}},{"type":"Feature","properties":{"id":"CH4_PlumeComplex-1982","date":"2023-11-29T09:20:12Z","scenes":"emit20231129t092012, emit20231129t092024","peak":6229.0,"download":"https://data.lpdaac.earthdatacloud.nasa.gov/lp-prod-protected/EMITL2BCH4PLM.002/EMIT_L2B_CH4PLM_002_20231129T092012_001982/EMIT_L2B_CH4PLM_002_20231129T092012_001982.tif"},"geometry":{"type":"Point","coordinates":[49.94882798219509,30.995042685036896]}},{"type":"Feature","properties":{"id":"CH4_PlumeComplex-1983","date":"2023-11-30T11:38:00Z","scenes":"emit20231130t113800","peak":3775.0,"download":"https://data.lpdaac.earthdatacloud.nasa.gov/lp-prod-protected/EMITL2BCH4PLM.002/EMIT_L2B_CH4PLM_002_20231130T113800_001983/EMIT_L2B_CH4PLM_002_20231130T113800_001983.tif"},"geometry":{"type":"Point","coordinates":[7.194335992500819,28.6867588463056]}},{"type":"Feature","properties":{"id":"CH4_PlumeComplex-1984","date":"2023-11-30T10:05:25Z","scenes":"emit20231130t100525","peak":1826.0,"download":"https://data.lpdaac.earthdatacloud.nasa.gov/lp-prod-protected/EMITL2BCH4PLM.002/EMIT_L2B_CH4PLM_002_20231130T100525_001984/EMIT_L2B_CH4PLM_002_20231130T100525_001984.tif"},"geometry":{"type":"Point","coordinates":[31.350794769921958,29.78965979250698]}},{"type":"Feature","properties":{"id":"CH4_PlumeComplex-1987","date":"2023-11-30T10:07:36Z","scenes":"emit20231130t100736","peak":4723.0,"download":"https://data.lpdaac.earthdatacloud.nasa.gov/lp-prod-protected/EMITL2BCH4PLM.002/EMIT_L2B_CH4PLM_002_20231130T100736_001987/EMIT_L2B_CH4PLM_002_20231130T100736_001987.tif"},"geometry":{"type":"Point","coordinates":[38.61399937875599,35.370316890985514]}},{"type":"Feature","properties":{"id":"CH4_PlumeComplex-1988","date":"2023-11-30T08:31:54Z","scenes":"emit20231130t083154","peak":3491.0,"download":"https://data.lpdaac.earthdatacloud.nasa.gov/lp-prod-protected/EMITL2BCH4PLM.002/EMIT_L2B_CH4PLM_002_20231130T083154_001988/EMIT_L2B_CH4PLM_002_20231130T083154_001988.tif"},"geometry":{"type":"Point","coordinates":[53.196800778530736,28.050177867524535]}},{"type":"Feature","properties":{"id":"CH4_PlumeComplex-1993","date":"2023-11-30T22:06:44Z","scenes":"emit20231130t220644","peak":7738.0,"download":"https://data.lpdaac.earthdatacloud.nasa.gov/lp-prod-protected/EMITL2BCH4PLM.002/EMIT_L2B_CH4PLM_002_20231130T220644_001993/EMIT_L2B_CH4PLM_002_20231130T220644_001993.tif"},"geometry":{"type":"Point","coordinates":[151.31269085388007,-32.76770606947004]}},{"type":"Feature","properties":{"id":"CH4_PlumeComplex-1994","date":"2023-12-01T18:35:49Z","scenes":"emit20231201t183549, emit20231201t183601","peak":4749.0,"download":"https://data.lpdaac.earthdatacloud.nasa.gov/lp-prod-protected/EMITL2BCH4PLM.002/EMIT_L2B_CH4PLM_002_20231201T183549_001994/EMIT_L2B_CH4PLM_002_20231201T183549_001994.tif"},"geometry":{"type":"Point","coordinates":[-101.7640355578949,31.859903554845804]}},{"type":"Feature","properties":{"id":"CH4_PlumeComplex-1995","date":"2023-12-01T18:35:49Z","scenes":"emit20231201t183549","peak":2326.0,"download":"https://data.lpdaac.earthdatacloud.nasa.gov/lp-prod-protected/EMITL2BCH4PLM.002/EMIT_L2B_CH4PLM_002_20231201T183549_001995/EMIT_L2B_CH4PLM_002_20231201T183549_001995.tif"},"geometry":{"type":"Point","coordinates":[-101.86163741154103,31.859361322325544]}},{"type":"Feature","properties":{"id":"CH4_PlumeComplex-1996","date":"2023-12-01T18:35:49Z","scenes":"emit20231201t183549","peak":4283.0,"download":"https://data.lpdaac.earthdatacloud.nasa.gov/lp-prod-protected/EMITL2BCH4PLM.002/EMIT_L2B_CH4PLM_002_20231201T183549_001996/EMIT_L2B_CH4PLM_002_20231201T183549_001996.tif"},"geometry":{"type":"Point","coordinates":[-101.72553704895668,31.942865130445025]}},{"type":"Feature","properties":{"id":"CH4_PlumeComplex-1997","date":"2023-12-01T18:35:49Z","scenes":"emit20231201t183549","peak":1379.0,"download":"https://data.lpdaac.earthdatacloud.nasa.gov/lp-prod-protected/EMITL2BCH4PLM.002/EMIT_L2B_CH4PLM_002_20231201T183549_001997/EMIT_L2B_CH4PLM_002_20231201T183549_001997.tif"},"geometry":{"type":"Point","coordinates":[-101.82313890260284,31.86478364752811]}},{"type":"Feature","properties":{"id":"CH4_PlumeComplex-1998","date":"2023-12-01T18:36:01Z","scenes":"emit20231201t183601","peak":5146.0,"download":"https://data.lpdaac.earthdatacloud.nasa.gov/lp-prod-protected/EMITL2BCH4PLM.002/EMIT_L2B_CH4PLM_002_20231201T183601_001998/EMIT_L2B_CH4PLM_002_20231201T183601_001998.tif"},"geometry":{"type":"Point","coordinates":[-101.27385735958313,32.56263690109805]}},{"type":"Feature","properties":{"id":"CH4_PlumeComplex-1999","date":"2023-12-01T18:35:25Z","scenes":"emit20231201t183525","peak":1495.0,"download":"https://data.lpdaac.earthdatacloud.nasa.gov/lp-prod-protected/EMITL2BCH4PLM.002/EMIT_L2B_CH4PLM_002_20231201T183525_001999/EMIT_L2B_CH4PLM_002_20231201T183525_001999.tif"},"geometry":{"type":"Point","coordinates":[-102.9195330585612,30.998296080158436]}},{"type":"Feature","properties":{"id":"CH4_PlumeComplex-2","date":"2023-06-20T08:44:26Z","scenes":"emit20230620t084426","peak":8474.0,"download":"https://data.lpdaac.earthdatacloud.nasa.gov/lp-prod-protected/EMITL2BCH4PLM.002/EMIT_L2B_CH4PLM_002_20230620T084426_000002/EMIT_L2B_CH4PLM_002_20230620T084426_000002.tif"},"geometry":{"type":"Point","coordinates":[54.19776201092397,38.554306249930924]}},{"type":"Feature","properties":{"id":"CH4_PlumeComplex-20","date":"2023-06-20T08:44:14Z","scenes":"emit20230620t084414","peak":1444.0,"download":"https://data.lpdaac.earthdatacloud.nasa.gov/lp-prod-protected/EMITL2BCH4PLM.002/EMIT_L2B_CH4PLM_002_20230620T084414_000020/EMIT_L2B_CH4PLM_002_20230620T084414_000020.tif"},"geometry":{"type":"Point","coordinates":[53.785123063008875,39.459292326238796]}},{"type":"Feature","properties":{"id":"CH4_PlumeComplex-2001","date":"2023-12-01T07:43:07Z","scenes":"emit20231201t074307","peak":1581.0,"download":"https://data.lpdaac.earthdatacloud.nasa.gov/lp-prod-protected/EMITL2BCH4PLM.002/EMIT_L2B_CH4PLM_002_20231201T074307_002001/EMIT_L2B_CH4PLM_002_20231201T074307_002001.tif"},"geometry":{"type":"Point","coordinates":[55.55497000912563,23.960117967230854]}},{"type":"Feature","properties":{"id":"CH4_PlumeComplex-2010","date":"2023-12-04T17:46:18Z","scenes":"emit20231204t174618","peak":2840.0,"download":"https://data.lpdaac.earthdatacloud.nasa.gov/lp-prod-protected/EMITL2BCH4PLM.002/EMIT_L2B_CH4PLM_002_20231204T174618_002010/EMIT_L2B_CH4PLM_002_20231204T174618_002010.tif"},"geometry":{"type":"Point","coordinates":[-106.87295036375001,32.10228149140042]}},{"type":"Feature","properties":{"id":"CH4_PlumeComplex-2012","date":"2023-12-02T08:33:51Z","scenes":"emit20231202t083351","peak":4545.0,"download":"https://data.lpdaac.earthdatacloud.nasa.gov/lp-prod-protected/EMITL2BCH4PLM.002/EMIT_L2B_CH4PLM_002_20231202T083351_002012/EMIT_L2B_CH4PLM_002_20231202T083351_002012.tif"},"geometry":{"type":"Point","coordinates":[54.02424760444198,38.331448684105595]}},{"type":"Feature","properties":{"id":"CH4_PlumeComplex-2013","date":"2023-12-04T10:00:51Z","scenes":"emit20231204t100051","peak":5257.0,"download":"https://data.lpdaac.earthdatacloud.nasa.gov/lp-prod-protected/EMITL2BCH4PLM.002/EMIT_L2B_CH4PLM_002_20231204T100051_002013/EMIT_L2B_CH4PLM_002_20231204T100051_002013.tif"},"geometry":{"type":"Point","coordinates":[7.49690173880387,28.498604161776605]}},{"type":"Feature","properties":{"id":"CH4_PlumeComplex-2014","date":"2023-12-04T10:00:51Z","scenes":"emit20231204t100051","peak":1440.0,"download":"https://data.lpdaac.earthdatacloud.nasa.gov/lp-prod-protected/EMITL2BCH4PLM.002/EMIT_L2B_CH4PLM_002_20231204T100051_002014/EMIT_L2B_CH4PLM_002_20231204T100051_002014.tif"},"geometry":{"type":"Point","coordinates":[7.70132339894052,28.61843754875326]}},{"type":"Feature","properties":{"id":"CH4_PlumeComplex-2015","date":"2023-12-04T10:00:51Z","scenes":"emit20231204t100051","peak":3353.0,"download":"https://data.lpdaac.earthdatacloud.nasa.gov/lp-prod-protected/EMITL2BCH4PLM.002/EMIT_L2B_CH4PLM_002_20231204T100051_002015/EMIT_L2B_CH4PLM_002_20231204T100051_002015.tif"},"geometry":{"type":"Point","coordinates":[7.191624829899535,28.681336521103]}},{"type":"Feature","properties":{"id":"CH4_PlumeComplex-2016","date":"2023-12-04T08:30:32Z","scenes":"emit20231204t083032","peak":2448.0,"download":"https://data.lpdaac.earthdatacloud.nasa.gov/lp-prod-protected/EMITL2BCH4PLM.002/EMIT_L2B_CH4PLM_002_20231204T083032_002016/EMIT_L2B_CH4PLM_002_20231204T083032_002016.tif"},"geometry":{"type":"Point","coordinates":[38.61345714623578,35.37194358854634]}},{"type":"Feature","properties":{"id":"CH4_PlumeComplex-2022","date":"2023-09-01T03:52:04Z","scenes":"emit20230901t035204","peak":9111.0,"download":"https://data.lpdaac.earthdatacloud.nasa.gov/lp-prod-protected/EMITL2BCH4PLM.002/EMIT_L2B_CH4PLM_002_20230901T035204_002022/EMIT_L2B_CH4PLM_002_20230901T035204_002022.tif"},"geometry":{"type":"Point","coordinates":[69.8097207341453,27.97155415208736]}},{"type":"Feature","properties":{"id":"CH4_PlumeComplex-2036","date":"2023-05-29T11:57:40Z","scenes":"emit20230529t115740","peak":917.0,"download":"https://data.lpdaac.earthdatacloud.nasa.gov/lp-prod-protected/EMITL2BCH4PLM.002/EMIT_L2B_CH4PLM_002_20230529T115740_002036/EMIT_L2B_CH4PLM_002_20230529T115740_002036.tif"},"geometry":{"type":"Point","coordinates":[21.373174164684542,29.27725006086475]}},{"type":"Feature","properties":{"id":"CH4_PlumeComplex-2038","date":"2023-05-29T08:55:41Z","scenes":"emit20230529t085541","peak":2175.0,"download":"https://data.lpdaac.earthdatacloud.nasa.gov/lp-prod-protected/EMITL2BCH4PLM.002/EMIT_L2B_CH4PLM_002_20230529T085541_002038/EMIT_L2B_CH4PLM_002_20230529T085541_002038.tif"},"geometry":{"type":"Point","coordinates":[80.06171099463242,38.74625656210172]}},{"type":"Feature","properties":{"id":"CH4_PlumeComplex-2039","date":"2023-05-29T08:56:28Z","scenes":"emit20230529t085628, emit20230529t085640","peak":3880.0,"download":"https://data.lpdaac.earthdatacloud.nasa.gov/lp-prod-protected/EMITL2BCH4PLM.002/EMIT_L2B_CH4PLM_002_20230529T085628_002039/EMIT_L2B_CH4PLM_002_20230529T085628_002039.tif"},"geometry":{"type":"Point","coordinates":[83.44849531615368,40.859336693540776]}},{"type":"Feature","properties":{"id":"CH4_PlumeComplex-2044","date":"2023-04-18T09:09:31Z","scenes":"emit20230418t090931","peak":2218.0,"download":"https://data.lpdaac.earthdatacloud.nasa.gov/lp-prod-protected/EMITL2BCH4PLM.002/EMIT_L2B_CH4PLM_002_20230418T090931_002044/EMIT_L2B_CH4PLM_002_20230418T090931_002044.tif"},"geometry":{"type":"Point","coordinates":[52.81615354931074,43.38722470297591]}},{"type":"Feature","properties":{"id":"CH4_PlumeComplex-2045","date":"2023-04-18T09:09:31Z","scenes":"emit20230418t090931","peak":1400.0,"download":"https://data.lpdaac.earthdatacloud.nasa.gov/lp-prod-protected/EMITL2BCH4PLM.002/EMIT_L2B_CH4PLM_002_20230418T090931_002045/EMIT_L2B_CH4PLM_002_20230418T090931_002045.tif"},"geometry":{"type":"Point","coordinates":[52.86115884849201,43.293418476971546]}},{"type":"Feature","properties":{"id":"CH4_PlumeComplex-2046","date":"2023-04-18T09:10:53Z","scenes":"emit20230418t091053, emit20230418t091105","peak":1279.0,"download":"https://data.lpdaac.earthdatacloud.nasa.gov/lp-prod-protected/EMITL2BCH4PLM.002/EMIT_L2B_CH4PLM_002_20230418T091053_002046/EMIT_L2B_CH4PLM_002_20230418T091053_002046.tif"},"geometry":{"type":"Point","coordinates":[58.43802031932882,40.254205200934585]}},{"type":"Feature","properties":{"id":"CH4_PlumeComplex-2047","date":"2023-04-18T09:11:17Z","scenes":"emit20230418t091117, emit20230418t091128","peak":1822.0,"download":"https://data.lpdaac.earthdatacloud.nasa.gov/lp-prod-protected/EMITL2BCH4PLM.002/EMIT_L2B_CH4PLM_002_20230418T091117_002047/EMIT_L2B_CH4PLM_002_20230418T091117_002047.tif"},"geometry":{"type":"Point","coordinates":[60.24473907682303,39.6886566823072]}},{"type":"Feature","properties":{"id":"CH4_PlumeComplex-2048","date":"2023-04-18T09:11:17Z","scenes":"emit20230418t091117, emit20230418t091128","peak":2513.0,"download":"https://data.lpdaac.earthdatacloud.nasa.gov/lp-prod-protected/EMITL2BCH4PLM.002/EMIT_L2B_CH4PLM_002_20230418T091117_002048/EMIT_L2B_CH4PLM_002_20230418T091117_002048.tif"},"geometry":{"type":"Point","coordinates":[60.21979638089124,39.66154505629437]}},{"type":"Feature","properties":{"id":"CH4_PlumeComplex-2052","date":"2023-04-18T06:06:25Z","scenes":"emit20230418t060625","peak":2450.0,"download":"https://data.lpdaac.earthdatacloud.nasa.gov/lp-prod-protected/EMITL2BCH4PLM.002/EMIT_L2B_CH4PLM_002_20230418T060625_002052/EMIT_L2B_CH4PLM_002_20230418T060625_002052.tif"},"geometry":{"type":"Point","coordinates":[110.82635749641757,37.49641060291076]}},{"type":"Feature","properties":{"id":"CH4_PlumeComplex-2056","date":"2023-04-18T06:06:25Z","scenes":"emit20230418t060625","peak":1390.0,"download":"https://data.lpdaac.earthdatacloud.nasa.gov/lp-prod-protected/EMITL2BCH4PLM.002/EMIT_L2B_CH4PLM_002_20230418T060625_002056/EMIT_L2B_CH4PLM_002_20230418T060625_002056.tif"},"geometry":{"type":"Point","coordinates":[110.84642009966706,37.60594157200254]}},{"type":"Feature","properties":{"id":"CH4_PlumeComplex-2057","date":"2023-04-18T06:06:25Z","scenes":"emit20230418t060625","peak":2012.0,"download":"https://data.lpdaac.earthdatacloud.nasa.gov/lp-prod-protected/EMITL2BCH4PLM.002/EMIT_L2B_CH4PLM_002_20230418T060625_002057/EMIT_L2B_CH4PLM_002_20230418T060625_002057.tif"},"geometry":{"type":"Point","coordinates":[110.89088316632808,37.64823570858255]}},{"type":"Feature","properties":{"id":"CH4_PlumeComplex-2060","date":"2023-04-19T11:33:35Z","scenes":"emit20230419t113335, emit20230419t113346","peak":6038.0,"download":"https://data.lpdaac.earthdatacloud.nasa.gov/lp-prod-protected/EMITL2BCH4PLM.002/EMIT_L2B_CH4PLM_002_20230419T113335_002060/EMIT_L2B_CH4PLM_002_20230419T113335_002060.tif"},"geometry":{"type":"Point","coordinates":[32.29915944785039,29.63241236163262]}},{"type":"Feature","properties":{"id":"CH4_PlumeComplex-2068","date":"2023-04-20T07:35:54Z","scenes":"emit20230420t073554","peak":3340.0,"download":"https://data.lpdaac.earthdatacloud.nasa.gov/lp-prod-protected/EMITL2BCH4PLM.002/EMIT_L2B_CH4PLM_002_20230420T073554_002068/EMIT_L2B_CH4PLM_002_20230420T073554_002068.tif"},"geometry":{"type":"Point","coordinates":[69.48871908215351,41.094665607331976]}},{"type":"Feature","properties":{"id":"CH4_PlumeComplex-2083","date":"2023-05-30T09:40:18Z","scenes":"emit20230530t094018","peak":1987.0,"download":"https://data.lpdaac.earthdatacloud.nasa.gov/lp-prod-protected/EMITL2BCH4PLM.002/EMIT_L2B_CH4PLM_002_20230530T094018_002083/EMIT_L2B_CH4PLM_002_20230530T094018_002083.tif"},"geometry":{"type":"Point","coordinates":[60.96265493364244,37.43080046795975]}},{"type":"Feature","properties":{"id":"CH4_PlumeComplex-2084","date":"2023-05-30T09:40:18Z","scenes":"emit20230530t094018, emit20230530t094030","peak":2157.0,"download":"https://data.lpdaac.earthdatacloud.nasa.gov/lp-prod-protected/EMITL2BCH4PLM.002/EMIT_L2B_CH4PLM_002_20230530T094018_002084/EMIT_L2B_CH4PLM_002_20230530T094018_002084.tif"},"geometry":{"type":"Point","coordinates":[61.022300510870636,37.46658781429667]}},{"type":"Feature","properties":{"id":"CH4_PlumeComplex-2086","date":"2023-05-30T06:35:04Z","scenes":"emit20230530t063504","peak":5017.0,"download":"https://data.lpdaac.earthdatacloud.nasa.gov/lp-prod-protected/EMITL2BCH4PLM.002/EMIT_L2B_CH4PLM_002_20230530T063504_002086/EMIT_L2B_CH4PLM_002_20230530T063504_002086.tif"},"geometry":{"type":"Point","coordinates":[109.6383260445363,38.130280419090425]}},{"type":"Feature","properties":{"id":"CH4_PlumeComplex-2088","date":"2023-12-02T08:32:56Z","scenes":"emit20231202t083256","peak":3148.0,"download":"https://data.lpdaac.earthdatacloud.nasa.gov/lp-prod-protected/EMITL2BCH4PLM.002/EMIT_L2B_CH4PLM_002_20231202T083256_002088/EMIT_L2B_CH4PLM_002_20231202T083256_002088.tif"},"geometry":{"type":"Point","coordinates":[50.80718206176091,35.778617978738595]}},{"type":"Feature","properties":{"id":"CH4_PlumeComplex-2089","date":"2023-12-02T08:33:51Z","scenes":"emit20231202t083351, emit20231202t083403","peak":6764.0,"download":"https://data.lpdaac.earthdatacloud.nasa.gov/lp-prod-protected/EMITL2BCH4PLM.002/EMIT_L2B_CH4PLM_002_20231202T083351_002089/EMIT_L2B_CH4PLM_002_20231202T083351_002089.tif"},"geometry":{"type":"Point","coordinates":[54.20264210360633,38.558644110093006]}},{"type":"Feature","properties":{"id":"CH4_PlumeComplex-2090","date":"2023-12-02T08:33:51Z","scenes":"emit20231202t083351","peak":7502.0,"download":"https://data.lpdaac.earthdatacloud.nasa.gov/lp-prod-protected/EMITL2BCH4PLM.002/EMIT_L2B_CH4PLM_002_20231202T083351_002090/EMIT_L2B_CH4PLM_002_20231202T083351_002090.tif"},"geometry":{"type":"Point","coordinates":[54.19342415076196,38.493576207662244]}},{"type":"Feature","properties":{"id":"CH4_PlumeComplex-2091","date":"2023-12-02T08:33:51Z","scenes":"emit20231202t083351","peak":2892.0,"download":"https://data.lpdaac.earthdatacloud.nasa.gov/lp-prod-protected/EMITL2BCH4PLM.002/EMIT_L2B_CH4PLM_002_20231202T083351_002091/EMIT_L2B_CH4PLM_002_20231202T083351_002091.tif"},"geometry":{"type":"Point","coordinates":[54.19721977840376,38.506047555628136]}},{"type":"Feature","properties":{"id":"CH4_PlumeComplex-2092","date":"2023-12-02T08:33:51Z","scenes":"emit20231202t083351","peak":3072.0,"download":"https://data.lpdaac.earthdatacloud.nasa.gov/lp-prod-protected/EMITL2BCH4PLM.002/EMIT_L2B_CH4PLM_002_20231202T083351_002092/EMIT_L2B_CH4PLM_002_20231202T083351_002092.tif"},"geometry":{"type":"Point","coordinates":[54.04919030037377,38.48381602229763]}},{"type":"Feature","properties":{"id":"CH4_PlumeComplex-2094","date":"2023-12-02T08:33:51Z","scenes":"emit20231202t083351","peak":2482.0,"download":"https://data.lpdaac.earthdatacloud.nasa.gov/lp-prod-protected/EMITL2BCH4PLM.002/EMIT_L2B_CH4PLM_002_20231202T083351_002094/EMIT_L2B_CH4PLM_002_20231202T083351_002094.tif"},"geometry":{"type":"Point","coordinates":[54.03075439468506,38.36018700767918]}},{"type":"Feature","properties":{"id":"CH4_PlumeComplex-2095","date":"2023-12-02T08:33:51Z","scenes":"emit20231202t083351","peak":1899.0,"download":"https://data.lpdaac.earthdatacloud.nasa.gov/lp-prod-protected/EMITL2BCH4PLM.002/EMIT_L2B_CH4PLM_002_20231202T083351_002095/EMIT_L2B_CH4PLM_002_20231202T083351_002095.tif"},"geometry":{"type":"Point","coordinates":[54.07955532150813,38.22679780769611]}},{"type":"Feature","properties":{"id":"CH4_PlumeComplex-2096","date":"2023-12-02T08:33:51Z","scenes":"emit20231202t083351","peak":2732.0,"download":"https://data.lpdaac.earthdatacloud.nasa.gov/lp-prod-protected/EMITL2BCH4PLM.002/EMIT_L2B_CH4PLM_002_20231202T083351_002096/EMIT_L2B_CH4PLM_002_20231202T083351_002096.tif"},"geometry":{"type":"Point","coordinates":[53.91417440282994,37.92856992155511]}},{"type":"Feature","properties":{"id":"CH4_PlumeComplex-2097","date":"2023-12-02T08:33:51Z","scenes":"emit20231202t083351","peak":1586.0,"download":"https://data.lpdaac.earthdatacloud.nasa.gov/lp-prod-protected/EMITL2BCH4PLM.002/EMIT_L2B_CH4PLM_002_20231202T083351_002097/EMIT_L2B_CH4PLM_002_20231202T083351_002097.tif"},"geometry":{"type":"Point","coordinates":[53.895196264620964,37.9101340158664]}},{"type":"Feature","properties":{"id":"CH4_PlumeComplex-2098","date":"2023-12-02T08:33:39Z","scenes":"emit20231202t083339, emit20231202t083351","peak":4196.0,"download":"https://data.lpdaac.earthdatacloud.nasa.gov/lp-prod-protected/EMITL2BCH4PLM.002/EMIT_L2B_CH4PLM_002_20231202T083339_002098/EMIT_L2B_CH4PLM_002_20231202T083339_002098.tif"},"geometry":{"type":"Point","coordinates":[53.914174402829936,37.769695793119986]}},{"type":"Feature","properties":{"id":"CH4_PlumeComplex-2099","date":"2023-12-02T08:33:39Z","scenes":"emit20231202t083339, emit20231202t083351","peak":2090.0,"download":"https://data.lpdaac.earthdatacloud.nasa.gov/lp-prod-protected/EMITL2BCH4PLM.002/EMIT_L2B_CH4PLM_002_20231202T083339_002099/EMIT_L2B_CH4PLM_002_20231202T083339_002099.tif"},"geometry":{"type":"Point","coordinates":[53.926103518275575,37.736619609384356]}},{"type":"Feature","properties":{"id":"CH4_PlumeComplex-2100","date":"2023-12-02T08:33:39Z","scenes":"emit20231202t083339, emit20231202t083351","peak":2192.0,"download":"https://data.lpdaac.earthdatacloud.nasa.gov/lp-prod-protected/EMITL2BCH4PLM.002/EMIT_L2B_CH4PLM_002_20231202T083339_002100/EMIT_L2B_CH4PLM_002_20231202T083339_002100.tif"},"geometry":{"type":"Point","coordinates":[53.923934588194555,37.71655700613486]}},{"type":"Feature","properties":{"id":"CH4_PlumeComplex-2101","date":"2023-12-02T08:33:39Z","scenes":"emit20231202t083339","peak":2253.0,"download":"https://data.lpdaac.earthdatacloud.nasa.gov/lp-prod-protected/EMITL2BCH4PLM.002/EMIT_L2B_CH4PLM_002_20231202T083339_002101/EMIT_L2B_CH4PLM_002_20231202T083339_002101.tif"},"geometry":{"type":"Point","coordinates":[54.00472723371276,37.579372178510006]}},{"type":"Feature","properties":{"id":"CH4_PlumeComplex-2130","date":"2023-12-05T06:05:47Z","scenes":"emit20231205t060547","peak":1348.0,"download":"https://data.lpdaac.earthdatacloud.nasa.gov/lp-prod-protected/EMITL2BCH4PLM.002/EMIT_L2B_CH4PLM_002_20231205T060547_002130/EMIT_L2B_CH4PLM_002_20231205T060547_002130.tif"},"geometry":{"type":"Point","coordinates":[55.45357252783778,23.19014778846676]}},{"type":"Feature","properties":{"id":"CH4_PlumeComplex-2131","date":"2023-12-05T06:05:47Z","scenes":"emit20231205t060547","peak":2459.0,"download":"https://data.lpdaac.earthdatacloud.nasa.gov/lp-prod-protected/EMITL2BCH4PLM.002/EMIT_L2B_CH4PLM_002_20231205T060547_002131/EMIT_L2B_CH4PLM_002_20231205T060547_002131.tif"},"geometry":{"type":"Point","coordinates":[55.609193261151354,22.87673739175858]}},{"type":"Feature","properties":{"id":"CH4_PlumeComplex-2138","date":"2023-12-05T16:58:25Z","scenes":"emit20231205t165825, emit20231205t165837","peak":7929.0,"download":"https://data.lpdaac.earthdatacloud.nasa.gov/lp-prod-protected/EMITL2BCH4PLM.002/EMIT_L2B_CH4PLM_002_20231205T165825_002138/EMIT_L2B_CH4PLM_002_20231205T165825_002138.tif"},"geometry":{"type":"Point","coordinates":[-101.22505643275976,31.14741002322896]}},{"type":"Feature","properties":{"id":"CH4_PlumeComplex-2139","date":"2023-12-05T16:58:25Z","scenes":"emit20231205t165825","peak":5871.0,"download":"https://data.lpdaac.earthdatacloud.nasa.gov/lp-prod-protected/EMITL2BCH4PLM.002/EMIT_L2B_CH4PLM_002_20231205T165825_002139/EMIT_L2B_CH4PLM_002_20231205T165825_002139.tif"},"geometry":{"type":"Point","coordinates":[-101.28361754494746,31.02974556633333]}},{"type":"Feature","properties":{"id":"CH4_PlumeComplex-2140","date":"2023-12-05T16:58:25Z","scenes":"emit20231205t165825","peak":3281.0,"download":"https://data.lpdaac.earthdatacloud.nasa.gov/lp-prod-protected/EMITL2BCH4PLM.002/EMIT_L2B_CH4PLM_002_20231205T165825_002140/EMIT_L2B_CH4PLM_002_20231205T165825_002140.tif"},"geometry":{"type":"Point","coordinates":[-101.37688153843155,31.159881371194857]}},{"type":"Feature","properties":{"id":"CH4_PlumeComplex-2141","date":"2023-12-05T16:58:25Z","scenes":"emit20231205t165825","peak":2206.0,"download":"https://data.lpdaac.earthdatacloud.nasa.gov/lp-prod-protected/EMITL2BCH4PLM.002/EMIT_L2B_CH4PLM_002_20231205T165825_002141/EMIT_L2B_CH4PLM_002_20231205T165825_002141.tif"},"geometry":{"type":"Point","coordinates":[-101.32482721648695,31.175063881762036]}},{"type":"Feature","properties":{"id":"CH4_PlumeComplex-2142","date":"2023-12-05T16:58:25Z","scenes":"emit20231205t165825","peak":3079.0,"download":"https://data.lpdaac.earthdatacloud.nasa.gov/lp-prod-protected/EMITL2BCH4PLM.002/EMIT_L2B_CH4PLM_002_20231205T165825_002142/EMIT_L2B_CH4PLM_002_20231205T165825_002142.tif"},"geometry":{"type":"Point","coordinates":[-101.19631810918618,31.085595515919735]}},{"type":"Feature","properties":{"id":"CH4_PlumeComplex-2144","date":"2023-12-05T16:58:25Z","scenes":"emit20231205t165825","peak":3937.0,"download":"https://data.lpdaac.earthdatacloud.nasa.gov/lp-prod-protected/EMITL2BCH4PLM.002/EMIT_L2B_CH4PLM_002_20231205T165825_002144/EMIT_L2B_CH4PLM_002_20231205T165825_002144.tif"},"geometry":{"type":"Point","coordinates":[-101.55473380507564,31.158796906154343]}},{"type":"Feature","properties":{"id":"CH4_PlumeComplex-2145","date":"2023-12-05T16:58:37Z","scenes":"emit20231205t165837","peak":7763.0,"download":"https://data.lpdaac.earthdatacloud.nasa.gov/lp-prod-protected/EMITL2BCH4PLM.002/EMIT_L2B_CH4PLM_002_20231205T165837_002145/EMIT_L2B_CH4PLM_002_20231205T165837_002145.tif"},"geometry":{"type":"Point","coordinates":[-101.40236646688359,31.34586712564279]}},{"type":"Feature","properties":{"id":"CH4_PlumeComplex-2146","date":"2023-12-05T16:58:25Z","scenes":"emit20231205t165825, emit20231205t165837","peak":3624.0,"download":"https://data.lpdaac.earthdatacloud.nasa.gov/lp-prod-protected/EMITL2BCH4PLM.002/EMIT_L2B_CH4PLM_002_20231205T165825_002146/EMIT_L2B_CH4PLM_002_20231205T165825_002146.tif"},"geometry":{"type":"Point","coordinates":[-101.5102707384146,31.371894286615095]}},{"type":"Feature","properties":{"id":"CH4_PlumeComplex-215","date":"2023-06-25T03:13:55Z","scenes":"emit20230625t031355","peak":7364.0,"download":"https://data.lpdaac.earthdatacloud.nasa.gov/lp-prod-protected/EMITL2BCH4PLM.002/EMIT_L2B_CH4PLM_002_20230625T031355_000215/EMIT_L2B_CH4PLM_002_20230625T031355_000215.tif"},"geometry":{"type":"Point","coordinates":[110.84262447202569,37.43730725820283]}},{"type":"Feature","properties":{"id":"CH4_PlumeComplex-2150","date":"2023-12-05T07:43:38Z","scenes":"emit20231205t074338","peak":3758.0,"download":"https://data.lpdaac.earthdatacloud.nasa.gov/lp-prod-protected/EMITL2BCH4PLM.002/EMIT_L2B_CH4PLM_002_20231205T074338_002150/EMIT_L2B_CH4PLM_002_20231205T074338_002150.tif"},"geometry":{"type":"Point","coordinates":[47.04842623134377,36.385918401425684]}},{"type":"Feature","properties":{"id":"CH4_PlumeComplex-2154","date":"2023-12-17T12:30:27Z","scenes":"emit20231217t123027","peak":1315.0,"download":"https://data.lpdaac.earthdatacloud.nasa.gov/lp-prod-protected/EMITL2BCH4PLM.002/EMIT_L2B_CH4PLM_002_20231217T123027_002154/EMIT_L2B_CH4PLM_002_20231217T123027_002154.tif"},"geometry":{"type":"Point","coordinates":[19.71285818765953,29.712662774630587]}},{"type":"Feature","properties":{"id":"CH4_PlumeComplex-2159","date":"2023-12-17T09:26:25Z","scenes":"emit20231217t092625","peak":3870.0,"download":"https://data.lpdaac.earthdatacloud.nasa.gov/lp-prod-protected/EMITL2BCH4PLM.002/EMIT_L2B_CH4PLM_002_20231217T092625_002159/EMIT_L2B_CH4PLM_002_20231217T092625_002159.tif"},"geometry":{"type":"Point","coordinates":[71.57306089001902,25.902937087309393]}},{"type":"Feature","properties":{"id":"CH4_PlumeComplex-216","date":"2023-06-25T03:13:55Z","scenes":"emit20230625t031355","peak":3091.0,"download":"https://data.lpdaac.earthdatacloud.nasa.gov/lp-prod-protected/EMITL2BCH4PLM.002/EMIT_L2B_CH4PLM_002_20230625T031355_000216/EMIT_L2B_CH4PLM_002_20230625T031355_000216.tif"},"geometry":{"type":"Point","coordinates":[110.87949628340311,37.46550334925616]}},{"type":"Feature","properties":{"id":"CH4_PlumeComplex-2161","date":"2023-12-23T12:30:06Z","scenes":"emit20231223t123006","peak":5007.0,"download":"https://data.lpdaac.earthdatacloud.nasa.gov/lp-prod-protected/EMITL2BCH4PLM.002/EMIT_L2B_CH4PLM_002_20231223T123006_002161/EMIT_L2B_CH4PLM_002_20231223T123006_002161.tif"},"geometry":{"type":"Point","coordinates":[6.561550641361646,5.650010223213801]}},{"type":"Feature","properties":{"id":"CH4_PlumeComplex-218","date":"2023-06-04T18:02:05Z","scenes":"emit20230604t180205","peak":7071.0,"download":"https://data.lpdaac.earthdatacloud.nasa.gov/lp-prod-protected/EMITL2BCH4PLM.002/EMIT_L2B_CH4PLM_002_20230604T180205_000218/EMIT_L2B_CH4PLM_002_20230604T180205_000218.tif"},"geometry":{"type":"Point","coordinates":[-104.17263241287299,31.807307000380955]}},{"type":"Feature","properties":{"id":"CH4_PlumeComplex-2180","date":"2023-12-06T08:25:46Z","scenes":"emit20231206t082546, emit20231206t082558","peak":1649.0,"download":"https://data.lpdaac.earthdatacloud.nasa.gov/lp-prod-protected/EMITL2BCH4PLM.002/EMIT_L2B_CH4PLM_002_20231206T082546_002180/EMIT_L2B_CH4PLM_002_20231206T082546_002180.tif"},"geometry":{"type":"Point","coordinates":[19.77250376488772,28.85213976498376]}},{"type":"Feature","properties":{"id":"CH4_PlumeComplex-2181","date":"2023-12-06T08:26:10Z","scenes":"emit20231206t082610","peak":2013.0,"download":"https://data.lpdaac.earthdatacloud.nasa.gov/lp-prod-protected/EMITL2BCH4PLM.002/EMIT_L2B_CH4PLM_002_20231206T082610_002181/EMIT_L2B_CH4PLM_002_20231206T082610_002181.tif"},"geometry":{"type":"Point","coordinates":[21.1123603224412,29.668199707969595]}},{"type":"Feature","properties":{"id":"CH4_PlumeComplex-219","date":"2023-06-04T18:02:05Z","scenes":"emit20230604t180205","peak":3439.0,"download":"https://data.lpdaac.earthdatacloud.nasa.gov/lp-prod-protected/EMITL2BCH4PLM.002/EMIT_L2B_CH4PLM_002_20230604T180205_000219/EMIT_L2B_CH4PLM_002_20230604T180205_000219.tif"},"geometry":{"type":"Point","coordinates":[-104.29626142749144,31.81977834834685]}},{"type":"Feature","properties":{"id":"CH4_PlumeComplex-2196","date":"2024-02-26T17:01:40Z","scenes":"emit20240226t170140","peak":1912.0,"download":"https://data.lpdaac.earthdatacloud.nasa.gov/lp-prod-protected/EMITL2BCH4PLM.002/EMIT_L2B_CH4PLM_002_20240226T170140_002196/EMIT_L2B_CH4PLM_002_20240226T170140_002196.tif"},"geometry":{"type":"Point","coordinates":[-100.49358476293351,20.677442289598787]}},{"type":"Feature","properties":{"id":"CH4_PlumeComplex-22","date":"2023-06-20T08:44:14Z","scenes":"emit20230620t084414","peak":1749.0,"download":"https://data.lpdaac.earthdatacloud.nasa.gov/lp-prod-protected/EMITL2BCH4PLM.002/EMIT_L2B_CH4PLM_002_20230620T084414_000022/EMIT_L2B_CH4PLM_002_20230620T084414_000022.tif"},"geometry":{"type":"Point","coordinates":[53.76180706463784,39.490199579893414]}},{"type":"Feature","properties":{"id":"CH4_PlumeComplex-220","date":"2023-06-04T18:02:17Z","scenes":"emit20230604t180217","peak":4994.0,"download":"https://data.lpdaac.earthdatacloud.nasa.gov/lp-prod-protected/EMITL2BCH4PLM.002/EMIT_L2B_CH4PLM_002_20230604T180217_000220/EMIT_L2B_CH4PLM_002_20230604T180217_000220.tif"},"geometry":{"type":"Point","coordinates":[-103.21125415445844,32.31483663934091]}},{"type":"Feature","properties":{"id":"CH4_PlumeComplex-2200","date":"2022-08-31T06:07:38Z","scenes":"emit20220831t060738","peak":1223.0,"download":"https://data.lpdaac.earthdatacloud.nasa.gov/lp-prod-protected/EMITL2BCH4PLM.002/EMIT_L2B_CH4PLM_002_20220831T060738_002200/EMIT_L2B_CH4PLM_002_20220831T060738_002200.tif"},"geometry":{"type":"Point","coordinates":[49.367012487960054,27.050301100171808]}},{"type":"Feature","properties":{"id":"CH4_PlumeComplex-2205","date":"2023-12-23T09:21:03Z","scenes":"emit20231223t092103","peak":1353.0,"download":"https://data.lpdaac.earthdatacloud.nasa.gov/lp-prod-protected/EMITL2BCH4PLM.002/EMIT_L2B_CH4PLM_002_20231223T092103_002205/EMIT_L2B_CH4PLM_002_20231223T092103_002205.tif"},"geometry":{"type":"Point","coordinates":[46.15699596804233,15.753971005670978]}},{"type":"Feature","properties":{"id":"CH4_PlumeComplex-221","date":"2023-06-04T18:02:29Z","scenes":"emit20230604t180229","peak":2436.0,"download":"https://data.lpdaac.earthdatacloud.nasa.gov/lp-prod-protected/EMITL2BCH4PLM.002/EMIT_L2B_CH4PLM_002_20230604T180229_000221/EMIT_L2B_CH4PLM_002_20230604T180229_000221.tif"},"geometry":{"type":"Point","coordinates":[-102.95694710245822,33.064744214855466]}},{"type":"Feature","properties":{"id":"CH4_PlumeComplex-2216","date":"2023-06-01T09:39:03Z","scenes":"emit20230601t093903","peak":1642.0,"download":"https://data.lpdaac.earthdatacloud.nasa.gov/lp-prod-protected/EMITL2BCH4PLM.002/EMIT_L2B_CH4PLM_002_20230601T093903_002216/EMIT_L2B_CH4PLM_002_20230601T093903_002216.tif"},"geometry":{"type":"Point","coordinates":[54.24385177514576,39.95651954731386]}},{"type":"Feature","properties":{"id":"CH4_PlumeComplex-2224","date":"2023-12-22T03:50:01Z","scenes":"emit20231222t035001","peak":5212.0,"download":"https://data.lpdaac.earthdatacloud.nasa.gov/lp-prod-protected/EMITL2BCH4PLM.002/EMIT_L2B_CH4PLM_002_20231222T035001_002224/EMIT_L2B_CH4PLM_002_20231222T035001_002224.tif"},"geometry":{"type":"Point","coordinates":[113.15904179856092,36.788254931455896]}},{"type":"Feature","properties":{"id":"CH4_PlumeComplex-2225","date":"2023-12-22T03:50:01Z","scenes":"emit20231222t035001","peak":14585.0,"download":"https://data.lpdaac.earthdatacloud.nasa.gov/lp-prod-protected/EMITL2BCH4PLM.002/EMIT_L2B_CH4PLM_002_20231222T035001_002225/EMIT_L2B_CH4PLM_002_20231222T035001_002225.tif"},"geometry":{"type":"Point","coordinates":[113.10644524409605,36.74758749243667]}},{"type":"Feature","properties":{"id":"CH4_PlumeComplex-223","date":"2023-06-05T08:00:26Z","scenes":"emit20230605t080026","peak":8251.0,"download":"https://data.lpdaac.earthdatacloud.nasa.gov/lp-prod-protected/EMITL2BCH4PLM.002/EMIT_L2B_CH4PLM_002_20230605T080026_000223/EMIT_L2B_CH4PLM_002_20230605T080026_000223.tif"},"geometry":{"type":"Point","coordinates":[53.66149404839048,39.475017069326235]}},{"type":"Feature","properties":{"id":"CH4_PlumeComplex-2230","date":"2023-08-20T19:28:55Z","scenes":"emit20230820t192855","peak":2028.0,"download":"https://data.lpdaac.earthdatacloud.nasa.gov/lp-prod-protected/EMITL2BCH4PLM.002/EMIT_L2B_CH4PLM_002_20230820T192855_002230/EMIT_L2B_CH4PLM_002_20230820T192855_002230.tif"},"geometry":{"type":"Point","coordinates":[-102.0872061399674,31.621863478453253]}},{"type":"Feature","properties":{"id":"CH4_PlumeComplex-2231","date":"2023-08-20T19:28:55Z","scenes":"emit20230820t192855","peak":1400.0,"download":"https://data.lpdaac.earthdatacloud.nasa.gov/lp-prod-protected/EMITL2BCH4PLM.002/EMIT_L2B_CH4PLM_002_20230820T192855_002231/EMIT_L2B_CH4PLM_002_20230820T192855_002231.tif"},"geometry":{"type":"Point","coordinates":[-101.77379574325923,31.845805509319135]}},{"type":"Feature","properties":{"id":"CH4_PlumeComplex-2232","date":"2023-08-20T11:42:34Z","scenes":"emit20230820t114234, emit20230820t114246","peak":2363.0,"download":"https://data.lpdaac.earthdatacloud.nasa.gov/lp-prod-protected/EMITL2BCH4PLM.002/EMIT_L2B_CH4PLM_002_20230820T114234_002232/EMIT_L2B_CH4PLM_002_20230820T114234_002232.tif"},"geometry":{"type":"Point","coordinates":[10.079013000264702,36.73674284203157]}},{"type":"Feature","properties":{"id":"CH4_PlumeComplex-2233","date":"2023-08-20T11:42:34Z","scenes":"emit20230820t114234","peak":2133.0,"download":"https://data.lpdaac.earthdatacloud.nasa.gov/lp-prod-protected/EMITL2BCH4PLM.002/EMIT_L2B_CH4PLM_002_20230820T114234_002233/EMIT_L2B_CH4PLM_002_20230820T114234_002233.tif"},"geometry":{"type":"Point","coordinates":[9.9212233368701,36.677097264803365]}},{"type":"Feature","properties":{"id":"CH4_PlumeComplex-2235","date":"2024-01-25T09:08:38Z","scenes":"emit20240125t090838","peak":4402.0,"download":"https://data.lpdaac.earthdatacloud.nasa.gov/lp-prod-protected/EMITL2BCH4PLM.002/EMIT_L2B_CH4PLM_002_20240125T090838_002235/EMIT_L2B_CH4PLM_002_20240125T090838_002235.tif"},"geometry":{"type":"Point","coordinates":[68.69868630014005,25.796659513339154]}},{"type":"Feature","properties":{"id":"CH4_PlumeComplex-2240","date":"2024-01-27T19:59:15Z","scenes":"emit20240127t195915","peak":2695.0,"download":"https://data.lpdaac.earthdatacloud.nasa.gov/lp-prod-protected/EMITL2BCH4PLM.002/EMIT_L2B_CH4PLM_002_20240127T195915_002240/EMIT_L2B_CH4PLM_002_20240127T195915_002240.tif"},"geometry":{"type":"Point","coordinates":[-101.32753837908815,32.36309533364376]}},{"type":"Feature","properties":{"id":"CH4_PlumeComplex-2249","date":"2023-12-24T17:45:33Z","scenes":"emit20231224t174533","peak":1840.0,"download":"https://data.lpdaac.earthdatacloud.nasa.gov/lp-prod-protected/EMITL2BCH4PLM.002/EMIT_L2B_CH4PLM_002_20231224T174533_002249/EMIT_L2B_CH4PLM_002_20231224T174533_002249.tif"},"geometry":{"type":"Point","coordinates":[-103.87223559665142,32.056191727178614]}},{"type":"Feature","properties":{"id":"CH4_PlumeComplex-225","date":"2023-09-08T14:10:43Z","scenes":"emit20230908t141043","peak":2269.0,"download":"https://data.lpdaac.earthdatacloud.nasa.gov/lp-prod-protected/EMITL2BCH4PLM.002/EMIT_L2B_CH4PLM_002_20230908T141043_000225/EMIT_L2B_CH4PLM_002_20230908T141043_000225.tif"},"geometry":{"type":"Point","coordinates":[-64.17756171876371,-39.215935200358764]}},{"type":"Feature","properties":{"id":"CH4_PlumeComplex-2250","date":"2023-12-24T17:45:33Z","scenes":"emit20231224t174533","peak":4279.0,"download":"https://data.lpdaac.earthdatacloud.nasa.gov/lp-prod-protected/EMITL2BCH4PLM.002/EMIT_L2B_CH4PLM_002_20231224T174533_002250/EMIT_L2B_CH4PLM_002_20231224T174533_002250.tif"},"geometry":{"type":"Point","coordinates":[-103.70143235277067,31.981363639383236]}},{"type":"Feature","properties":{"id":"CH4_PlumeComplex-2255","date":"2023-12-24T17:45:33Z","scenes":"emit20231224t174533","peak":1775.0,"download":"https://data.lpdaac.earthdatacloud.nasa.gov/lp-prod-protected/EMITL2BCH4PLM.002/EMIT_L2B_CH4PLM_002_20231224T174533_002255/EMIT_L2B_CH4PLM_002_20231224T174533_002255.tif"},"geometry":{"type":"Point","coordinates":[-104.35536477219985,31.69994496137018]}},{"type":"Feature","properties":{"id":"CH4_PlumeComplex-2259","date":"2023-12-24T17:45:33Z","scenes":"emit20231224t174533","peak":2087.0,"download":"https://data.lpdaac.earthdatacloud.nasa.gov/lp-prod-protected/EMITL2BCH4PLM.002/EMIT_L2B_CH4PLM_002_20231224T174533_002259/EMIT_L2B_CH4PLM_002_20231224T174533_002259.tif"},"geometry":{"type":"Point","coordinates":[-103.84675066819938,31.89840206378401]}},{"type":"Feature","properties":{"id":"CH4_PlumeComplex-226","date":"2023-06-05T08:00:26Z","scenes":"emit20230605t080026","peak":6619.0,"download":"https://data.lpdaac.earthdatacloud.nasa.gov/lp-prod-protected/EMITL2BCH4PLM.002/EMIT_L2B_CH4PLM_002_20230605T080026_000226/EMIT_L2B_CH4PLM_002_20230605T080026_000226.tif"},"geometry":{"type":"Point","coordinates":[53.76289152967843,39.361148240072396]}},{"type":"Feature","properties":{"id":"CH4_PlumeComplex-2261","date":"2023-12-24T17:45:45Z","scenes":"emit20231224t174545","peak":1424.0,"download":"https://data.lpdaac.earthdatacloud.nasa.gov/lp-prod-protected/EMITL2BCH4PLM.002/EMIT_L2B_CH4PLM_002_20231224T174545_002261/EMIT_L2B_CH4PLM_002_20231224T174545_002261.tif"},"geometry":{"type":"Point","coordinates":[-103.63690668286016,31.850143369481195]}},{"type":"Feature","properties":{"id":"CH4_PlumeComplex-2264","date":"2023-12-24T17:45:45Z","scenes":"emit20231224t174545","peak":2443.0,"download":"https://data.lpdaac.earthdatacloud.nasa.gov/lp-prod-protected/EMITL2BCH4PLM.002/EMIT_L2B_CH4PLM_002_20231224T174545_002264/EMIT_L2B_CH4PLM_002_20231224T174545_002264.tif"},"geometry":{"type":"Point","coordinates":[-103.56099413002427,31.767181793881967]}},{"type":"Feature","properties":{"id":"CH4_PlumeComplex-2266","date":"2023-12-24T17:45:33Z","scenes":"emit20231224t174533","peak":1377.0,"download":"https://data.lpdaac.earthdatacloud.nasa.gov/lp-prod-protected/EMITL2BCH4PLM.002/EMIT_L2B_CH4PLM_002_20231224T174533_002266/EMIT_L2B_CH4PLM_002_20231224T174533_002266.tif"},"geometry":{"type":"Point","coordinates":[-103.94489475436578,31.684220218282746]}},{"type":"Feature","properties":{"id":"CH4_PlumeComplex-2267","date":"2023-12-24T17:45:33Z","scenes":"emit20231224t174533","peak":2352.0,"download":"https://data.lpdaac.earthdatacloud.nasa.gov/lp-prod-protected/EMITL2BCH4PLM.002/EMIT_L2B_CH4PLM_002_20231224T174533_002267/EMIT_L2B_CH4PLM_002_20231224T174533_002267.tif"},"geometry":{"type":"Point","coordinates":[-104.02406070232321,31.65602412722941]}},{"type":"Feature","properties":{"id":"CH4_PlumeComplex-227","date":"2023-06-05T08:00:26Z","scenes":"emit20230605t080026","peak":4492.0,"download":"https://data.lpdaac.earthdatacloud.nasa.gov/lp-prod-protected/EMITL2BCH4PLM.002/EMIT_L2B_CH4PLM_002_20230605T080026_000227/EMIT_L2B_CH4PLM_002_20230605T080026_000227.tif"},"geometry":{"type":"Point","coordinates":[53.7992211085356,39.36060600755214]}},{"type":"Feature","properties":{"id":"CH4_PlumeComplex-228","date":"2023-06-05T08:00:26Z","scenes":"emit20230605t080026","peak":5906.0,"download":"https://data.lpdaac.earthdatacloud.nasa.gov/lp-prod-protected/EMITL2BCH4PLM.002/EMIT_L2B_CH4PLM_002_20230605T080026_000228/EMIT_L2B_CH4PLM_002_20230605T080026_000228.tif"},"geometry":{"type":"Point","coordinates":[53.83392398983201,39.37741521568009]}},{"type":"Feature","properties":{"id":"CH4_PlumeComplex-2283","date":"2023-12-24T06:57:46Z","scenes":"emit20231224t065746","peak":2435.0,"download":"https://data.lpdaac.earthdatacloud.nasa.gov/lp-prod-protected/EMITL2BCH4PLM.002/EMIT_L2B_CH4PLM_002_20231224T065746_002283/EMIT_L2B_CH4PLM_002_20231224T065746_002283.tif"},"geometry":{"type":"Point","coordinates":[67.45046703850986,26.2759930612457]}},{"type":"Feature","properties":{"id":"CH4_PlumeComplex-2284","date":"2023-12-24T06:57:46Z","scenes":"emit20231224t065746","peak":2664.0,"download":"https://data.lpdaac.earthdatacloud.nasa.gov/lp-prod-protected/EMITL2BCH4PLM.002/EMIT_L2B_CH4PLM_002_20231224T065746_002284/EMIT_L2B_CH4PLM_002_20231224T065746_002284.tif"},"geometry":{"type":"Point","coordinates":[67.48896554744806,26.168088789714684]}},{"type":"Feature","properties":{"id":"CH4_PlumeComplex-2286","date":"2023-06-02T08:47:26Z","scenes":"emit20230602t084726","peak":1725.0,"download":"https://data.lpdaac.earthdatacloud.nasa.gov/lp-prod-protected/EMITL2BCH4PLM.002/EMIT_L2B_CH4PLM_002_20230602T084726_002286/EMIT_L2B_CH4PLM_002_20230602T084726_002286.tif"},"geometry":{"type":"Point","coordinates":[47.35207644268733,30.278753525778267]}},{"type":"Feature","properties":{"id":"CH4_PlumeComplex-2287","date":"2023-06-02T08:47:26Z","scenes":"emit20230602t084726","peak":1237.0,"download":"https://data.lpdaac.earthdatacloud.nasa.gov/lp-prod-protected/EMITL2BCH4PLM.002/EMIT_L2B_CH4PLM_002_20230602T084726_002287/EMIT_L2B_CH4PLM_002_20230602T084726_002287.tif"},"geometry":{"type":"Point","coordinates":[47.339062862201175,30.353581613573645]}},{"type":"Feature","properties":{"id":"CH4_PlumeComplex-229","date":"2023-06-05T08:00:26Z","scenes":"emit20230605t080026","peak":4364.0,"download":"https://data.lpdaac.earthdatacloud.nasa.gov/lp-prod-protected/EMITL2BCH4PLM.002/EMIT_L2B_CH4PLM_002_20230605T080026_000229/EMIT_L2B_CH4PLM_002_20230605T080026_000229.tif"},"geometry":{"type":"Point","coordinates":[54.017740814198916,39.33783224170137]}},{"type":"Feature","properties":{"id":"CH4_PlumeComplex-2296","date":"2023-12-26T18:07:07Z","scenes":"emit20231226t180707","peak":4378.0,"download":"https://data.lpdaac.earthdatacloud.nasa.gov/lp-prod-protected/EMITL2BCH4PLM.002/EMIT_L2B_CH4PLM_002_20231226T180707_002296/EMIT_L2B_CH4PLM_002_20231226T180707_002296.tif"},"geometry":{"type":"Point","coordinates":[-58.632149734101866,-34.53104622534378]}},{"type":"Feature","properties":{"id":"CH4_PlumeComplex-2298","date":"2023-12-26T08:27:57Z","scenes":"emit20231226t082757","peak":1771.0,"download":"https://data.lpdaac.earthdatacloud.nasa.gov/lp-prod-protected/EMITL2BCH4PLM.002/EMIT_L2B_CH4PLM_002_20231226T082757_002298/EMIT_L2B_CH4PLM_002_20231226T082757_002298.tif"},"geometry":{"type":"Point","coordinates":[28.61848510035011,29.602589573018584]}},{"type":"Feature","properties":{"id":"CH4_PlumeComplex-2299","date":"2023-12-26T08:27:57Z","scenes":"emit20231226t082757","peak":1516.0,"download":"https://data.lpdaac.earthdatacloud.nasa.gov/lp-prod-protected/EMITL2BCH4PLM.002/EMIT_L2B_CH4PLM_002_20231226T082757_002299/EMIT_L2B_CH4PLM_002_20231226T082757_002299.tif"},"geometry":{"type":"Point","coordinates":[28.539861384912935,29.547281855952434]}},{"type":"Feature","properties":{"id":"CH4_PlumeComplex-230","date":"2023-06-05T08:00:26Z","scenes":"emit20230605t080026","peak":2297.0,"download":"https://data.lpdaac.earthdatacloud.nasa.gov/lp-prod-protected/EMITL2BCH4PLM.002/EMIT_L2B_CH4PLM_002_20230605T080026_000230/EMIT_L2B_CH4PLM_002_20230605T080026_000230.tif"},"geometry":{"type":"Point","coordinates":[53.76180706463791,39.52002236850751]}},{"type":"Feature","properties":{"id":"CH4_PlumeComplex-2301","date":"2023-12-26T06:54:26Z","scenes":"emit20231226t065426","peak":5249.0,"download":"https://data.lpdaac.earthdatacloud.nasa.gov/lp-prod-protected/EMITL2BCH4PLM.002/EMIT_L2B_CH4PLM_002_20231226T065426_002301/EMIT_L2B_CH4PLM_002_20231226T065426_002301.tif"},"geometry":{"type":"Point","coordinates":[49.876168824480715,31.132769745182067]}},{"type":"Feature","properties":{"id":"CH4_PlumeComplex-2302","date":"2023-12-26T06:54:50Z","scenes":"emit20231226t065450","peak":12629.0,"download":"https://data.lpdaac.earthdatacloud.nasa.gov/lp-prod-protected/EMITL2BCH4PLM.002/EMIT_L2B_CH4PLM_002_20231226T065450_002302/EMIT_L2B_CH4PLM_002_20231226T065450_002302.tif"},"geometry":{"type":"Point","coordinates":[51.54516052182981,30.06348721523651]}},{"type":"Feature","properties":{"id":"CH4_PlumeComplex-2303","date":"2023-12-26T06:55:14Z","scenes":"emit20231226t065514","peak":4040.0,"download":"https://data.lpdaac.earthdatacloud.nasa.gov/lp-prod-protected/EMITL2BCH4PLM.002/EMIT_L2B_CH4PLM_002_20231226T065514_002303/EMIT_L2B_CH4PLM_002_20231226T065514_002303.tif"},"geometry":{"type":"Point","coordinates":[52.70282695257715,29.42473730637451]}},{"type":"Feature","properties":{"id":"CH4_PlumeComplex-2313","date":"2024-01-05T14:51:50Z","scenes":"emit20240105t145150","peak":2236.0,"download":"https://data.lpdaac.earthdatacloud.nasa.gov/lp-prod-protected/EMITL2BCH4PLM.002/EMIT_L2B_CH4PLM_002_20240105T145150_002313/EMIT_L2B_CH4PLM_002_20240105T145150_002313.tif"},"geometry":{"type":"Point","coordinates":[-70.79388293093199,-32.955318521478766]}},{"type":"Feature","properties":{"id":"CH4_PlumeComplex-233","date":"2023-06-04T07:06:41Z","scenes":"emit20230604t070641","peak":3583.0,"download":"https://data.lpdaac.earthdatacloud.nasa.gov/lp-prod-protected/EMITL2BCH4PLM.002/EMIT_L2B_CH4PLM_002_20230604T070641_000233/EMIT_L2B_CH4PLM_002_20230604T070641_000233.tif"},"geometry":{"type":"Point","coordinates":[46.03445141846443,15.584252226830674]}},{"type":"Feature","properties":{"id":"CH4_PlumeComplex-2339","date":"2022-09-03T06:50:56Z","scenes":"emit20220903t065056","peak":1153.0,"download":"https://data.lpdaac.earthdatacloud.nasa.gov/lp-prod-protected/EMITL2BCH4PLM.002/EMIT_L2B_CH4PLM_002_20220903T065056_002339/EMIT_L2B_CH4PLM_002_20220903T065056_002339.tif"},"geometry":{"type":"Point","coordinates":[19.897759477067023,28.196580647993844]}},{"type":"Feature","properties":{"id":"CH4_PlumeComplex-234","date":"2023-07-29T10:06:30Z","scenes":"emit20230729t100630","peak":1747.0,"download":"https://data.lpdaac.earthdatacloud.nasa.gov/lp-prod-protected/EMITL2BCH4PLM.002/EMIT_L2B_CH4PLM_002_20230729T100630_000234/EMIT_L2B_CH4PLM_002_20230729T100630_000234.tif"},"geometry":{"type":"Point","coordinates":[61.683824185583354,39.97603991804313]}},{"type":"Feature","properties":{"id":"CH4_PlumeComplex-2351","date":"2023-12-25T04:37:07Z","scenes":"emit20231225t043707, emit20231225t043719","peak":8435.0,"download":"https://data.lpdaac.earthdatacloud.nasa.gov/lp-prod-protected/EMITL2BCH4PLM.002/EMIT_L2B_CH4PLM_002_20231225T043707_002351/EMIT_L2B_CH4PLM_002_20231225T043707_002351.tif"},"geometry":{"type":"Point","coordinates":[95.27567104798561,27.33009308062416]}},{"type":"Feature","properties":{"id":"CH4_PlumeComplex-24","date":"2023-06-13T11:13:48Z","scenes":"emit20230613t111348","peak":2581.0,"download":"https://data.lpdaac.earthdatacloud.nasa.gov/lp-prod-protected/EMITL2BCH4PLM.002/EMIT_L2B_CH4PLM_002_20230613T111348_000024/EMIT_L2B_CH4PLM_002_20230613T111348_000024.tif"},"geometry":{"type":"Point","coordinates":[61.60520047014617,36.59738908432571]}},{"type":"Feature","properties":{"id":"CH4_PlumeComplex-2410","date":"2023-06-03T08:02:04Z","scenes":"emit20230603t080204","peak":1213.0,"download":"https://data.lpdaac.earthdatacloud.nasa.gov/lp-prod-protected/EMITL2BCH4PLM.002/EMIT_L2B_CH4PLM_002_20230603T080204_002410/EMIT_L2B_CH4PLM_002_20230603T080204_002410.tif"},"geometry":{"type":"Point","coordinates":[61.48265592056833,36.57298862091416]}},{"type":"Feature","properties":{"id":"CH4_PlumeComplex-2417","date":"2024-01-09T13:14:23Z","scenes":"emit20240109t131423","peak":5903.0,"download":"https://data.lpdaac.earthdatacloud.nasa.gov/lp-prod-protected/EMITL2BCH4PLM.002/EMIT_L2B_CH4PLM_002_20240109T131423_002417/EMIT_L2B_CH4PLM_002_20240109T131423_002417.tif"},"geometry":{"type":"Point","coordinates":[-70.78900283824966,-32.95206512635721]}},{"type":"Feature","properties":{"id":"CH4_PlumeComplex-2429","date":"2024-01-12T18:59:17Z","scenes":"emit20240112t185917","peak":7443.0,"download":"https://data.lpdaac.earthdatacloud.nasa.gov/lp-prod-protected/EMITL2BCH4PLM.002/EMIT_L2B_CH4PLM_002_20240112T185917_002429/EMIT_L2B_CH4PLM_002_20240112T185917_002429.tif"},"geometry":{"type":"Point","coordinates":[-58.63106526906139,-34.52996176030323]}},{"type":"Feature","properties":{"id":"CH4_PlumeComplex-2430","date":"2023-03-23T14:48:05Z","scenes":"emit20230323t144805, emit20230323t144817","peak":2810.0,"download":"https://data.lpdaac.earthdatacloud.nasa.gov/lp-prod-protected/EMITL2BCH4PLM.002/EMIT_L2B_CH4PLM_002_20230323T144805_002430/EMIT_L2B_CH4PLM_002_20230323T144805_002430.tif"},"geometry":{"type":"Point","coordinates":[-68.09031158493364,-46.64126733274943]}},{"type":"Feature","properties":{"id":"CH4_PlumeComplex-2433","date":"2023-06-06T08:50:11Z","scenes":"emit20230606t085011","peak":2555.0,"download":"https://data.lpdaac.earthdatacloud.nasa.gov/lp-prod-protected/EMITL2BCH4PLM.002/EMIT_L2B_CH4PLM_002_20230606T085011_002433/EMIT_L2B_CH4PLM_002_20230606T085011_002433.tif"},"geometry":{"type":"Point","coordinates":[57.34271062841091,48.235325666588075]}},{"type":"Feature","properties":{"id":"CH4_PlumeComplex-2436","date":"2023-06-06T05:34:48Z","scenes":"emit20230606t053448","peak":6363.0,"download":"https://data.lpdaac.earthdatacloud.nasa.gov/lp-prod-protected/EMITL2BCH4PLM.002/EMIT_L2B_CH4PLM_002_20230606T053448_002436/EMIT_L2B_CH4PLM_002_20230606T053448_002436.tif"},"geometry":{"type":"Point","coordinates":[67.44504471330731,26.319371662866292]}},{"type":"Feature","properties":{"id":"CH4_PlumeComplex-2437","date":"2023-06-06T07:09:19Z","scenes":"emit20230606t070919, emit20230606t070930","peak":2129.0,"download":"https://data.lpdaac.earthdatacloud.nasa.gov/lp-prod-protected/EMITL2BCH4PLM.002/EMIT_L2B_CH4PLM_002_20230606T070919_002437/EMIT_L2B_CH4PLM_002_20230606T070919_002437.tif"},"geometry":{"type":"Point","coordinates":[49.121923388804156,31.30357298906274]}},{"type":"Feature","properties":{"id":"CH4_PlumeComplex-2452","date":"2023-06-07T06:20:35Z","scenes":"emit20230607t062035","peak":5158.0,"download":"https://data.lpdaac.earthdatacloud.nasa.gov/lp-prod-protected/EMITL2BCH4PLM.002/EMIT_L2B_CH4PLM_002_20230607T062035_002452/EMIT_L2B_CH4PLM_002_20230607T062035_002452.tif"},"geometry":{"type":"Point","coordinates":[52.04835230062778,28.636873454442018]}},{"type":"Feature","properties":{"id":"CH4_PlumeComplex-2454","date":"2023-06-07T06:20:35Z","scenes":"emit20230607t062035","peak":5493.0,"download":"https://data.lpdaac.earthdatacloud.nasa.gov/lp-prod-protected/EMITL2BCH4PLM.002/EMIT_L2B_CH4PLM_002_20230607T062035_002454/EMIT_L2B_CH4PLM_002_20230607T062035_002454.tif"},"geometry":{"type":"Point","coordinates":[52.42303497212493,28.68513214874483]}},{"type":"Feature","properties":{"id":"CH4_PlumeComplex-2455","date":"2023-06-07T06:23:33Z","scenes":"emit20230607t062333","peak":3737.0,"download":"https://data.lpdaac.earthdatacloud.nasa.gov/lp-prod-protected/EMITL2BCH4PLM.002/EMIT_L2B_CH4PLM_002_20230607T062333_002455/EMIT_L2B_CH4PLM_002_20230607T062333_002455.tif"},"geometry":{"type":"Point","coordinates":[61.45717099211626,36.47321783718703]}},{"type":"Feature","properties":{"id":"CH4_PlumeComplex-2456","date":"2023-06-07T06:23:33Z","scenes":"emit20230607t062333","peak":2500.0,"download":"https://data.lpdaac.earthdatacloud.nasa.gov/lp-prod-protected/EMITL2BCH4PLM.002/EMIT_L2B_CH4PLM_002_20230607T062333_002456/EMIT_L2B_CH4PLM_002_20230607T062333_002456.tif"},"geometry":{"type":"Point","coordinates":[61.57754661161317,36.41845235264114]}},{"type":"Feature","properties":{"id":"CH4_PlumeComplex-2457","date":"2023-06-07T06:23:33Z","scenes":"emit20230607t062333","peak":1082.0,"download":"https://data.lpdaac.earthdatacloud.nasa.gov/lp-prod-protected/EMITL2BCH4PLM.002/EMIT_L2B_CH4PLM_002_20230607T062333_002457/EMIT_L2B_CH4PLM_002_20230607T062333_002457.tif"},"geometry":{"type":"Point","coordinates":[61.82534687337033,36.285605385178336]}},{"type":"Feature","properties":{"id":"CH4_PlumeComplex-2458","date":"2023-06-07T06:23:33Z","scenes":"emit20230607t062333","peak":1115.0,"download":"https://data.lpdaac.earthdatacloud.nasa.gov/lp-prod-protected/EMITL2BCH4PLM.002/EMIT_L2B_CH4PLM_002_20230607T062333_002458/EMIT_L2B_CH4PLM_002_20230607T062333_002458.tif"},"geometry":{"type":"Point","coordinates":[61.85950752214649,36.3083791510291]}},{"type":"Feature","properties":{"id":"CH4_PlumeComplex-2459","date":"2023-06-07T06:23:33Z","scenes":"emit20230607t062333","peak":2695.0,"download":"https://data.lpdaac.earthdatacloud.nasa.gov/lp-prod-protected/EMITL2BCH4PLM.002/EMIT_L2B_CH4PLM_002_20230607T062333_002459/EMIT_L2B_CH4PLM_002_20230607T062333_002459.tif"},"geometry":{"type":"Point","coordinates":[61.90885068148982,36.398389749391654]}},{"type":"Feature","properties":{"id":"CH4_PlumeComplex-2460","date":"2023-06-07T06:23:33Z","scenes":"emit20230607t062333","peak":1016.0,"download":"https://data.lpdaac.earthdatacloud.nasa.gov/lp-prod-protected/EMITL2BCH4PLM.002/EMIT_L2B_CH4PLM_002_20230607T062333_002460/EMIT_L2B_CH4PLM_002_20230607T062333_002460.tif"},"geometry":{"type":"Point","coordinates":[61.80799543272213,36.433092630688066]}},{"type":"Feature","properties":{"id":"CH4_PlumeComplex-2461","date":"2023-06-07T06:23:33Z","scenes":"emit20230607t062333","peak":2785.0,"download":"https://data.lpdaac.earthdatacloud.nasa.gov/lp-prod-protected/EMITL2BCH4PLM.002/EMIT_L2B_CH4PLM_002_20230607T062333_002461/EMIT_L2B_CH4PLM_002_20230607T062333_002461.tif"},"geometry":{"type":"Point","coordinates":[61.81992454816777,36.49219597539601]}},{"type":"Feature","properties":{"id":"CH4_PlumeComplex-2462","date":"2023-06-07T06:23:33Z","scenes":"emit20230607t062333","peak":2489.0,"download":"https://data.lpdaac.earthdatacloud.nasa.gov/lp-prod-protected/EMITL2BCH4PLM.002/EMIT_L2B_CH4PLM_002_20230607T062333_002462/EMIT_L2B_CH4PLM_002_20230607T062333_002462.tif"},"geometry":{"type":"Point","coordinates":[61.68924651078599,36.49002704531498]}},{"type":"Feature","properties":{"id":"CH4_PlumeComplex-2463","date":"2023-06-07T06:23:33Z","scenes":"emit20230607t062333","peak":2935.0,"download":"https://data.lpdaac.earthdatacloud.nasa.gov/lp-prod-protected/EMITL2BCH4PLM.002/EMIT_L2B_CH4PLM_002_20230607T062333_002463/EMIT_L2B_CH4PLM_002_20230607T062333_002463.tif"},"geometry":{"type":"Point","coordinates":[61.70876688151522,36.653781266432404]}},{"type":"Feature","properties":{"id":"CH4_PlumeComplex-2464","date":"2023-06-07T06:23:33Z","scenes":"emit20230607t062333","peak":2303.0,"download":"https://data.lpdaac.earthdatacloud.nasa.gov/lp-prod-protected/EMITL2BCH4PLM.002/EMIT_L2B_CH4PLM_002_20230607T062333_002464/EMIT_L2B_CH4PLM_002_20230607T062333_002464.tif"},"geometry":{"type":"Point","coordinates":[61.605742702666504,36.59738908432574]}},{"type":"Feature","properties":{"id":"CH4_PlumeComplex-2465","date":"2023-06-07T06:23:33Z","scenes":"emit20230607t062333","peak":2543.0,"download":"https://data.lpdaac.earthdatacloud.nasa.gov/lp-prod-protected/EMITL2BCH4PLM.002/EMIT_L2B_CH4PLM_002_20230607T062333_002465/EMIT_L2B_CH4PLM_002_20230607T062333_002465.tif"},"geometry":{"type":"Point","coordinates":[61.593271354700605,36.568650760752156]}},{"type":"Feature","properties":{"id":"CH4_PlumeComplex-2466","date":"2023-06-07T06:23:33Z","scenes":"emit20230607t062333","peak":2526.0,"download":"https://data.lpdaac.earthdatacloud.nasa.gov/lp-prod-protected/EMITL2BCH4PLM.002/EMIT_L2B_CH4PLM_002_20230607T062333_002466/EMIT_L2B_CH4PLM_002_20230607T062333_002466.tif"},"geometry":{"type":"Point","coordinates":[61.566159728687786,36.54804592498241]}},{"type":"Feature","properties":{"id":"CH4_PlumeComplex-2467","date":"2023-06-07T06:23:33Z","scenes":"emit20230607t062333","peak":1199.0,"download":"https://data.lpdaac.earthdatacloud.nasa.gov/lp-prod-protected/EMITL2BCH4PLM.002/EMIT_L2B_CH4PLM_002_20230607T062333_002467/EMIT_L2B_CH4PLM_002_20230607T062333_002467.tif"},"geometry":{"type":"Point","coordinates":[61.48157145552779,36.573530853434455]}},{"type":"Feature","properties":{"id":"CH4_PlumeComplex-2470","date":"2023-06-07T06:24:32Z","scenes":"emit20230607t062432","peak":3191.0,"download":"https://data.lpdaac.earthdatacloud.nasa.gov/lp-prod-protected/EMITL2BCH4PLM.002/EMIT_L2B_CH4PLM_002_20230607T062432_002470/EMIT_L2B_CH4PLM_002_20230607T062432_002470.tif"},"geometry":{"type":"Point","coordinates":[65.30214179325417,39.174078020584]}},{"type":"Feature","properties":{"id":"CH4_PlumeComplex-2471","date":"2023-06-07T08:00:31Z","scenes":"emit20230607t080031","peak":1726.0,"download":"https://data.lpdaac.earthdatacloud.nasa.gov/lp-prod-protected/EMITL2BCH4PLM.002/EMIT_L2B_CH4PLM_002_20230607T080031_002471/EMIT_L2B_CH4PLM_002_20230607T080031_002471.tif"},"geometry":{"type":"Point","coordinates":[55.19221645307422,45.34034624093935]}},{"type":"Feature","properties":{"id":"CH4_PlumeComplex-2473","date":"2024-01-27T19:59:15Z","scenes":"emit20240127t195915","peak":2590.0,"download":"https://data.lpdaac.earthdatacloud.nasa.gov/lp-prod-protected/EMITL2BCH4PLM.002/EMIT_L2B_CH4PLM_002_20240127T195915_002473/EMIT_L2B_CH4PLM_002_20240127T195915_002473.tif"},"geometry":{"type":"Point","coordinates":[-101.55093817743378,32.277964827963515]}},{"type":"Feature","properties":{"id":"CH4_PlumeComplex-2474","date":"2024-01-27T19:59:04Z","scenes":"emit20240127t195904","peak":7167.0,"download":"https://data.lpdaac.earthdatacloud.nasa.gov/lp-prod-protected/EMITL2BCH4PLM.002/EMIT_L2B_CH4PLM_002_20240127T195904_002474/EMIT_L2B_CH4PLM_002_20240127T195904_002474.tif"},"geometry":{"type":"Point","coordinates":[-101.76023993025274,31.850143369481245]}},{"type":"Feature","properties":{"id":"CH4_PlumeComplex-2475","date":"2024-01-27T19:59:04Z","scenes":"emit20240127t195904","peak":1774.0,"download":"https://data.lpdaac.earthdatacloud.nasa.gov/lp-prod-protected/EMITL2BCH4PLM.002/EMIT_L2B_CH4PLM_002_20240127T195904_002475/EMIT_L2B_CH4PLM_002_20240127T195904_002475.tif"},"geometry":{"type":"Point","coordinates":[-101.81717434487965,31.570893621549214]}},{"type":"Feature","properties":{"id":"CH4_PlumeComplex-2477","date":"2024-01-27T19:59:04Z","scenes":"emit20240127t195904","peak":4492.0,"download":"https://data.lpdaac.earthdatacloud.nasa.gov/lp-prod-protected/EMITL2BCH4PLM.002/EMIT_L2B_CH4PLM_002_20240127T195904_002477/EMIT_L2B_CH4PLM_002_20240127T195904_002477.tif"},"geometry":{"type":"Point","coordinates":[-101.44194944086225,31.390330192303846]}},{"type":"Feature","properties":{"id":"CH4_PlumeComplex-2483","date":"2024-01-28T19:11:15Z","scenes":"emit20240128t191115","peak":8096.0,"download":"https://data.lpdaac.earthdatacloud.nasa.gov/lp-prod-protected/EMITL2BCH4PLM.002/EMIT_L2B_CH4PLM_002_20240128T191115_002483/EMIT_L2B_CH4PLM_002_20240128T191115_002483.tif"},"geometry":{"type":"Point","coordinates":[-99.16999518098814,28.188447160189927]}},{"type":"Feature","properties":{"id":"CH4_PlumeComplex-2485","date":"2024-01-28T19:11:03Z","scenes":"emit20240128t191103","peak":11736.0,"download":"https://data.lpdaac.earthdatacloud.nasa.gov/lp-prod-protected/EMITL2BCH4PLM.002/EMIT_L2B_CH4PLM_002_20240128T191103_002485/EMIT_L2B_CH4PLM_002_20240128T191103_002485.tif"},"geometry":{"type":"Point","coordinates":[-99.37495907364504,28.039333217119427]}},{"type":"Feature","properties":{"id":"CH4_PlumeComplex-2486","date":"2024-01-28T19:11:03Z","scenes":"emit20240128t191103","peak":2641.0,"download":"https://data.lpdaac.earthdatacloud.nasa.gov/lp-prod-protected/EMITL2BCH4PLM.002/EMIT_L2B_CH4PLM_002_20240128T191103_002486/EMIT_L2B_CH4PLM_002_20240128T191103_002486.tif"},"geometry":{"type":"Point","coordinates":[-99.29253973056608,27.871241135839952]}},{"type":"Feature","properties":{"id":"CH4_PlumeComplex-2499","date":"2024-01-30T05:17:28Z","scenes":"emit20240130t051728","peak":5443.0,"download":"https://data.lpdaac.earthdatacloud.nasa.gov/lp-prod-protected/EMITL2BCH4PLM.002/EMIT_L2B_CH4PLM_002_20240130T051728_002499/EMIT_L2B_CH4PLM_002_20240130T051728_002499.tif"},"geometry":{"type":"Point","coordinates":[110.5850640249042,35.801933977109584]}},{"type":"Feature","properties":{"id":"CH4_PlumeComplex-25","date":"2023-06-13T11:13:48Z","scenes":"emit20230613t111348","peak":4610.0,"download":"https://data.lpdaac.earthdatacloud.nasa.gov/lp-prod-protected/EMITL2BCH4PLM.002/EMIT_L2B_CH4PLM_002_20230613T111348_000025/EMIT_L2B_CH4PLM_002_20230613T111348_000025.tif"},"geometry":{"type":"Point","coordinates":[61.56561749616746,36.548588157502635]}},{"type":"Feature","properties":{"id":"CH4_PlumeComplex-2500","date":"2024-01-30T05:17:28Z","scenes":"emit20240130t051728","peak":4278.0,"download":"https://data.lpdaac.earthdatacloud.nasa.gov/lp-prod-protected/EMITL2BCH4PLM.002/EMIT_L2B_CH4PLM_002_20240130T051728_002500/EMIT_L2B_CH4PLM_002_20240130T051728_002500.tif"},"geometry":{"type":"Point","coordinates":[110.60133100051189,35.80410290719061]}},{"type":"Feature","properties":{"id":"CH4_PlumeComplex-2504","date":"2024-01-30T05:17:52Z","scenes":"emit20240130t051752","peak":4693.0,"download":"https://data.lpdaac.earthdatacloud.nasa.gov/lp-prod-protected/EMITL2BCH4PLM.002/EMIT_L2B_CH4PLM_002_20240130T051752_002504/EMIT_L2B_CH4PLM_002_20240130T051752_002504.tif"},"geometry":{"type":"Point","coordinates":[111.70206301663231,36.98508533630898]}},{"type":"Feature","properties":{"id":"CH4_PlumeComplex-2507","date":"2024-01-30T05:18:16Z","scenes":"emit20240130t051816","peak":3669.0,"download":"https://data.lpdaac.earthdatacloud.nasa.gov/lp-prod-protected/EMITL2BCH4PLM.002/EMIT_L2B_CH4PLM_002_20240130T051816_002507/EMIT_L2B_CH4PLM_002_20240130T051816_002507.tif"},"geometry":{"type":"Point","coordinates":[113.00504776280836,37.8944092727789]}},{"type":"Feature","properties":{"id":"CH4_PlumeComplex-2508","date":"2024-01-30T05:18:16Z","scenes":"emit20240130t051816","peak":3227.0,"download":"https://data.lpdaac.earthdatacloud.nasa.gov/lp-prod-protected/EMITL2BCH4PLM.002/EMIT_L2B_CH4PLM_002_20240130T051816_002508/EMIT_L2B_CH4PLM_002_20240130T051816_002508.tif"},"geometry":{"type":"Point","coordinates":[113.02239920345657,37.939414571960185]}},{"type":"Feature","properties":{"id":"CH4_PlumeComplex-2511","date":"2024-01-30T05:18:16Z","scenes":"emit20240130t051816","peak":5484.0,"download":"https://data.lpdaac.earthdatacloud.nasa.gov/lp-prod-protected/EMITL2BCH4PLM.002/EMIT_L2B_CH4PLM_002_20240130T051816_002511/EMIT_L2B_CH4PLM_002_20240130T051816_002511.tif"},"geometry":{"type":"Point","coordinates":[113.26965723269346,37.960019407729924]}},{"type":"Feature","properties":{"id":"CH4_PlumeComplex-2514","date":"2024-01-30T05:18:16Z","scenes":"emit20240130t051816","peak":5306.0,"download":"https://data.lpdaac.earthdatacloud.nasa.gov/lp-prod-protected/EMITL2BCH4PLM.002/EMIT_L2B_CH4PLM_002_20240130T051816_002514/EMIT_L2B_CH4PLM_002_20240130T051816_002514.tif"},"geometry":{"type":"Point","coordinates":[113.43720708145268,37.96815289553377]}},{"type":"Feature","properties":{"id":"CH4_PlumeComplex-2534","date":"2024-01-31T18:24:59Z","scenes":"emit20240131t182459","peak":8131.0,"download":"https://data.lpdaac.earthdatacloud.nasa.gov/lp-prod-protected/EMITL2BCH4PLM.002/EMIT_L2B_CH4PLM_002_20240131T182459_002534/EMIT_L2B_CH4PLM_002_20240131T182459_002534.tif"},"geometry":{"type":"Point","coordinates":[-101.76620448797551,31.86424141500787]}},{"type":"Feature","properties":{"id":"CH4_PlumeComplex-2535","date":"2024-01-31T09:08:23Z","scenes":"emit20240131t090823","peak":4058.0,"download":"https://data.lpdaac.earthdatacloud.nasa.gov/lp-prod-protected/EMITL2BCH4PLM.002/EMIT_L2B_CH4PLM_002_20240131T090823_002535/EMIT_L2B_CH4PLM_002_20240131T090823_002535.tif"},"geometry":{"type":"Point","coordinates":[42.592359379876946,33.616194687956195]}},{"type":"Feature","properties":{"id":"CH4_PlumeComplex-254","date":"2023-05-30T18:57:54Z","scenes":"emit20230530t185754","peak":16847.0,"download":"https://data.lpdaac.earthdatacloud.nasa.gov/lp-prod-protected/EMITL2BCH4PLM.002/EMIT_L2B_CH4PLM_002_20230530T185754_000254/EMIT_L2B_CH4PLM_002_20230530T185754_000254.tif"},"geometry":{"type":"Point","coordinates":[-78.34609747306263,39.008697101905724]}},{"type":"Feature","properties":{"id":"CH4_PlumeComplex-2540","date":"2024-01-30T17:39:50Z","scenes":"emit20240130t173950","peak":2068.0,"download":"https://data.lpdaac.earthdatacloud.nasa.gov/lp-prod-protected/EMITL2BCH4PLM.002/EMIT_L2B_CH4PLM_002_20240130T173950_002540/EMIT_L2B_CH4PLM_002_20240130T173950_002540.tif"},"geometry":{"type":"Point","coordinates":[-80.275903012655,34.18933446186719]}},{"type":"Feature","properties":{"id":"CH4_PlumeComplex-2541","date":"2024-01-30T12:36:34Z","scenes":"emit20240130t123634","peak":3773.0,"download":"https://data.lpdaac.earthdatacloud.nasa.gov/lp-prod-protected/EMITL2BCH4PLM.002/EMIT_L2B_CH4PLM_002_20240130T123634_002541/EMIT_L2B_CH4PLM_002_20240130T123634_002541.tif"},"geometry":{"type":"Point","coordinates":[-72.16735790474127,-36.69509621368694]}},{"type":"Feature","properties":{"id":"CH4_PlumeComplex-2547","date":"2024-01-30T11:26:10Z","scenes":"emit20240130t112610","peak":1209.0,"download":"https://data.lpdaac.earthdatacloud.nasa.gov/lp-prod-protected/EMITL2BCH4PLM.002/EMIT_L2B_CH4PLM_002_20240130T112610_002547/EMIT_L2B_CH4PLM_002_20240130T112610_002547.tif"},"geometry":{"type":"Point","coordinates":[7.251812639647987,28.609761828429125]}},{"type":"Feature","properties":{"id":"CH4_PlumeComplex-2551","date":"2024-01-29T18:26:22Z","scenes":"emit20240129t182622","peak":5742.0,"download":"https://data.lpdaac.earthdatacloud.nasa.gov/lp-prod-protected/EMITL2BCH4PLM.002/EMIT_L2B_CH4PLM_002_20240129T182622_002551/EMIT_L2B_CH4PLM_002_20240129T182622_002551.tif"},"geometry":{"type":"Point","coordinates":[-87.23925303778732,33.42207544570437]}},{"type":"Feature","properties":{"id":"CH4_PlumeComplex-2554","date":"2024-01-29T19:59:56Z","scenes":"emit20240129t195956","peak":3305.0,"download":"https://data.lpdaac.earthdatacloud.nasa.gov/lp-prod-protected/EMITL2BCH4PLM.002/EMIT_L2B_CH4PLM_002_20240129T195956_002554/EMIT_L2B_CH4PLM_002_20240129T195956_002554.tif"},"geometry":{"type":"Point","coordinates":[-109.12375755533468,35.614863757621116]}},{"type":"Feature","properties":{"id":"CH4_PlumeComplex-2555","date":"2024-01-29T19:58:57Z","scenes":"emit20240129t195857","peak":1423.0,"download":"https://data.lpdaac.earthdatacloud.nasa.gov/lp-prod-protected/EMITL2BCH4PLM.002/EMIT_L2B_CH4PLM_002_20240129T195857_002555/EMIT_L2B_CH4PLM_002_20240129T195857_002555.tif"},"geometry":{"type":"Point","coordinates":[-112.28659984599005,33.08318012054414]}},{"type":"Feature","properties":{"id":"CH4_PlumeComplex-2559","date":"2024-01-29T15:05:16Z","scenes":"emit20240129t150516","peak":2881.0,"download":"https://data.lpdaac.earthdatacloud.nasa.gov/lp-prod-protected/EMITL2BCH4PLM.002/EMIT_L2B_CH4PLM_002_20240129T150516_002559/EMIT_L2B_CH4PLM_002_20240129T150516_002559.tif"},"geometry":{"type":"Point","coordinates":[-77.12065197728317,-11.928083618457055]}},{"type":"Feature","properties":{"id":"CH4_PlumeComplex-2564","date":"2024-01-29T09:07:50Z","scenes":"emit20240129t090750","peak":2143.0,"download":"https://data.lpdaac.earthdatacloud.nasa.gov/lp-prod-protected/EMITL2BCH4PLM.002/EMIT_L2B_CH4PLM_002_20240129T090750_002564/EMIT_L2B_CH4PLM_002_20240129T090750_002564.tif"},"geometry":{"type":"Point","coordinates":[50.77952820322787,30.25109966724516]}},{"type":"Feature","properties":{"id":"CH4_PlumeComplex-2565","date":"2024-01-29T09:07:50Z","scenes":"emit20240129t090750","peak":1626.0,"download":"https://data.lpdaac.earthdatacloud.nasa.gov/lp-prod-protected/EMITL2BCH4PLM.002/EMIT_L2B_CH4PLM_002_20240129T090750_002565/EMIT_L2B_CH4PLM_002_20240129T090750_002565.tif"},"geometry":{"type":"Point","coordinates":[50.79416848127479,30.27495789813644]}},{"type":"Feature","properties":{"id":"CH4_PlumeComplex-2567","date":"2024-01-29T09:07:50Z","scenes":"emit20240129t090750","peak":3272.0,"download":"https://data.lpdaac.earthdatacloud.nasa.gov/lp-prod-protected/EMITL2BCH4PLM.002/EMIT_L2B_CH4PLM_002_20240129T090750_002567/EMIT_L2B_CH4PLM_002_20240129T090750_002567.tif"},"geometry":{"type":"Point","coordinates":[50.44442850570943,30.502695556644113]}},{"type":"Feature","properties":{"id":"CH4_PlumeComplex-2568","date":"2024-01-29T09:07:50Z","scenes":"emit20240129t090750","peak":1947.0,"download":"https://data.lpdaac.earthdatacloud.nasa.gov/lp-prod-protected/EMITL2BCH4PLM.002/EMIT_L2B_CH4PLM_002_20240129T090750_002568/EMIT_L2B_CH4PLM_002_20240129T090750_002568.tif"},"geometry":{"type":"Point","coordinates":[50.4932294325325,30.520046997292315]}},{"type":"Feature","properties":{"id":"CH4_PlumeComplex-2569","date":"2024-01-29T04:22:45Z","scenes":"emit20240129t042245","peak":5220.0,"download":"https://data.lpdaac.earthdatacloud.nasa.gov/lp-prod-protected/EMITL2BCH4PLM.002/EMIT_L2B_CH4PLM_002_20240129T042245_002569/EMIT_L2B_CH4PLM_002_20240129T042245_002569.tif"},"geometry":{"type":"Point","coordinates":[104.87915121424656,11.48388990865207]}},{"type":"Feature","properties":{"id":"CH4_PlumeComplex-257","date":"2023-05-27T13:32:35Z","scenes":"emit20230527t133235","peak":2318.0,"download":"https://data.lpdaac.earthdatacloud.nasa.gov/lp-prod-protected/EMITL2BCH4PLM.002/EMIT_L2B_CH4PLM_002_20230527T133235_000257/EMIT_L2B_CH4PLM_002_20230527T133235_000257.tif"},"geometry":{"type":"Point","coordinates":[7.615108428219756,28.63741568696227]}},{"type":"Feature","properties":{"id":"CH4_PlumeComplex-2572","date":"2024-02-03T09:51:38Z","scenes":"emit20240203t095138","peak":2411.0,"download":"https://data.lpdaac.earthdatacloud.nasa.gov/lp-prod-protected/EMITL2BCH4PLM.002/EMIT_L2B_CH4PLM_002_20240203T095138_002572/EMIT_L2B_CH4PLM_002_20240203T095138_002572.tif"},"geometry":{"type":"Point","coordinates":[7.102156464057237,28.55011625120096]}},{"type":"Feature","properties":{"id":"CH4_PlumeComplex-2573","date":"2024-02-03T09:51:38Z","scenes":"emit20240203t095138","peak":3678.0,"download":"https://data.lpdaac.earthdatacloud.nasa.gov/lp-prod-protected/EMITL2BCH4PLM.002/EMIT_L2B_CH4PLM_002_20240203T095138_002573/EMIT_L2B_CH4PLM_002_20240203T095138_002573.tif"},"geometry":{"type":"Point","coordinates":[7.255608267289789,28.60108610810506]}},{"type":"Feature","properties":{"id":"CH4_PlumeComplex-2574","date":"2024-02-03T09:51:38Z","scenes":"emit20240203t095138","peak":2665.0,"download":"https://data.lpdaac.earthdatacloud.nasa.gov/lp-prod-protected/EMITL2BCH4PLM.002/EMIT_L2B_CH4PLM_002_20240203T095138_002574/EMIT_L2B_CH4PLM_002_20240203T095138_002574.tif"},"geometry":{"type":"Point","coordinates":[7.532146852620536,28.6341622918407]}},{"type":"Feature","properties":{"id":"CH4_PlumeComplex-2575","date":"2024-02-03T09:51:38Z","scenes":"emit20240203t095138","peak":1406.0,"download":"https://data.lpdaac.earthdatacloud.nasa.gov/lp-prod-protected/EMITL2BCH4PLM.002/EMIT_L2B_CH4PLM_002_20240203T095138_002575/EMIT_L2B_CH4PLM_002_20240203T095138_002575.tif"},"geometry":{"type":"Point","coordinates":[7.336943145328243,28.654224895090184]}},{"type":"Feature","properties":{"id":"CH4_PlumeComplex-2576","date":"2024-01-20T15:49:41Z","scenes":"emit20240120t154941","peak":7733.0,"download":"https://data.lpdaac.earthdatacloud.nasa.gov/lp-prod-protected/EMITL2BCH4PLM.002/EMIT_L2B_CH4PLM_002_20240120T154941_002576/EMIT_L2B_CH4PLM_002_20240120T154941_002576.tif"},"geometry":{"type":"Point","coordinates":[-58.63106526906139,-34.52670836518171]}},{"type":"Feature","properties":{"id":"CH4_PlumeComplex-258","date":"2023-05-29T11:57:40Z","scenes":"emit20230529t115740","peak":1042.0,"download":"https://data.lpdaac.earthdatacloud.nasa.gov/lp-prod-protected/EMITL2BCH4PLM.002/EMIT_L2B_CH4PLM_002_20230529T115740_000258/EMIT_L2B_CH4PLM_002_20230529T115740_000258.tif"},"geometry":{"type":"Point","coordinates":[21.552653128889396,29.249053969811417]}},{"type":"Feature","properties":{"id":"CH4_PlumeComplex-2580","date":"2024-05-01T15:30:55Z","scenes":"emit20240501t153055","peak":2796.0,"download":"https://data.lpdaac.earthdatacloud.nasa.gov/lp-prod-protected/EMITL2BCH4PLM.002/EMIT_L2B_CH4PLM_002_20240501T153055_002580/EMIT_L2B_CH4PLM_002_20240501T153055_002580.tif"},"geometry":{"type":"Point","coordinates":[-77.06480202769686,-11.81529925424379]}},{"type":"Feature","properties":{"id":"CH4_PlumeComplex-2581","date":"2024-05-01T15:30:55Z","scenes":"emit20240501t153055","peak":4187.0,"download":"https://data.lpdaac.earthdatacloud.nasa.gov/lp-prod-protected/EMITL2BCH4PLM.002/EMIT_L2B_CH4PLM_002_20240501T153055_002581/EMIT_L2B_CH4PLM_002_20240501T153055_002581.tif"},"geometry":{"type":"Point","coordinates":[-76.87339394804634,-11.921034595693781]}},{"type":"Feature","properties":{"id":"CH4_PlumeComplex-2585","date":"2023-03-26T08:19:20Z","scenes":"emit20230326t081920","peak":2164.0,"download":"https://data.lpdaac.earthdatacloud.nasa.gov/lp-prod-protected/EMITL2BCH4PLM.002/EMIT_L2B_CH4PLM_002_20230326T081920_002585/EMIT_L2B_CH4PLM_002_20230326T081920_002585.tif"},"geometry":{"type":"Point","coordinates":[106.75419126929309,37.17757788099996]}},{"type":"Feature","properties":{"id":"CH4_PlumeComplex-2586","date":"2023-03-26T14:28:44Z","scenes":"emit20230326t142844","peak":1940.0,"download":"https://data.lpdaac.earthdatacloud.nasa.gov/lp-prod-protected/EMITL2BCH4PLM.002/EMIT_L2B_CH4PLM_002_20230326T142844_002586/EMIT_L2B_CH4PLM_002_20230326T142844_002586.tif"},"geometry":{"type":"Point","coordinates":[5.969432729241688,31.699402728849968]}},{"type":"Feature","properties":{"id":"CH4_PlumeComplex-2587","date":"2023-03-26T14:28:44Z","scenes":"emit20230326t142844","peak":3045.0,"download":"https://data.lpdaac.earthdatacloud.nasa.gov/lp-prod-protected/EMITL2BCH4PLM.002/EMIT_L2B_CH4PLM_002_20230326T142844_002587/EMIT_L2B_CH4PLM_002_20230326T142844_002587.tif"},"geometry":{"type":"Point","coordinates":[5.996544355254506,31.779110909327656]}},{"type":"Feature","properties":{"id":"CH4_PlumeComplex-2588","date":"2023-03-26T14:28:44Z","scenes":"emit20230326t142844","peak":1444.0,"download":"https://data.lpdaac.earthdatacloud.nasa.gov/lp-prod-protected/EMITL2BCH4PLM.002/EMIT_L2B_CH4PLM_002_20230326T142844_002588/EMIT_L2B_CH4PLM_002_20230326T142844_002588.tif"},"geometry":{"type":"Point","coordinates":[5.945574498350408,31.76826625892253]}},{"type":"Feature","properties":{"id":"CH4_PlumeComplex-259","date":"2023-05-29T11:57:40Z","scenes":"emit20230529t115740","peak":1843.0,"download":"https://data.lpdaac.earthdatacloud.nasa.gov/lp-prod-protected/EMITL2BCH4PLM.002/EMIT_L2B_CH4PLM_002_20230529T115740_000259/EMIT_L2B_CH4PLM_002_20230529T115740_000259.tif"},"geometry":{"type":"Point","coordinates":[21.626938984164518,29.337437870613204]}},{"type":"Feature","properties":{"id":"CH4_PlumeComplex-2591","date":"2023-03-27T12:08:58Z","scenes":"emit20230327t120858","peak":2733.0,"download":"https://data.lpdaac.earthdatacloud.nasa.gov/lp-prod-protected/EMITL2BCH4PLM.002/EMIT_L2B_CH4PLM_002_20230327T120858_002591/EMIT_L2B_CH4PLM_002_20230327T120858_002591.tif"},"geometry":{"type":"Point","coordinates":[36.1913044782506,31.928224852398138]}},{"type":"Feature","properties":{"id":"CH4_PlumeComplex-2592","date":"2023-03-27T12:09:57Z","scenes":"emit20230327t120957","peak":6664.0,"download":"https://data.lpdaac.earthdatacloud.nasa.gov/lp-prod-protected/EMITL2BCH4PLM.002/EMIT_L2B_CH4PLM_002_20230327T120957_002592/EMIT_L2B_CH4PLM_002_20230327T120957_002592.tif"},"geometry":{"type":"Point","coordinates":[38.85366615270936,34.87092073982944]}},{"type":"Feature","properties":{"id":"CH4_PlumeComplex-2594","date":"2023-03-31T12:06:33Z","scenes":"emit20230331t120633","peak":1337.0,"download":"https://data.lpdaac.earthdatacloud.nasa.gov/lp-prod-protected/EMITL2BCH4PLM.002/EMIT_L2B_CH4PLM_002_20230331T120633_002594/EMIT_L2B_CH4PLM_002_20230331T120633_002594.tif"},"geometry":{"type":"Point","coordinates":[13.34921732993087,32.594628619793156]}},{"type":"Feature","properties":{"id":"CH4_PlumeComplex-2597","date":"2023-08-20T10:14:14Z","scenes":"emit20230820t101414","peak":3527.0,"download":"https://data.lpdaac.earthdatacloud.nasa.gov/lp-prod-protected/EMITL2BCH4PLM.002/EMIT_L2B_CH4PLM_002_20230820T101414_002597/EMIT_L2B_CH4PLM_002_20230820T101414_002597.tif"},"geometry":{"type":"Point","coordinates":[46.89334773055045,24.615134851700475]}},{"type":"Feature","properties":{"id":"CH4_PlumeComplex-2598","date":"2023-08-26T05:26:20Z","scenes":"emit20230826t052620","peak":3418.0,"download":"https://data.lpdaac.earthdatacloud.nasa.gov/lp-prod-protected/EMITL2BCH4PLM.002/EMIT_L2B_CH4PLM_002_20230826T052620_002598/EMIT_L2B_CH4PLM_002_20230826T052620_002598.tif"},"geometry":{"type":"Point","coordinates":[65.31678207130105,39.22992797017037]}},{"type":"Feature","properties":{"id":"CH4_PlumeComplex-2599","date":"2023-10-06T05:21:52Z","scenes":"emit20231006t052152","peak":2790.0,"download":"https://data.lpdaac.earthdatacloud.nasa.gov/lp-prod-protected/EMITL2BCH4PLM.002/EMIT_L2B_CH4PLM_002_20231006T052152_002599/EMIT_L2B_CH4PLM_002_20231006T052152_002599.tif"},"geometry":{"type":"Point","coordinates":[69.10264952773102,28.918292132455036]}},{"type":"Feature","properties":{"id":"CH4_PlumeComplex-26","date":"2023-06-13T11:13:48Z","scenes":"emit20230613t111348","peak":2848.0,"download":"https://data.lpdaac.earthdatacloud.nasa.gov/lp-prod-protected/EMITL2BCH4PLM.002/EMIT_L2B_CH4PLM_002_20230613T111348_000026/EMIT_L2B_CH4PLM_002_20230613T111348_000026.tif"},"geometry":{"type":"Point","coordinates":[61.65888148965155,36.502498393280845]}},{"type":"Feature","properties":{"id":"CH4_PlumeComplex-260","date":"2023-05-30T09:37:28Z","scenes":"emit20230530t093728","peak":15545.0,"download":"https://data.lpdaac.earthdatacloud.nasa.gov/lp-prod-protected/EMITL2BCH4PLM.002/EMIT_L2B_CH4PLM_002_20230530T093728_000260/EMIT_L2B_CH4PLM_002_20230530T093728_000260.tif"},"geometry":{"type":"Point","coordinates":[51.54624498687037,30.062944982716175]}},{"type":"Feature","properties":{"id":"CH4_PlumeComplex-2600","date":"2023-10-09T06:09:56Z","scenes":"emit20231009t060956","peak":3999.0,"download":"https://data.lpdaac.earthdatacloud.nasa.gov/lp-prod-protected/EMITL2BCH4PLM.002/EMIT_L2B_CH4PLM_002_20231009T060956_002600/EMIT_L2B_CH4PLM_002_20231009T060956_002600.tif"},"geometry":{"type":"Point","coordinates":[53.59479944839895,39.4538700010362]}},{"type":"Feature","properties":{"id":"CH4_PlumeComplex-2601","date":"2023-10-09T06:09:56Z","scenes":"emit20231009t060956","peak":3151.0,"download":"https://data.lpdaac.earthdatacloud.nasa.gov/lp-prod-protected/EMITL2BCH4PLM.002/EMIT_L2B_CH4PLM_002_20231009T060956_002601/EMIT_L2B_CH4PLM_002_20231009T060956_002601.tif"},"geometry":{"type":"Point","coordinates":[53.62299553945228,39.46742581404261]}},{"type":"Feature","properties":{"id":"CH4_PlumeComplex-2602","date":"2023-10-09T06:09:56Z","scenes":"emit20231009t060956","peak":1834.0,"download":"https://data.lpdaac.earthdatacloud.nasa.gov/lp-prod-protected/EMITL2BCH4PLM.002/EMIT_L2B_CH4PLM_002_20231009T060956_002602/EMIT_L2B_CH4PLM_002_20231009T060956_002602.tif"},"geometry":{"type":"Point","coordinates":[53.64685377034356,39.47339037176543]}},{"type":"Feature","properties":{"id":"CH4_PlumeComplex-2603","date":"2023-10-09T06:09:56Z","scenes":"emit20231009t060956","peak":1822.0,"download":"https://data.lpdaac.earthdatacloud.nasa.gov/lp-prod-protected/EMITL2BCH4PLM.002/EMIT_L2B_CH4PLM_002_20231009T060956_002603/EMIT_L2B_CH4PLM_002_20231009T060956_002603.tif"},"geometry":{"type":"Point","coordinates":[53.663120745951254,39.491826277454145]}},{"type":"Feature","properties":{"id":"CH4_PlumeComplex-2604","date":"2023-10-09T06:09:56Z","scenes":"emit20231009t060956","peak":1212.0,"download":"https://data.lpdaac.earthdatacloud.nasa.gov/lp-prod-protected/EMITL2BCH4PLM.002/EMIT_L2B_CH4PLM_002_20231009T060956_002604/EMIT_L2B_CH4PLM_002_20231009T060956_002604.tif"},"geometry":{"type":"Point","coordinates":[53.71300613781484,39.45929232623876]}},{"type":"Feature","properties":{"id":"CH4_PlumeComplex-2605","date":"2023-10-09T06:09:56Z","scenes":"emit20231009t060956","peak":2364.0,"download":"https://data.lpdaac.earthdatacloud.nasa.gov/lp-prod-protected/EMITL2BCH4PLM.002/EMIT_L2B_CH4PLM_002_20231009T060956_002605/EMIT_L2B_CH4PLM_002_20231009T060956_002605.tif"},"geometry":{"type":"Point","coordinates":[53.71300613781484,39.48152385956928]}},{"type":"Feature","properties":{"id":"CH4_PlumeComplex-2606","date":"2023-10-09T06:09:56Z","scenes":"emit20231009t060956","peak":1443.0,"download":"https://data.lpdaac.earthdatacloud.nasa.gov/lp-prod-protected/EMITL2BCH4PLM.002/EMIT_L2B_CH4PLM_002_20231009T060956_002606/EMIT_L2B_CH4PLM_002_20231009T060956_002606.tif"},"geometry":{"type":"Point","coordinates":[53.749877949192275,39.46525688396159]}},{"type":"Feature","properties":{"id":"CH4_PlumeComplex-2607","date":"2023-10-09T06:09:56Z","scenes":"emit20231009t060956","peak":6293.0,"download":"https://data.lpdaac.earthdatacloud.nasa.gov/lp-prod-protected/EMITL2BCH4PLM.002/EMIT_L2B_CH4PLM_002_20231009T060956_002607/EMIT_L2B_CH4PLM_002_20231009T060956_002607.tif"},"geometry":{"type":"Point","coordinates":[53.79976334105586,39.36060600755211]}},{"type":"Feature","properties":{"id":"CH4_PlumeComplex-2608","date":"2023-10-09T06:09:56Z","scenes":"emit20231009t060956","peak":2356.0,"download":"https://data.lpdaac.earthdatacloud.nasa.gov/lp-prod-protected/EMITL2BCH4PLM.002/EMIT_L2B_CH4PLM_002_20231009T060956_002608/EMIT_L2B_CH4PLM_002_20231009T060956_002608.tif"},"geometry":{"type":"Point","coordinates":[54.02316313940148,39.33674777666083]}},{"type":"Feature","properties":{"id":"CH4_PlumeComplex-2609","date":"2023-04-03T11:18:37Z","scenes":"emit20230403t111837","peak":1632.0,"download":"https://data.lpdaac.earthdatacloud.nasa.gov/lp-prod-protected/EMITL2BCH4PLM.002/EMIT_L2B_CH4PLM_002_20230403T111837_002609/EMIT_L2B_CH4PLM_002_20230403T111837_002609.tif"},"geometry":{"type":"Point","coordinates":[5.826825576414261,31.62132124593305]}},{"type":"Feature","properties":{"id":"CH4_PlumeComplex-2610","date":"2023-04-03T11:18:37Z","scenes":"emit20230403t111837, emit20230403t111849","peak":1952.0,"download":"https://data.lpdaac.earthdatacloud.nasa.gov/lp-prod-protected/EMITL2BCH4PLM.002/EMIT_L2B_CH4PLM_002_20230403T111837_002610/EMIT_L2B_CH4PLM_002_20230403T111837_002610.tif"},"geometry":{"type":"Point","coordinates":[6.1445738332844915,31.626201338615356]}},{"type":"Feature","properties":{"id":"CH4_PlumeComplex-2611","date":"2023-04-03T11:18:49Z","scenes":"emit20230403t111849","peak":1721.0,"download":"https://data.lpdaac.earthdatacloud.nasa.gov/lp-prod-protected/EMITL2BCH4PLM.002/EMIT_L2B_CH4PLM_002_20230403T111849_002611/EMIT_L2B_CH4PLM_002_20230403T111849_002611.tif"},"geometry":{"type":"Point","coordinates":[6.217232990998845,31.782364304449192]}},{"type":"Feature","properties":{"id":"CH4_PlumeComplex-2612","date":"2023-10-18T10:14:46Z","scenes":"emit20231018t101446","peak":4885.0,"download":"https://data.lpdaac.earthdatacloud.nasa.gov/lp-prod-protected/EMITL2BCH4PLM.002/EMIT_L2B_CH4PLM_002_20231018T101446_002612/EMIT_L2B_CH4PLM_002_20231018T101446_002612.tif"},"geometry":{"type":"Point","coordinates":[52.06407704371522,28.633077826800186]}},{"type":"Feature","properties":{"id":"CH4_PlumeComplex-2613","date":"2023-12-24T17:45:33Z","scenes":"emit20231224t174533","peak":1315.0,"download":"https://data.lpdaac.earthdatacloud.nasa.gov/lp-prod-protected/EMITL2BCH4PLM.002/EMIT_L2B_CH4PLM_002_20231224T174533_002613/EMIT_L2B_CH4PLM_002_20231224T174533_002613.tif"},"geometry":{"type":"Point","coordinates":[-104.4838738795006,32.08221888815092]}},{"type":"Feature","properties":{"id":"CH4_PlumeComplex-2614","date":"2024-01-26T13:01:03Z","scenes":"emit20240126t130103","peak":1004.0,"download":"https://data.lpdaac.earthdatacloud.nasa.gov/lp-prod-protected/EMITL2BCH4PLM.002/EMIT_L2B_CH4PLM_002_20240126T130103_002614/EMIT_L2B_CH4PLM_002_20240126T130103_002614.tif"},"geometry":{"type":"Point","coordinates":[7.188913667298259,28.684589916224517]}},{"type":"Feature","properties":{"id":"CH4_PlumeComplex-2615","date":"2024-02-05T05:16:13Z","scenes":"emit20240205t051613","peak":2359.0,"download":"https://data.lpdaac.earthdatacloud.nasa.gov/lp-prod-protected/EMITL2BCH4PLM.002/EMIT_L2B_CH4PLM_002_20240205T051613_002615/EMIT_L2B_CH4PLM_002_20240205T051613_002615.tif"},"geometry":{"type":"Point","coordinates":[80.05466197186908,38.746798794621924]}},{"type":"Feature","properties":{"id":"CH4_PlumeComplex-2616","date":"2024-02-05T05:16:01Z","scenes":"emit20240205t051601","peak":2653.0,"download":"https://data.lpdaac.earthdatacloud.nasa.gov/lp-prod-protected/EMITL2BCH4PLM.002/EMIT_L2B_CH4PLM_002_20240205T051601_002616/EMIT_L2B_CH4PLM_002_20240205T051601_002616.tif"},"geometry":{"type":"Point","coordinates":[79.04122939150994,38.626965407645265]}},{"type":"Feature","properties":{"id":"CH4_PlumeComplex-2618","date":"2024-01-22T15:47:54Z","scenes":"emit20240122t154754","peak":3230.0,"download":"https://data.lpdaac.earthdatacloud.nasa.gov/lp-prod-protected/EMITL2BCH4PLM.002/EMIT_L2B_CH4PLM_002_20240122T154754_002618/EMIT_L2B_CH4PLM_002_20240122T154754_002618.tif"},"geometry":{"type":"Point","coordinates":[-71.64952584789646,-35.32650133255981]}},{"type":"Feature","properties":{"id":"CH4_PlumeComplex-262","date":"2023-06-03T07:59:14Z","scenes":"emit20230603t075914","peak":2521.0,"download":"https://data.lpdaac.earthdatacloud.nasa.gov/lp-prod-protected/EMITL2BCH4PLM.002/EMIT_L2B_CH4PLM_002_20230603T075914_000262/EMIT_L2B_CH4PLM_002_20230603T075914_000262.tif"},"geometry":{"type":"Point","coordinates":[51.94641258681961,28.9974580804124]}},{"type":"Feature","properties":{"id":"CH4_PlumeComplex-2622","date":"2023-04-29T06:44:05Z","scenes":"emit20230429t064405","peak":1440.0,"download":"https://data.lpdaac.earthdatacloud.nasa.gov/lp-prod-protected/EMITL2BCH4PLM.002/EMIT_L2B_CH4PLM_002_20230429T064405_002622/EMIT_L2B_CH4PLM_002_20230429T064405_002622.tif"},"geometry":{"type":"Point","coordinates":[47.53697773209479,29.05601919260018]}},{"type":"Feature","properties":{"id":"CH4_PlumeComplex-2626","date":"2023-04-29T05:08:35Z","scenes":"emit20230429t050835","peak":8178.0,"download":"https://data.lpdaac.earthdatacloud.nasa.gov/lp-prod-protected/EMITL2BCH4PLM.002/EMIT_L2B_CH4PLM_002_20230429T050835_002626/EMIT_L2B_CH4PLM_002_20230429T050835_002626.tif"},"geometry":{"type":"Point","coordinates":[62.479279292799475,36.100704095770844]}},{"type":"Feature","properties":{"id":"CH4_PlumeComplex-2629","date":"2024-02-01T14:24:58Z","scenes":"emit20240201t142458","peak":4350.0,"download":"https://data.lpdaac.earthdatacloud.nasa.gov/lp-prod-protected/EMITL2BCH4PLM.002/EMIT_L2B_CH4PLM_002_20240201T142458_002629/EMIT_L2B_CH4PLM_002_20240201T142458_002629.tif"},"geometry":{"type":"Point","coordinates":[-66.90390683061271,10.287724968966511]}},{"type":"Feature","properties":{"id":"CH4_PlumeComplex-263","date":"2023-06-03T07:59:26Z","scenes":"emit20230603t075926","peak":2398.0,"download":"https://data.lpdaac.earthdatacloud.nasa.gov/lp-prod-protected/EMITL2BCH4PLM.002/EMIT_L2B_CH4PLM_002_20230603T075926_000263/EMIT_L2B_CH4PLM_002_20230603T075926_000263.tif"},"geometry":{"type":"Point","coordinates":[52.70445365013801,29.427448468975697]}},{"type":"Feature","properties":{"id":"CH4_PlumeComplex-2630","date":"2024-02-01T08:23:10Z","scenes":"emit20240201t082310","peak":4732.0,"download":"https://data.lpdaac.earthdatacloud.nasa.gov/lp-prod-protected/EMITL2BCH4PLM.002/EMIT_L2B_CH4PLM_002_20240201T082310_002630/EMIT_L2B_CH4PLM_002_20240201T082310_002630.tif"},"geometry":{"type":"Point","coordinates":[53.912547705269134,37.76861132807939]}},{"type":"Feature","properties":{"id":"CH4_PlumeComplex-2631","date":"2024-02-01T08:23:10Z","scenes":"emit20240201t082310","peak":1590.0,"download":"https://data.lpdaac.earthdatacloud.nasa.gov/lp-prod-protected/EMITL2BCH4PLM.002/EMIT_L2B_CH4PLM_002_20240201T082310_002631/EMIT_L2B_CH4PLM_002_20240201T082310_002631.tif"},"geometry":{"type":"Point","coordinates":[53.89573849714118,37.76156230531606]}},{"type":"Feature","properties":{"id":"CH4_PlumeComplex-2632","date":"2024-02-01T08:23:10Z","scenes":"emit20240201t082310","peak":2441.0,"download":"https://data.lpdaac.earthdatacloud.nasa.gov/lp-prod-protected/EMITL2BCH4PLM.002/EMIT_L2B_CH4PLM_002_20240201T082310_002632/EMIT_L2B_CH4PLM_002_20240201T082310_002632.tif"},"geometry":{"type":"Point","coordinates":[53.93098361095785,37.76318900287683]}},{"type":"Feature","properties":{"id":"CH4_PlumeComplex-2633","date":"2024-02-01T08:24:18Z","scenes":"emit20240201t082418","peak":1422.0,"download":"https://data.lpdaac.earthdatacloud.nasa.gov/lp-prod-protected/EMITL2BCH4PLM.002/EMIT_L2B_CH4PLM_002_20240201T082418_002633/EMIT_L2B_CH4PLM_002_20240201T082418_002633.tif"},"geometry":{"type":"Point","coordinates":[58.45157613233516,40.259627526137166]}},{"type":"Feature","properties":{"id":"CH4_PlumeComplex-264","date":"2023-06-03T08:03:27Z","scenes":"emit20230603t080327","peak":4537.0,"download":"https://data.lpdaac.earthdatacloud.nasa.gov/lp-prod-protected/EMITL2BCH4PLM.002/EMIT_L2B_CH4PLM_002_20230603T080327_000264/EMIT_L2B_CH4PLM_002_20230603T080327_000264.tif"},"geometry":{"type":"Point","coordinates":[65.90401989073874,39.918021038375684]}},{"type":"Feature","properties":{"id":"CH4_PlumeComplex-2642","date":"2024-02-02T16:51:56Z","scenes":"emit20240202t165156","peak":4120.0,"download":"https://data.lpdaac.earthdatacloud.nasa.gov/lp-prod-protected/EMITL2BCH4PLM.002/EMIT_L2B_CH4PLM_002_20240202T165156_002642/EMIT_L2B_CH4PLM_002_20240202T165156_002642.tif"},"geometry":{"type":"Point","coordinates":[-87.26528019875961,33.39442158717131]}},{"type":"Feature","properties":{"id":"CH4_PlumeComplex-2643","date":"2024-02-02T16:51:56Z","scenes":"emit20240202t165156","peak":12953.0,"download":"https://data.lpdaac.earthdatacloud.nasa.gov/lp-prod-protected/EMITL2BCH4PLM.002/EMIT_L2B_CH4PLM_002_20240202T165156_002643/EMIT_L2B_CH4PLM_002_20240202T165156_002643.tif"},"geometry":{"type":"Point","coordinates":[-87.23979527030757,33.42153321318413]}},{"type":"Feature","properties":{"id":"CH4_PlumeComplex-2644","date":"2024-02-02T16:51:56Z","scenes":"emit20240202t165156","peak":9138.0,"download":"https://data.lpdaac.earthdatacloud.nasa.gov/lp-prod-protected/EMITL2BCH4PLM.002/EMIT_L2B_CH4PLM_002_20240202T165156_002644/EMIT_L2B_CH4PLM_002_20240202T165156_002644.tif"},"geometry":{"type":"Point","coordinates":[-87.16442494999193,33.43888465383233]}},{"type":"Feature","properties":{"id":"CH4_PlumeComplex-2681","date":"2023-04-27T17:51:26Z","scenes":"emit20230427t175126","peak":2968.0,"download":"https://data.lpdaac.earthdatacloud.nasa.gov/lp-prod-protected/EMITL2BCH4PLM.002/EMIT_L2B_CH4PLM_002_20230427T175126_002681/EMIT_L2B_CH4PLM_002_20230427T175126_002681.tif"},"geometry":{"type":"Point","coordinates":[-71.64789915033572,-16.275703965872676]}},{"type":"Feature","properties":{"id":"CH4_PlumeComplex-2682","date":"2023-10-07T09:14:07Z","scenes":"emit20231007t091407","peak":1581.0,"download":"https://data.lpdaac.earthdatacloud.nasa.gov/lp-prod-protected/EMITL2BCH4PLM.002/EMIT_L2B_CH4PLM_002_20231007T091407_002682/EMIT_L2B_CH4PLM_002_20231007T091407_002682.tif"},"geometry":{"type":"Point","coordinates":[6.773563556781881,31.18428183460636]}},{"type":"Feature","properties":{"id":"CH4_PlumeComplex-2688","date":"2024-02-14T10:56:58Z","scenes":"emit20240214t105658","peak":7734.0,"download":"https://data.lpdaac.earthdatacloud.nasa.gov/lp-prod-protected/EMITL2BCH4PLM.002/EMIT_L2B_CH4PLM_002_20240214T105658_002688/EMIT_L2B_CH4PLM_002_20240214T105658_002688.tif"},"geometry":{"type":"Point","coordinates":[51.195962778784796,31.628912501216607]}},{"type":"Feature","properties":{"id":"CH4_PlumeComplex-2689","date":"2024-02-14T10:56:58Z","scenes":"emit20240214t105658","peak":21476.0,"download":"https://data.lpdaac.earthdatacloud.nasa.gov/lp-prod-protected/EMITL2BCH4PLM.002/EMIT_L2B_CH4PLM_002_20240214T105658_002689/EMIT_L2B_CH4PLM_002_20240214T105658_002689.tif"},"geometry":{"type":"Point","coordinates":[51.19867394138608,31.633792593898917]}},{"type":"Feature","properties":{"id":"CH4_PlumeComplex-2690","date":"2024-02-14T10:57:33Z","scenes":"emit20240214t105733, emit20240214t105745","peak":22416.0,"download":"https://data.lpdaac.earthdatacloud.nasa.gov/lp-prod-protected/EMITL2BCH4PLM.002/EMIT_L2B_CH4PLM_002_20240214T105733_002690/EMIT_L2B_CH4PLM_002_20240214T105733_002690.tif"},"geometry":{"type":"Point","coordinates":[53.276508959008474,30.210432228225955]}},{"type":"Feature","properties":{"id":"CH4_PlumeComplex-2691","date":"2024-02-14T09:20:53Z","scenes":"emit20240214t092053","peak":1001.0,"download":"https://data.lpdaac.earthdatacloud.nasa.gov/lp-prod-protected/EMITL2BCH4PLM.002/EMIT_L2B_CH4PLM_002_20240214T092053_002691/EMIT_L2B_CH4PLM_002_20240214T092053_002691.tif"},"geometry":{"type":"Point","coordinates":[63.58326470404149,40.23848045784723]}},{"type":"Feature","properties":{"id":"CH4_PlumeComplex-2694","date":"2024-02-14T09:21:17Z","scenes":"emit20240214t092117","peak":1742.0,"download":"https://data.lpdaac.earthdatacloud.nasa.gov/lp-prod-protected/EMITL2BCH4PLM.002/EMIT_L2B_CH4PLM_002_20240214T092117_002694/EMIT_L2B_CH4PLM_002_20240214T092117_002694.tif"},"geometry":{"type":"Point","coordinates":[65.30376849081493,39.18926053115116]}},{"type":"Feature","properties":{"id":"CH4_PlumeComplex-2699","date":"2024-02-18T12:26:51Z","scenes":"emit20240218t122651","peak":2073.0,"download":"https://data.lpdaac.earthdatacloud.nasa.gov/lp-prod-protected/EMITL2BCH4PLM.002/EMIT_L2B_CH4PLM_002_20240218T122651_002699/EMIT_L2B_CH4PLM_002_20240218T122651_002699.tif"},"geometry":{"type":"Point","coordinates":[6.961718241310841,29.62373664130859]}},{"type":"Feature","properties":{"id":"CH4_PlumeComplex-27","date":"2023-06-13T11:13:48Z","scenes":"emit20230613t111348","peak":5655.0,"download":"https://data.lpdaac.earthdatacloud.nasa.gov/lp-prod-protected/EMITL2BCH4PLM.002/EMIT_L2B_CH4PLM_002_20230613T111348_000027/EMIT_L2B_CH4PLM_002_20230613T111348_000027.tif"},"geometry":{"type":"Point","coordinates":[61.45662875959593,36.472133372146494]}},{"type":"Feature","properties":{"id":"CH4_PlumeComplex-2702","date":"2024-02-12T21:48:20Z","scenes":"emit20240212t214820","peak":2673.0,"download":"https://data.lpdaac.earthdatacloud.nasa.gov/lp-prod-protected/EMITL2BCH4PLM.002/EMIT_L2B_CH4PLM_002_20240212T214820_002702/EMIT_L2B_CH4PLM_002_20240212T214820_002702.tif"},"geometry":{"type":"Point","coordinates":[-103.59895040644174,32.57836164418547]}},{"type":"Feature","properties":{"id":"CH4_PlumeComplex-2703","date":"2024-02-12T21:48:08Z","scenes":"emit20240212t214808","peak":3888.0,"download":"https://data.lpdaac.earthdatacloud.nasa.gov/lp-prod-protected/EMITL2BCH4PLM.002/EMIT_L2B_CH4PLM_002_20240212T214808_002703/EMIT_L2B_CH4PLM_002_20240212T214808_002703.tif"},"geometry":{"type":"Point","coordinates":[-104.05496795597736,32.61360675800214]}},{"type":"Feature","properties":{"id":"CH4_PlumeComplex-2704","date":"2024-02-12T21:48:20Z","scenes":"emit20240212t214820","peak":1355.0,"download":"https://data.lpdaac.earthdatacloud.nasa.gov/lp-prod-protected/EMITL2BCH4PLM.002/EMIT_L2B_CH4PLM_002_20240212T214820_002704/EMIT_L2B_CH4PLM_002_20240212T214820_002704.tif"},"geometry":{"type":"Point","coordinates":[-103.27469535932845,32.42816323607446]}},{"type":"Feature","properties":{"id":"CH4_PlumeComplex-2705","date":"2024-02-12T21:48:20Z","scenes":"emit20240212t214820","peak":1318.0,"download":"https://data.lpdaac.earthdatacloud.nasa.gov/lp-prod-protected/EMITL2BCH4PLM.002/EMIT_L2B_CH4PLM_002_20240212T214820_002705/EMIT_L2B_CH4PLM_002_20240212T214820_002705.tif"},"geometry":{"type":"Point","coordinates":[-103.25680168615999,32.382615704372924]}},{"type":"Feature","properties":{"id":"CH4_PlumeComplex-2706","date":"2024-02-12T21:48:32Z","scenes":"emit20240212t214832","peak":4239.0,"download":"https://data.lpdaac.earthdatacloud.nasa.gov/lp-prod-protected/EMITL2BCH4PLM.002/EMIT_L2B_CH4PLM_002_20240212T214832_002706/EMIT_L2B_CH4PLM_002_20240212T214832_002706.tif"},"geometry":{"type":"Point","coordinates":[-102.51773876105055,32.013897590598596]}},{"type":"Feature","properties":{"id":"CH4_PlumeComplex-2709","date":"2024-02-12T21:48:43Z","scenes":"emit20240212t214843, emit20240212t214855","peak":6185.0,"download":"https://data.lpdaac.earthdatacloud.nasa.gov/lp-prod-protected/EMITL2BCH4PLM.002/EMIT_L2B_CH4PLM_002_20240212T214843_002709/EMIT_L2B_CH4PLM_002_20240212T214843_002709.tif"},"geometry":{"type":"Point","coordinates":[-101.79223164894753,31.34478266060224]}},{"type":"Feature","properties":{"id":"CH4_PlumeComplex-2712","date":"2022-08-20T10:07:27Z","scenes":"emit20220820t100727, emit20220820t100739","peak":1444.0,"download":"https://data.lpdaac.earthdatacloud.nasa.gov/lp-prod-protected/EMITL2BCH4PLM.002/EMIT_L2B_CH4PLM_002_20220820T100727_002712/EMIT_L2B_CH4PLM_002_20220820T100727_002712.tif"},"geometry":{"type":"Point","coordinates":[42.126039412456485,36.941706734688466]}},{"type":"Feature","properties":{"id":"CH4_PlumeComplex-2713","date":"2022-08-20T10:09:37Z","scenes":"emit20220820t100937","peak":3883.0,"download":"https://data.lpdaac.earthdatacloud.nasa.gov/lp-prod-protected/EMITL2BCH4PLM.002/EMIT_L2B_CH4PLM_002_20220820T100937_002713/EMIT_L2B_CH4PLM_002_20220820T100937_002713.tif"},"geometry":{"type":"Point","coordinates":[48.96521819045004,31.229287133787643]}},{"type":"Feature","properties":{"id":"CH4_PlumeComplex-2715","date":"2022-08-20T10:10:39Z","scenes":"emit20220820t101039","peak":1279.0,"download":"https://data.lpdaac.earthdatacloud.nasa.gov/lp-prod-protected/EMITL2BCH4PLM.002/EMIT_L2B_CH4PLM_002_20220820T101039_002715/EMIT_L2B_CH4PLM_002_20220820T101039_002715.tif"},"geometry":{"type":"Point","coordinates":[52.040218812823916,28.644464709725547]}},{"type":"Feature","properties":{"id":"CH4_PlumeComplex-2719","date":"2022-08-21T11:00:23Z","scenes":"emit20220821t110023","peak":2793.0,"download":"https://data.lpdaac.earthdatacloud.nasa.gov/lp-prod-protected/EMITL2BCH4PLM.002/EMIT_L2B_CH4PLM_002_20220821T110023_002719/EMIT_L2B_CH4PLM_002_20220821T110023_002719.tif"},"geometry":{"type":"Point","coordinates":[45.80400259735539,15.558767298378696]}},{"type":"Feature","properties":{"id":"CH4_PlumeComplex-2720","date":"2022-08-21T11:00:23Z","scenes":"emit20220821t110023","peak":1683.0,"download":"https://data.lpdaac.earthdatacloud.nasa.gov/lp-prod-protected/EMITL2BCH4PLM.002/EMIT_L2B_CH4PLM_002_20220821T110023_002720/EMIT_L2B_CH4PLM_002_20220821T110023_002720.tif"},"geometry":{"type":"Point","coordinates":[46.04746499895051,15.585878924391514]}},{"type":"Feature","properties":{"id":"CH4_PlumeComplex-2722","date":"2024-02-13T11:45:18Z","scenes":"emit20240213t114518","peak":3933.0,"download":"https://data.lpdaac.earthdatacloud.nasa.gov/lp-prod-protected/EMITL2BCH4PLM.002/EMIT_L2B_CH4PLM_002_20240213T114518_002722/EMIT_L2B_CH4PLM_002_20240213T114518_002722.tif"},"geometry":{"type":"Point","coordinates":[47.92792737919961,29.174225882016003]}},{"type":"Feature","properties":{"id":"CH4_PlumeComplex-2733","date":"2022-08-28T06:56:26Z","scenes":"emit20220828t065626","peak":1854.0,"download":"https://data.lpdaac.earthdatacloud.nasa.gov/lp-prod-protected/EMITL2BCH4PLM.002/EMIT_L2B_CH4PLM_002_20220828T065626_002733/EMIT_L2B_CH4PLM_002_20220828T065626_002733.tif"},"geometry":{"type":"Point","coordinates":[53.41477825167383,28.481252721128392]}},{"type":"Feature","properties":{"id":"CH4_PlumeComplex-2735","date":"2024-02-15T19:34:25Z","scenes":"emit20240215t193425","peak":2905.0,"download":"https://data.lpdaac.earthdatacloud.nasa.gov/lp-prod-protected/EMITL2BCH4PLM.002/EMIT_L2B_CH4PLM_002_20240215T193425_002735/EMIT_L2B_CH4PLM_002_20240215T193425_002735.tif"},"geometry":{"type":"Point","coordinates":[-64.8857173902186,10.06540963566142]}},{"type":"Feature","properties":{"id":"CH4_PlumeComplex-2736","date":"2024-02-15T19:34:36Z","scenes":"emit20240215t193436","peak":9448.0,"download":"https://data.lpdaac.earthdatacloud.nasa.gov/lp-prod-protected/EMITL2BCH4PLM.002/EMIT_L2B_CH4PLM_002_20240215T193436_002736/EMIT_L2B_CH4PLM_002_20240215T193436_002736.tif"},"geometry":{"type":"Point","coordinates":[-64.5229638341671,9.372436474773783]}},{"type":"Feature","properties":{"id":"CH4_PlumeComplex-2739","date":"2024-02-15T19:34:36Z","scenes":"emit20240215t193436","peak":10975.0,"download":"https://data.lpdaac.earthdatacloud.nasa.gov/lp-prod-protected/EMITL2BCH4PLM.002/EMIT_L2B_CH4PLM_002_20240215T193436_002739/EMIT_L2B_CH4PLM_002_20240215T193436_002739.tif"},"geometry":{"type":"Point","coordinates":[-64.13906320982558,8.998838268317147]}},{"type":"Feature","properties":{"id":"CH4_PlumeComplex-2748","date":"2024-02-16T10:57:41Z","scenes":"emit20240216t105741","peak":2964.0,"download":"https://data.lpdaac.earthdatacloud.nasa.gov/lp-prod-protected/EMITL2BCH4PLM.002/EMIT_L2B_CH4PLM_002_20240216T105741_002748/EMIT_L2B_CH4PLM_002_20240216T105741_002748.tif"},"geometry":{"type":"Point","coordinates":[46.89334773055045,24.622183874463808]}},{"type":"Feature","properties":{"id":"CH4_PlumeComplex-275","date":"2023-07-29T20:53:42Z","scenes":"emit20230729t205342","peak":1462.0,"download":"https://data.lpdaac.earthdatacloud.nasa.gov/lp-prod-protected/EMITL2BCH4PLM.002/EMIT_L2B_CH4PLM_002_20230729T205342_000275/EMIT_L2B_CH4PLM_002_20230729T205342_000275.tif"},"geometry":{"type":"Point","coordinates":[-112.46770550775491,33.67692473022493]}},{"type":"Feature","properties":{"id":"CH4_PlumeComplex-2751","date":"2023-12-17T20:13:26Z","scenes":"emit20231217t201326, emit20231217t201338","peak":2264.0,"download":"https://data.lpdaac.earthdatacloud.nasa.gov/lp-prod-protected/EMITL2BCH4PLM.002/EMIT_L2B_CH4PLM_002_20231217T201326_002751/EMIT_L2B_CH4PLM_002_20231217T201326_002751.tif"},"geometry":{"type":"Point","coordinates":[-101.28470200998787,32.547996623051105]}},{"type":"Feature","properties":{"id":"CH4_PlumeComplex-2752","date":"2023-12-17T20:13:38Z","scenes":"emit20231217t201338","peak":2815.0,"download":"https://data.lpdaac.earthdatacloud.nasa.gov/lp-prod-protected/EMITL2BCH4PLM.002/EMIT_L2B_CH4PLM_002_20231217T201338_002752/EMIT_L2B_CH4PLM_002_20231217T201338_002752.tif"},"geometry":{"type":"Point","coordinates":[-101.26192824413711,32.569143691341104]}},{"type":"Feature","properties":{"id":"CH4_PlumeComplex-2753","date":"2023-12-20T08:35:56Z","scenes":"emit20231220t083556","peak":5224.0,"download":"https://data.lpdaac.earthdatacloud.nasa.gov/lp-prod-protected/EMITL2BCH4PLM.002/EMIT_L2B_CH4PLM_002_20231220T083556_002753/EMIT_L2B_CH4PLM_002_20231220T083556_002753.tif"},"geometry":{"type":"Point","coordinates":[67.03077906783146,25.028858264656083]}},{"type":"Feature","properties":{"id":"CH4_PlumeComplex-2754","date":"2024-02-26T17:01:04Z","scenes":"emit20240226t170104","peak":1992.0,"download":"https://data.lpdaac.earthdatacloud.nasa.gov/lp-prod-protected/EMITL2BCH4PLM.002/EMIT_L2B_CH4PLM_002_20240226T170104_002754/EMIT_L2B_CH4PLM_002_20240226T170104_002754.tif"},"geometry":{"type":"Point","coordinates":[-102.2086662245044,21.97229354797099]}},{"type":"Feature","properties":{"id":"CH4_PlumeComplex-2756","date":"2024-02-26T09:14:27Z","scenes":"emit20240226t091427","peak":1395.0,"download":"https://data.lpdaac.earthdatacloud.nasa.gov/lp-prod-protected/EMITL2BCH4PLM.002/EMIT_L2B_CH4PLM_002_20240226T091427_002756/EMIT_L2B_CH4PLM_002_20240226T091427_002756.tif"},"geometry":{"type":"Point","coordinates":[9.775362788921122,28.08433851630073]}},{"type":"Feature","properties":{"id":"CH4_PlumeComplex-2757","date":"2024-02-26T09:14:27Z","scenes":"emit20240226t091427","peak":4655.0,"download":"https://data.lpdaac.earthdatacloud.nasa.gov/lp-prod-protected/EMITL2BCH4PLM.002/EMIT_L2B_CH4PLM_002_20240226T091427_002757/EMIT_L2B_CH4PLM_002_20240226T091427_002757.tif"},"geometry":{"type":"Point","coordinates":[9.529731457244988,28.431909561785062]}},{"type":"Feature","properties":{"id":"CH4_PlumeComplex-2758","date":"2024-02-26T09:14:27Z","scenes":"emit20240226t091427","peak":966.0,"download":"https://data.lpdaac.earthdatacloud.nasa.gov/lp-prod-protected/EMITL2BCH4PLM.002/EMIT_L2B_CH4PLM_002_20240226T091427_002758/EMIT_L2B_CH4PLM_002_20240226T091427_002758.tif"},"geometry":{"type":"Point","coordinates":[9.758011348272916,28.68892777638658]}},{"type":"Feature","properties":{"id":"CH4_PlumeComplex-2759","date":"2024-02-26T09:14:15Z","scenes":"emit20240226t091415","peak":1137.0,"download":"https://data.lpdaac.earthdatacloud.nasa.gov/lp-prod-protected/EMITL2BCH4PLM.002/EMIT_L2B_CH4PLM_002_20240226T091415_002759/EMIT_L2B_CH4PLM_002_20240226T091415_002759.tif"},"geometry":{"type":"Point","coordinates":[9.255904034515522,28.746946656054007]}},{"type":"Feature","properties":{"id":"CH4_PlumeComplex-2760","date":"2024-02-26T09:14:15Z","scenes":"emit20240226t091415","peak":1967.0,"download":"https://data.lpdaac.earthdatacloud.nasa.gov/lp-prod-protected/EMITL2BCH4PLM.002/EMIT_L2B_CH4PLM_002_20240226T091415_002760/EMIT_L2B_CH4PLM_002_20240226T091415_002760.tif"},"geometry":{"type":"Point","coordinates":[9.264037522319368,28.75291121377683]}},{"type":"Feature","properties":{"id":"CH4_PlumeComplex-2761","date":"2024-02-26T09:13:16Z","scenes":"emit20240226t091316","peak":1673.0,"download":"https://data.lpdaac.earthdatacloud.nasa.gov/lp-prod-protected/EMITL2BCH4PLM.002/EMIT_L2B_CH4PLM_002_20240226T091316_002761/EMIT_L2B_CH4PLM_002_20240226T091316_002761.tif"},"geometry":{"type":"Point","coordinates":[5.999797750376038,31.780195374368127]}},{"type":"Feature","properties":{"id":"CH4_PlumeComplex-2762","date":"2024-02-26T09:13:16Z","scenes":"emit20240226t091316","peak":836.0,"download":"https://data.lpdaac.earthdatacloud.nasa.gov/lp-prod-protected/EMITL2BCH4PLM.002/EMIT_L2B_CH4PLM_002_20240226T091316_002762/EMIT_L2B_CH4PLM_002_20240226T091316_002762.tif"},"geometry":{"type":"Point","coordinates":[5.947201195911171,31.837129788995046]}},{"type":"Feature","properties":{"id":"CH4_PlumeComplex-2763","date":"2024-02-26T07:40:44Z","scenes":"emit20240226t074044","peak":3135.0,"download":"https://data.lpdaac.earthdatacloud.nasa.gov/lp-prod-protected/EMITL2BCH4PLM.002/EMIT_L2B_CH4PLM_002_20240226T074044_002763/EMIT_L2B_CH4PLM_002_20240226T074044_002763.tif"},"geometry":{"type":"Point","coordinates":[30.788499646416145,30.447387839577978]}},{"type":"Feature","properties":{"id":"CH4_PlumeComplex-2764","date":"2024-02-26T07:40:56Z","scenes":"emit20240226t074056","peak":2470.0,"download":"https://data.lpdaac.earthdatacloud.nasa.gov/lp-prod-protected/EMITL2BCH4PLM.002/EMIT_L2B_CH4PLM_002_20240226T074056_002764/EMIT_L2B_CH4PLM_002_20240226T074056_002764.tif"},"geometry":{"type":"Point","coordinates":[31.564434382903006,30.264113247731323]}},{"type":"Feature","properties":{"id":"CH4_PlumeComplex-2765","date":"2024-02-26T07:41:43Z","scenes":"emit20240226t074143","peak":1489.0,"download":"https://data.lpdaac.earthdatacloud.nasa.gov/lp-prod-protected/EMITL2BCH4PLM.002/EMIT_L2B_CH4PLM_002_20240226T074143_002765/EMIT_L2B_CH4PLM_002_20240226T074143_002765.tif"},"geometry":{"type":"Point","coordinates":[33.31150756316902,28.100063259388165]}},{"type":"Feature","properties":{"id":"CH4_PlumeComplex-2767","date":"2024-02-26T07:43:53Z","scenes":"emit20240226t074353","peak":2971.0,"download":"https://data.lpdaac.earthdatacloud.nasa.gov/lp-prod-protected/EMITL2BCH4PLM.002/EMIT_L2B_CH4PLM_002_20240226T074353_002767/EMIT_L2B_CH4PLM_002_20240226T074353_002767.tif"},"geometry":{"type":"Point","coordinates":[39.40186323068854,21.649122965898165]}},{"type":"Feature","properties":{"id":"CH4_PlumeComplex-2768","date":"2024-02-27T18:06:46Z","scenes":"emit20240227t180646","peak":2177.0,"download":"https://data.lpdaac.earthdatacloud.nasa.gov/lp-prod-protected/EMITL2BCH4PLM.002/EMIT_L2B_CH4PLM_002_20240227T180646_002768/EMIT_L2B_CH4PLM_002_20240227T180646_002768.tif"},"geometry":{"type":"Point","coordinates":[-71.65006808041673,-35.325959100039576]}},{"type":"Feature","properties":{"id":"CH4_PlumeComplex-2770","date":"2024-02-27T06:53:31Z","scenes":"emit20240227t065331","peak":2636.0,"download":"https://data.lpdaac.earthdatacloud.nasa.gov/lp-prod-protected/EMITL2BCH4PLM.002/EMIT_L2B_CH4PLM_002_20240227T065331_002770/EMIT_L2B_CH4PLM_002_20240227T065331_002770.tif"},"geometry":{"type":"Point","coordinates":[36.16202392215668,31.939611735323478]}},{"type":"Feature","properties":{"id":"CH4_PlumeComplex-2777","date":"2024-02-17T10:08:16Z","scenes":"emit20240217t100816","peak":1276.0,"download":"https://data.lpdaac.earthdatacloud.nasa.gov/lp-prod-protected/EMITL2BCH4PLM.002/EMIT_L2B_CH4PLM_002_20240217T100816_002777/EMIT_L2B_CH4PLM_002_20240217T100816_002777.tif"},"geometry":{"type":"Point","coordinates":[47.35532983780892,30.272246735535184]}},{"type":"Feature","properties":{"id":"CH4_PlumeComplex-278","date":"2023-07-29T13:10:41Z","scenes":"emit20230729t131041","peak":1890.0,"download":"https://data.lpdaac.earthdatacloud.nasa.gov/lp-prod-protected/EMITL2BCH4PLM.002/EMIT_L2B_CH4PLM_002_20230729T131041_000278/EMIT_L2B_CH4PLM_002_20230729T131041_000278.tif"},"geometry":{"type":"Point","coordinates":[10.068168349859572,36.732404981869536]}},{"type":"Feature","properties":{"id":"CH4_PlumeComplex-2781","date":"2024-02-17T05:26:44Z","scenes":"emit20240217t052644","peak":4352.0,"download":"https://data.lpdaac.earthdatacloud.nasa.gov/lp-prod-protected/EMITL2BCH4PLM.002/EMIT_L2B_CH4PLM_002_20240217T052644_002781/EMIT_L2B_CH4PLM_002_20240217T052644_002781.tif"},"geometry":{"type":"Point","coordinates":[109.92462481523143,37.889529180096645]}},{"type":"Feature","properties":{"id":"CH4_PlumeComplex-2783","date":"2024-02-17T05:27:07Z","scenes":"emit20240217t052707","peak":6071.0,"download":"https://data.lpdaac.earthdatacloud.nasa.gov/lp-prod-protected/EMITL2BCH4PLM.002/EMIT_L2B_CH4PLM_002_20240217T052707_002783/EMIT_L2B_CH4PLM_002_20240217T052707_002783.tif"},"geometry":{"type":"Point","coordinates":[110.59428197774804,36.510631881084706]}},{"type":"Feature","properties":{"id":"CH4_PlumeComplex-2785","date":"2024-02-17T05:27:31Z","scenes":"emit20240217t052731","peak":24290.0,"download":"https://data.lpdaac.earthdatacloud.nasa.gov/lp-prod-protected/EMITL2BCH4PLM.002/EMIT_L2B_CH4PLM_002_20240217T052731_002785/EMIT_L2B_CH4PLM_002_20240217T052731_002785.tif"},"geometry":{"type":"Point","coordinates":[112.529509842543,35.61106812997939]}},{"type":"Feature","properties":{"id":"CH4_PlumeComplex-2789","date":"2024-02-17T05:27:31Z","scenes":"emit20240217t052731","peak":5536.0,"download":"https://data.lpdaac.earthdatacloud.nasa.gov/lp-prod-protected/EMITL2BCH4PLM.002/EMIT_L2B_CH4PLM_002_20240217T052731_002789/EMIT_L2B_CH4PLM_002_20240217T052731_002789.tif"},"geometry":{"type":"Point","coordinates":[112.48613124092249,35.59425892185144]}},{"type":"Feature","properties":{"id":"CH4_PlumeComplex-2790","date":"2024-02-17T05:27:31Z","scenes":"emit20240217t052731","peak":6375.0,"download":"https://data.lpdaac.earthdatacloud.nasa.gov/lp-prod-protected/EMITL2BCH4PLM.002/EMIT_L2B_CH4PLM_002_20240217T052731_002790/EMIT_L2B_CH4PLM_002_20240217T052731_002790.tif"},"geometry":{"type":"Point","coordinates":[112.63090732383094,35.54816915762966]}},{"type":"Feature","properties":{"id":"CH4_PlumeComplex-2794","date":"2024-02-28T04:35:21Z","scenes":"emit20240228t043521","peak":6661.0,"download":"https://data.lpdaac.earthdatacloud.nasa.gov/lp-prod-protected/EMITL2BCH4PLM.002/EMIT_L2B_CH4PLM_002_20240228T043521_002794/EMIT_L2B_CH4PLM_002_20240228T043521_002794.tif"},"geometry":{"type":"Point","coordinates":[69.80755180406432,27.968300756965913]}},{"type":"Feature","properties":{"id":"CH4_PlumeComplex-2797","date":"2024-02-28T04:35:57Z","scenes":"emit20240228t043557","peak":3951.0,"download":"https://data.lpdaac.earthdatacloud.nasa.gov/lp-prod-protected/EMITL2BCH4PLM.002/EMIT_L2B_CH4PLM_002_20240228T043557_002797/EMIT_L2B_CH4PLM_002_20240228T043557_002797.tif"},"geometry":{"type":"Point","coordinates":[71.57251865749879,25.902394854789154]}},{"type":"Feature","properties":{"id":"CH4_PlumeComplex-2798","date":"2024-02-28T03:02:50Z","scenes":"emit20240228t030250","peak":2271.0,"download":"https://data.lpdaac.earthdatacloud.nasa.gov/lp-prod-protected/EMITL2BCH4PLM.002/EMIT_L2B_CH4PLM_002_20240228T030250_002798/EMIT_L2B_CH4PLM_002_20240228T030250_002798.tif"},"geometry":{"type":"Point","coordinates":[94.6873487635074,26.795451815651383]}},{"type":"Feature","properties":{"id":"CH4_PlumeComplex-28","date":"2023-06-13T11:13:48Z","scenes":"emit20230613t111348","peak":1897.0,"download":"https://data.lpdaac.earthdatacloud.nasa.gov/lp-prod-protected/EMITL2BCH4PLM.002/EMIT_L2B_CH4PLM_002_20230613T111348_000028/EMIT_L2B_CH4PLM_002_20230613T111348_000028.tif"},"geometry":{"type":"Point","coordinates":[61.363364766111836,36.392425191668806]}},{"type":"Feature","properties":{"id":"CH4_PlumeComplex-280","date":"2023-07-29T13:08:54Z","scenes":"emit20230729t130854","peak":1245.0,"download":"https://data.lpdaac.earthdatacloud.nasa.gov/lp-prod-protected/EMITL2BCH4PLM.002/EMIT_L2B_CH4PLM_002_20230729T130854_000280/EMIT_L2B_CH4PLM_002_20230729T130854_000280.tif"},"geometry":{"type":"Point","coordinates":[3.6036722433631647,32.19012315968195]}},{"type":"Feature","properties":{"id":"CH4_PlumeComplex-2806","date":"2023-04-26T07:33:16Z","scenes":"emit20230426t073316","peak":2112.0,"download":"https://data.lpdaac.earthdatacloud.nasa.gov/lp-prod-protected/EMITL2BCH4PLM.002/EMIT_L2B_CH4PLM_002_20230426T073316_002806/EMIT_L2B_CH4PLM_002_20230426T073316_002806.tif"},"geometry":{"type":"Point","coordinates":[49.39954643917534,31.034625659015646]}},{"type":"Feature","properties":{"id":"CH4_PlumeComplex-2807","date":"2024-02-23T16:10:50Z","scenes":"emit20240223t161050","peak":10349.0,"download":"https://data.lpdaac.earthdatacloud.nasa.gov/lp-prod-protected/EMITL2BCH4PLM.002/EMIT_L2B_CH4PLM_002_20240223T161050_002807/EMIT_L2B_CH4PLM_002_20240223T161050_002807.tif"},"geometry":{"type":"Point","coordinates":[-87.448012558086,35.848023741331374]}},{"type":"Feature","properties":{"id":"CH4_PlumeComplex-2812","date":"2024-02-24T16:58:01Z","scenes":"emit20240224t165801","peak":4307.0,"download":"https://data.lpdaac.earthdatacloud.nasa.gov/lp-prod-protected/EMITL2BCH4PLM.002/EMIT_L2B_CH4PLM_002_20240224T165801_002812/EMIT_L2B_CH4PLM_002_20240224T165801_002812.tif"},"geometry":{"type":"Point","coordinates":[-101.52274208638028,32.51546267183579]}},{"type":"Feature","properties":{"id":"CH4_PlumeComplex-2815","date":"2024-02-24T09:14:58Z","scenes":"emit20240224t091458","peak":1566.0,"download":"https://data.lpdaac.earthdatacloud.nasa.gov/lp-prod-protected/EMITL2BCH4PLM.002/EMIT_L2B_CH4PLM_002_20240224T091458_002815/EMIT_L2B_CH4PLM_002_20240224T091458_002815.tif"},"geometry":{"type":"Point","coordinates":[20.784851880206396,29.04354784463421]}},{"type":"Feature","properties":{"id":"CH4_PlumeComplex-2818","date":"2024-02-24T06:09:41Z","scenes":"emit20240224t060941","peak":10407.0,"download":"https://data.lpdaac.earthdatacloud.nasa.gov/lp-prod-protected/EMITL2BCH4PLM.002/EMIT_L2B_CH4PLM_002_20240224T060941_002818/EMIT_L2B_CH4PLM_002_20240224T060941_002818.tif"},"geometry":{"type":"Point","coordinates":[69.81080519918582,27.967216291925315]}},{"type":"Feature","properties":{"id":"CH4_PlumeComplex-2820","date":"2024-02-24T06:09:41Z","scenes":"emit20240224t060941","peak":1924.0,"download":"https://data.lpdaac.earthdatacloud.nasa.gov/lp-prod-protected/EMITL2BCH4PLM.002/EMIT_L2B_CH4PLM_002_20240224T060941_002820/EMIT_L2B_CH4PLM_002_20240224T060941_002820.tif"},"geometry":{"type":"Point","coordinates":[69.67199367400019,27.97968763989121]}},{"type":"Feature","properties":{"id":"CH4_PlumeComplex-2823","date":"2024-02-24T06:10:16Z","scenes":"emit20240224t061016","peak":6299.0,"download":"https://data.lpdaac.earthdatacloud.nasa.gov/lp-prod-protected/EMITL2BCH4PLM.002/EMIT_L2B_CH4PLM_002_20240224T061016_002823/EMIT_L2B_CH4PLM_002_20240224T061016_002823.tif"},"geometry":{"type":"Point","coordinates":[71.57251865749876,25.90239485478907]}},{"type":"Feature","properties":{"id":"CH4_PlumeComplex-2825","date":"2024-02-25T16:09:27Z","scenes":"emit20240225t160927","peak":2887.0,"download":"https://data.lpdaac.earthdatacloud.nasa.gov/lp-prod-protected/EMITL2BCH4PLM.002/EMIT_L2B_CH4PLM_002_20240225T160927_002825/EMIT_L2B_CH4PLM_002_20240225T160927_002825.tif"},"geometry":{"type":"Point","coordinates":[-101.5070173432935,37.24806810863332]}},{"type":"Feature","properties":{"id":"CH4_PlumeComplex-2826","date":"2024-02-25T16:09:27Z","scenes":"emit20240225t160927","peak":1680.0,"download":"https://data.lpdaac.earthdatacloud.nasa.gov/lp-prod-protected/EMITL2BCH4PLM.002/EMIT_L2B_CH4PLM_002_20240225T160927_002826/EMIT_L2B_CH4PLM_002_20240225T160927_002826.tif"},"geometry":{"type":"Point","coordinates":[-101.56883185060272,37.07238477207025]}},{"type":"Feature","properties":{"id":"CH4_PlumeComplex-2832","date":"2024-02-25T02:13:02Z","scenes":"emit20240225t021302","peak":7527.0,"download":"https://data.lpdaac.earthdatacloud.nasa.gov/lp-prod-protected/EMITL2BCH4PLM.002/EMIT_L2B_CH4PLM_002_20240225T021302_002832/EMIT_L2B_CH4PLM_002_20240225T021302_002832.tif"},"geometry":{"type":"Point","coordinates":[110.0824144786261,38.40465007434014]}},{"type":"Feature","properties":{"id":"CH4_PlumeComplex-2833","date":"2024-02-25T02:13:14Z","scenes":"emit20240225t021314","peak":5549.0,"download":"https://data.lpdaac.earthdatacloud.nasa.gov/lp-prod-protected/EMITL2BCH4PLM.002/EMIT_L2B_CH4PLM_002_20240225T021314_002833/EMIT_L2B_CH4PLM_002_20240225T021314_002833.tif"},"geometry":{"type":"Point","coordinates":[110.60729555823427,38.16606776542734]}},{"type":"Feature","properties":{"id":"CH4_PlumeComplex-2835","date":"2023-04-25T06:46:16Z","scenes":"emit20230425t064616","peak":2413.0,"download":"https://data.lpdaac.earthdatacloud.nasa.gov/lp-prod-protected/EMITL2BCH4PLM.002/EMIT_L2B_CH4PLM_002_20230425T064616_002835/EMIT_L2B_CH4PLM_002_20230425T064616_002835.tif"},"geometry":{"type":"Point","coordinates":[61.327035187254694,36.40001644695236]}},{"type":"Feature","properties":{"id":"CH4_PlumeComplex-2839","date":"2023-04-25T06:46:28Z","scenes":"emit20230425t064628","peak":2136.0,"download":"https://data.lpdaac.earthdatacloud.nasa.gov/lp-prod-protected/EMITL2BCH4PLM.002/EMIT_L2B_CH4PLM_002_20230425T064628_002839/EMIT_L2B_CH4PLM_002_20230425T064628_002839.tif"},"geometry":{"type":"Point","coordinates":[61.58730679697775,36.20372827461956]}},{"type":"Feature","properties":{"id":"CH4_PlumeComplex-2840","date":"2023-04-25T06:46:28Z","scenes":"emit20230425t064628","peak":1007.0,"download":"https://data.lpdaac.earthdatacloud.nasa.gov/lp-prod-protected/EMITL2BCH4PLM.002/EMIT_L2B_CH4PLM_002_20230425T064628_002840/EMIT_L2B_CH4PLM_002_20230425T064628_002840.tif"},"geometry":{"type":"Point","coordinates":[61.58730679697776,36.01882698521213]}},{"type":"Feature","properties":{"id":"CH4_PlumeComplex-2841","date":"2023-04-25T06:46:28Z","scenes":"emit20230425t064628","peak":1216.0,"download":"https://data.lpdaac.earthdatacloud.nasa.gov/lp-prod-protected/EMITL2BCH4PLM.002/EMIT_L2B_CH4PLM_002_20230425T064628_002841/EMIT_L2B_CH4PLM_002_20230425T064628_002841.tif"},"geometry":{"type":"Point","coordinates":[61.598693679903135,35.996053219361364]}},{"type":"Feature","properties":{"id":"CH4_PlumeComplex-2844","date":"2023-04-25T03:40:40Z","scenes":"emit20230425t034040","peak":1654.0,"download":"https://data.lpdaac.earthdatacloud.nasa.gov/lp-prod-protected/EMITL2BCH4PLM.002/EMIT_L2B_CH4PLM_002_20230425T034040_002844/EMIT_L2B_CH4PLM_002_20230425T034040_002844.tif"},"geometry":{"type":"Point","coordinates":[108.1786361000058,35.8816421575873]}},{"type":"Feature","properties":{"id":"CH4_PlumeComplex-2845","date":"2024-02-25T02:13:02Z","scenes":"emit20240225t021302","peak":3134.0,"download":"https://data.lpdaac.earthdatacloud.nasa.gov/lp-prod-protected/EMITL2BCH4PLM.002/EMIT_L2B_CH4PLM_002_20240225T021302_002845/EMIT_L2B_CH4PLM_002_20240225T021302_002845.tif"},"geometry":{"type":"Point","coordinates":[109.55699116649768,38.410614632062966]}},{"type":"Feature","properties":{"id":"CH4_PlumeComplex-2846","date":"2024-02-25T02:13:02Z","scenes":"emit20240225t021302","peak":12868.0,"download":"https://data.lpdaac.earthdatacloud.nasa.gov/lp-prod-protected/EMITL2BCH4PLM.002/EMIT_L2B_CH4PLM_002_20240225T021302_002846/EMIT_L2B_CH4PLM_002_20240225T021302_002846.tif"},"geometry":{"type":"Point","coordinates":[109.77225747703946,38.06683921422043]}},{"type":"Feature","properties":{"id":"CH4_PlumeComplex-2847","date":"2024-02-25T02:13:02Z","scenes":"emit20240225t021302","peak":2667.0,"download":"https://data.lpdaac.earthdatacloud.nasa.gov/lp-prod-protected/EMITL2BCH4PLM.002/EMIT_L2B_CH4PLM_002_20240225T021302_002847/EMIT_L2B_CH4PLM_002_20240225T021302_002847.tif"},"geometry":{"type":"Point","coordinates":[110.00324853066867,38.24143808574298]}},{"type":"Feature","properties":{"id":"CH4_PlumeComplex-2848","date":"2024-02-25T02:13:26Z","scenes":"emit20240225t021326","peak":7679.0,"download":"https://data.lpdaac.earthdatacloud.nasa.gov/lp-prod-protected/EMITL2BCH4PLM.002/EMIT_L2B_CH4PLM_002_20240225T021326_002848/EMIT_L2B_CH4PLM_002_20240225T021326_002848.tif"},"geometry":{"type":"Point","coordinates":[110.96516902160346,37.33916317203638]}},{"type":"Feature","properties":{"id":"CH4_PlumeComplex-2849","date":"2024-02-25T02:13:26Z","scenes":"emit20240225t021326","peak":9384.0,"download":"https://data.lpdaac.earthdatacloud.nasa.gov/lp-prod-protected/EMITL2BCH4PLM.002/EMIT_L2B_CH4PLM_002_20240225T021326_002849/EMIT_L2B_CH4PLM_002_20240225T021326_002849.tif"},"geometry":{"type":"Point","coordinates":[110.84696233218757,37.4855659525056]}},{"type":"Feature","properties":{"id":"CH4_PlumeComplex-2850","date":"2024-02-25T02:13:26Z","scenes":"emit20240225t021326","peak":3036.0,"download":"https://data.lpdaac.earthdatacloud.nasa.gov/lp-prod-protected/EMITL2BCH4PLM.002/EMIT_L2B_CH4PLM_002_20240225T021326_002850/EMIT_L2B_CH4PLM_002_20240225T021326_002850.tif"},"geometry":{"type":"Point","coordinates":[111.09422036142448,37.79897634921378]}},{"type":"Feature","properties":{"id":"CH4_PlumeComplex-2852","date":"2024-02-25T02:13:26Z","scenes":"emit20240225t021326","peak":4183.0,"download":"https://data.lpdaac.earthdatacloud.nasa.gov/lp-prod-protected/EMITL2BCH4PLM.002/EMIT_L2B_CH4PLM_002_20240225T021326_002852/EMIT_L2B_CH4PLM_002_20240225T021326_002852.tif"},"geometry":{"type":"Point","coordinates":[110.83123758910014,37.59780808419867]}},{"type":"Feature","properties":{"id":"CH4_PlumeComplex-2854","date":"2024-02-25T02:13:26Z","scenes":"emit20240225t021326","peak":2783.0,"download":"https://data.lpdaac.earthdatacloud.nasa.gov/lp-prod-protected/EMITL2BCH4PLM.002/EMIT_L2B_CH4PLM_002_20240225T021326_002854/EMIT_L2B_CH4PLM_002_20240225T021326_002854.tif"},"geometry":{"type":"Point","coordinates":[110.89196763136884,37.64227115085969]}},{"type":"Feature","properties":{"id":"CH4_PlumeComplex-2856","date":"2024-02-25T02:13:26Z","scenes":"emit20240225t021326","peak":5025.0,"download":"https://data.lpdaac.earthdatacloud.nasa.gov/lp-prod-protected/EMITL2BCH4PLM.002/EMIT_L2B_CH4PLM_002_20240225T021326_002856/EMIT_L2B_CH4PLM_002_20240225T021326_002856.tif"},"geometry":{"type":"Point","coordinates":[111.16091496141601,37.44760967608766]}},{"type":"Feature","properties":{"id":"CH4_PlumeComplex-2857","date":"2023-04-24T18:25:45Z","scenes":"emit20230424t182545","peak":4410.0,"download":"https://data.lpdaac.earthdatacloud.nasa.gov/lp-prod-protected/EMITL2BCH4PLM.002/EMIT_L2B_CH4PLM_002_20230424T182545_002857/EMIT_L2B_CH4PLM_002_20230424T182545_002857.tif"},"geometry":{"type":"Point","coordinates":[-103.57617664059181,31.12572072241866]}},{"type":"Feature","properties":{"id":"CH4_PlumeComplex-2858","date":"2024-02-25T02:13:26Z","scenes":"emit20240225t021326","peak":3254.0,"download":"https://data.lpdaac.earthdatacloud.nasa.gov/lp-prod-protected/EMITL2BCH4PLM.002/EMIT_L2B_CH4PLM_002_20240225T021326_002858/EMIT_L2B_CH4PLM_002_20240225T021326_002858.tif"},"geometry":{"type":"Point","coordinates":[111.17067514678062,37.41128009723048]}},{"type":"Feature","properties":{"id":"CH4_PlumeComplex-2859","date":"2024-02-25T02:13:38Z","scenes":"emit20240225t021338","peak":6731.0,"download":"https://data.lpdaac.earthdatacloud.nasa.gov/lp-prod-protected/EMITL2BCH4PLM.002/EMIT_L2B_CH4PLM_002_20240225T021338_002859/EMIT_L2B_CH4PLM_002_20240225T021338_002859.tif"},"geometry":{"type":"Point","coordinates":[111.7004363190711,36.97966301110641]}},{"type":"Feature","properties":{"id":"CH4_PlumeComplex-2863","date":"2024-02-25T02:13:49Z","scenes":"emit20240225t021349","peak":4346.0,"download":"https://data.lpdaac.earthdatacloud.nasa.gov/lp-prod-protected/EMITL2BCH4PLM.002/EMIT_L2B_CH4PLM_002_20240225T021349_002863/EMIT_L2B_CH4PLM_002_20240225T021349_002863.tif"},"geometry":{"type":"Point","coordinates":[112.28496297590746,36.83759809079925]}},{"type":"Feature","properties":{"id":"CH4_PlumeComplex-2865","date":"2024-02-25T02:13:49Z","scenes":"emit20240225t021349","peak":4044.0,"download":"https://data.lpdaac.earthdatacloud.nasa.gov/lp-prod-protected/EMITL2BCH4PLM.002/EMIT_L2B_CH4PLM_002_20240225T021349_002865/EMIT_L2B_CH4PLM_002_20240225T021349_002865.tif"},"geometry":{"type":"Point","coordinates":[112.2583935824149,36.78445930381412]}},{"type":"Feature","properties":{"id":"CH4_PlumeComplex-2866","date":"2024-02-25T02:13:49Z","scenes":"emit20240225t021349","peak":6777.0,"download":"https://data.lpdaac.earthdatacloud.nasa.gov/lp-prod-protected/EMITL2BCH4PLM.002/EMIT_L2B_CH4PLM_002_20240225T021349_002866/EMIT_L2B_CH4PLM_002_20240225T021349_002866.tif"},"geometry":{"type":"Point","coordinates":[112.58535979212948,36.70800451845797]}},{"type":"Feature","properties":{"id":"CH4_PlumeComplex-2867","date":"2024-02-25T02:13:49Z","scenes":"emit20240225t021349","peak":2541.0,"download":"https://data.lpdaac.earthdatacloud.nasa.gov/lp-prod-protected/EMITL2BCH4PLM.002/EMIT_L2B_CH4PLM_002_20240225T021349_002867/EMIT_L2B_CH4PLM_002_20240225T021349_002867.tif"},"geometry":{"type":"Point","coordinates":[111.98944625236774,36.35067328760903]}},{"type":"Feature","properties":{"id":"CH4_PlumeComplex-2871","date":"2024-02-25T02:14:01Z","scenes":"emit20240225t021401","peak":9670.0,"download":"https://data.lpdaac.earthdatacloud.nasa.gov/lp-prod-protected/EMITL2BCH4PLM.002/EMIT_L2B_CH4PLM_002_20240225T021401_002871/EMIT_L2B_CH4PLM_002_20240225T021401_002871.tif"},"geometry":{"type":"Point","coordinates":[112.94648665062022,36.233008830713395]}},{"type":"Feature","properties":{"id":"CH4_PlumeComplex-2872","date":"2024-02-25T02:13:49Z","scenes":"emit20240225t021349","peak":6846.0,"download":"https://data.lpdaac.earthdatacloud.nasa.gov/lp-prod-protected/EMITL2BCH4PLM.002/EMIT_L2B_CH4PLM_002_20240225T021349_002872/EMIT_L2B_CH4PLM_002_20240225T021349_002872.tif"},"geometry":{"type":"Point","coordinates":[112.8548493546969,36.32681505671775]}},{"type":"Feature","properties":{"id":"CH4_PlumeComplex-2873","date":"2024-02-25T02:13:49Z","scenes":"emit20240225t021349","peak":5912.0,"download":"https://data.lpdaac.earthdatacloud.nasa.gov/lp-prod-protected/EMITL2BCH4PLM.002/EMIT_L2B_CH4PLM_002_20240225T021349_002873/EMIT_L2B_CH4PLM_002_20240225T021349_002873.tif"},"geometry":{"type":"Point","coordinates":[112.87708088802741,36.389714029067484]}},{"type":"Feature","properties":{"id":"CH4_PlumeComplex-2874","date":"2024-02-25T02:13:49Z","scenes":"emit20240225t021349, emit20240225t021401","peak":5873.0,"download":"https://data.lpdaac.earthdatacloud.nasa.gov/lp-prod-protected/EMITL2BCH4PLM.002/EMIT_L2B_CH4PLM_002_20240225T021349_002874/EMIT_L2B_CH4PLM_002_20240225T021349_002874.tif"},"geometry":{"type":"Point","coordinates":[112.93726869777586,36.414656724999276]}},{"type":"Feature","properties":{"id":"CH4_PlumeComplex-2875","date":"2024-02-25T02:13:49Z","scenes":"emit20240225t021349, emit20240225t021401","peak":5877.0,"download":"https://data.lpdaac.earthdatacloud.nasa.gov/lp-prod-protected/EMITL2BCH4PLM.002/EMIT_L2B_CH4PLM_002_20240225T021349_002875/EMIT_L2B_CH4PLM_002_20240225T021349_002875.tif"},"geometry":{"type":"Point","coordinates":[112.92913520997203,36.36043347297364]}},{"type":"Feature","properties":{"id":"CH4_PlumeComplex-2877","date":"2024-02-25T02:14:01Z","scenes":"emit20240225t021401","peak":5535.0,"download":"https://data.lpdaac.earthdatacloud.nasa.gov/lp-prod-protected/EMITL2BCH4PLM.002/EMIT_L2B_CH4PLM_002_20240225T021401_002877/EMIT_L2B_CH4PLM_002_20240225T021401_002877.tif"},"geometry":{"type":"Point","coordinates":[112.92100172216817,36.25686706160467]}},{"type":"Feature","properties":{"id":"CH4_PlumeComplex-2878","date":"2024-02-25T02:14:01Z","scenes":"emit20240225t021401","peak":4753.0,"download":"https://data.lpdaac.earthdatacloud.nasa.gov/lp-prod-protected/EMITL2BCH4PLM.002/EMIT_L2B_CH4PLM_002_20240225T021401_002878/EMIT_L2B_CH4PLM_002_20240225T021401_002878.tif"},"geometry":{"type":"Point","coordinates":[112.83099112380562,36.0117779624488]}},{"type":"Feature","properties":{"id":"CH4_PlumeComplex-2881","date":"2024-02-25T04:11:08Z","scenes":"emit20240225t041108","peak":10322.0,"download":"https://data.lpdaac.earthdatacloud.nasa.gov/lp-prod-protected/EMITL2BCH4PLM.002/EMIT_L2B_CH4PLM_002_20240225T041108_002881/EMIT_L2B_CH4PLM_002_20240225T041108_002881.tif"},"geometry":{"type":"Point","coordinates":[150.60399294990447,-34.244747454648376]}},{"type":"Feature","properties":{"id":"CH4_PlumeComplex-2884","date":"2024-02-25T04:11:08Z","scenes":"emit20240225t041108","peak":7971.0,"download":"https://data.lpdaac.earthdatacloud.nasa.gov/lp-prod-protected/EMITL2BCH4PLM.002/EMIT_L2B_CH4PLM_002_20240225T041108_002884/EMIT_L2B_CH4PLM_002_20240225T041108_002884.tif"},"geometry":{"type":"Point","coordinates":[150.72111517427984,-34.182390714818894]}},{"type":"Feature","properties":{"id":"CH4_PlumeComplex-2885","date":"2024-03-03T06:10:34Z","scenes":"emit20240303t061034","peak":2187.0,"download":"https://data.lpdaac.earthdatacloud.nasa.gov/lp-prod-protected/EMITL2BCH4PLM.002/EMIT_L2B_CH4PLM_002_20240303T061034_002885/EMIT_L2B_CH4PLM_002_20240303T061034_002885.tif"},"geometry":{"type":"Point","coordinates":[34.25553438093534,14.667879267597414]}},{"type":"Feature","properties":{"id":"CH4_PlumeComplex-2889","date":"2024-03-05T12:33:25Z","scenes":"emit20240305t123325","peak":11076.0,"download":"https://data.lpdaac.earthdatacloud.nasa.gov/lp-prod-protected/EMITL2BCH4PLM.002/EMIT_L2B_CH4PLM_002_20240305T123325_002889/EMIT_L2B_CH4PLM_002_20240305T123325_002889.tif"},"geometry":{"type":"Point","coordinates":[-43.75708500590891,-22.790085464232657]}},{"type":"Feature","properties":{"id":"CH4_PlumeComplex-289","date":"2023-07-29T10:02:52Z","scenes":"emit20230729t100252","peak":2335.0,"download":"https://data.lpdaac.earthdatacloud.nasa.gov/lp-prod-protected/EMITL2BCH4PLM.002/EMIT_L2B_CH4PLM_002_20230729T100252_000289/EMIT_L2B_CH4PLM_002_20230729T100252_000289.tif"},"geometry":{"type":"Point","coordinates":[49.84526157082617,30.73802447043535]}},{"type":"Feature","properties":{"id":"CH4_PlumeComplex-29","date":"2023-06-13T11:13:48Z","scenes":"emit20230613t111348","peak":2079.0,"download":"https://data.lpdaac.earthdatacloud.nasa.gov/lp-prod-protected/EMITL2BCH4PLM.002/EMIT_L2B_CH4PLM_002_20230613T111348_000029/EMIT_L2B_CH4PLM_002_20230613T111348_000029.tif"},"geometry":{"type":"Point","coordinates":[61.47777582788592,36.42658584044496]}},{"type":"Feature","properties":{"id":"CH4_PlumeComplex-290","date":"2023-07-29T10:02:52Z","scenes":"emit20230729t100252","peak":1854.0,"download":"https://data.lpdaac.earthdatacloud.nasa.gov/lp-prod-protected/EMITL2BCH4PLM.002/EMIT_L2B_CH4PLM_002_20230729T100252_000290/EMIT_L2B_CH4PLM_002_20230729T100252_000290.tif"},"geometry":{"type":"Point","coordinates":[49.87725328952129,30.75591814360381]}},{"type":"Feature","properties":{"id":"CH4_PlumeComplex-2900","date":"2024-03-02T16:32:57Z","scenes":"emit20240302t163257","peak":3844.0,"download":"https://data.lpdaac.earthdatacloud.nasa.gov/lp-prod-protected/EMITL2BCH4PLM.002/EMIT_L2B_CH4PLM_002_20240302T163257_002900/EMIT_L2B_CH4PLM_002_20240302T163257_002900.tif"},"geometry":{"type":"Point","coordinates":[-68.11308535078446,-38.1938268996755]}},{"type":"Feature","properties":{"id":"CH4_PlumeComplex-2901","date":"2023-08-20T05:28:22Z","scenes":"emit20230820t052822","peak":10796.0,"download":"https://data.lpdaac.earthdatacloud.nasa.gov/lp-prod-protected/EMITL2BCH4PLM.002/EMIT_L2B_CH4PLM_002_20230820T052822_002901/EMIT_L2B_CH4PLM_002_20230820T052822_002901.tif"},"geometry":{"type":"Point","coordinates":[93.52534447259801,42.69696270468956]}},{"type":"Feature","properties":{"id":"CH4_PlumeComplex-2902","date":"2023-08-21T18:41:29Z","scenes":"emit20230821t184129","peak":2371.0,"download":"https://data.lpdaac.earthdatacloud.nasa.gov/lp-prod-protected/EMITL2BCH4PLM.002/EMIT_L2B_CH4PLM_002_20230821T184129_002902/EMIT_L2B_CH4PLM_002_20230821T184129_002902.tif"},"geometry":{"type":"Point","coordinates":[-96.6919925634165,32.541489832808104]}},{"type":"Feature","properties":{"id":"CH4_PlumeComplex-2903","date":"2023-08-21T18:41:29Z","scenes":"emit20230821t184129","peak":1846.0,"download":"https://data.lpdaac.earthdatacloud.nasa.gov/lp-prod-protected/EMITL2BCH4PLM.002/EMIT_L2B_CH4PLM_002_20230821T184129_002903/EMIT_L2B_CH4PLM_002_20230821T184129_002903.tif"},"geometry":{"type":"Point","coordinates":[-96.71205516666599,32.68301252059502]}},{"type":"Feature","properties":{"id":"CH4_PlumeComplex-2904","date":"2023-08-21T09:25:16Z","scenes":"emit20230821t092516, emit20230821t092528","peak":1949.0,"download":"https://data.lpdaac.earthdatacloud.nasa.gov/lp-prod-protected/EMITL2BCH4PLM.002/EMIT_L2B_CH4PLM_002_20230821T092516_002904/EMIT_L2B_CH4PLM_002_20230821T092516_002904.tif"},"geometry":{"type":"Point","coordinates":[47.725132416623744,30.278753525778225]}},{"type":"Feature","properties":{"id":"CH4_PlumeComplex-2905","date":"2023-08-22T17:52:29Z","scenes":"emit20230822t175229","peak":6218.0,"download":"https://data.lpdaac.earthdatacloud.nasa.gov/lp-prod-protected/EMITL2BCH4PLM.002/EMIT_L2B_CH4PLM_002_20230822T175229_002905/EMIT_L2B_CH4PLM_002_20230822T175229_002905.tif"},"geometry":{"type":"Point","coordinates":[-97.70596737629594,38.00394024187076]}},{"type":"Feature","properties":{"id":"CH4_PlumeComplex-2906","date":"2023-08-22T19:25:19Z","scenes":"emit20230822t192519","peak":2124.0,"download":"https://data.lpdaac.earthdatacloud.nasa.gov/lp-prod-protected/EMITL2BCH4PLM.002/EMIT_L2B_CH4PLM_002_20230822T192519_002906/EMIT_L2B_CH4PLM_002_20230822T192519_002906.tif"},"geometry":{"type":"Point","coordinates":[-121.8282655049411,38.31247054589655]}},{"type":"Feature","properties":{"id":"CH4_PlumeComplex-2907","date":"2023-08-22T19:25:31Z","scenes":"emit20230822t192531","peak":2733.0,"download":"https://data.lpdaac.earthdatacloud.nasa.gov/lp-prod-protected/EMITL2BCH4PLM.002/EMIT_L2B_CH4PLM_002_20230822T192531_002907/EMIT_L2B_CH4PLM_002_20230822T192531_002907.tif"},"geometry":{"type":"Point","coordinates":[-121.65963119114137,37.75559774759326]}},{"type":"Feature","properties":{"id":"CH4_PlumeComplex-2910","date":"2023-08-22T10:11:03Z","scenes":"emit20230822t101103","peak":1581.0,"download":"https://data.lpdaac.earthdatacloud.nasa.gov/lp-prod-protected/EMITL2BCH4PLM.002/EMIT_L2B_CH4PLM_002_20230822T101103_002910/EMIT_L2B_CH4PLM_002_20230822T101103_002910.tif"},"geometry":{"type":"Point","coordinates":[29.425869323011852,30.74236233059742]}},{"type":"Feature","properties":{"id":"CH4_PlumeComplex-2911","date":"2023-08-22T07:00:14Z","scenes":"emit20230822t070014","peak":1837.0,"download":"https://data.lpdaac.earthdatacloud.nasa.gov/lp-prod-protected/EMITL2BCH4PLM.002/EMIT_L2B_CH4PLM_002_20230822T070014_002911/EMIT_L2B_CH4PLM_002_20230822T070014_002911.tif"},"geometry":{"type":"Point","coordinates":[58.20540256813883,43.177380717636666]}},{"type":"Feature","properties":{"id":"CH4_PlumeComplex-2915","date":"2024-03-19T19:12:59Z","scenes":"emit20240319t191259","peak":3550.0,"download":"https://data.lpdaac.earthdatacloud.nasa.gov/lp-prod-protected/EMITL2BCH4PLM.002/EMIT_L2B_CH4PLM_002_20240319T191259_002915/EMIT_L2B_CH4PLM_002_20240319T191259_002915.tif"},"geometry":{"type":"Point","coordinates":[-77.12227867484397,-11.926999153416556]}},{"type":"Feature","properties":{"id":"CH4_PlumeComplex-292","date":"2023-07-29T10:02:52Z","scenes":"emit20230729t100252","peak":3395.0,"download":"https://data.lpdaac.earthdatacloud.nasa.gov/lp-prod-protected/EMITL2BCH4PLM.002/EMIT_L2B_CH4PLM_002_20230729T100252_000292/EMIT_L2B_CH4PLM_002_20230729T100252_000292.tif"},"geometry":{"type":"Point","coordinates":[49.591496751346185,30.964135431382253]}},{"type":"Feature","properties":{"id":"CH4_PlumeComplex-2920","date":"2024-03-21T08:34:55Z","scenes":"emit20240321t083455","peak":3642.0,"download":"https://data.lpdaac.earthdatacloud.nasa.gov/lp-prod-protected/EMITL2BCH4PLM.002/EMIT_L2B_CH4PLM_002_20240321T083455_002920/EMIT_L2B_CH4PLM_002_20240321T083455_002920.tif"},"geometry":{"type":"Point","coordinates":[105.44686866295423,26.63603545469595]}},{"type":"Feature","properties":{"id":"CH4_PlumeComplex-2926","date":"2024-03-22T21:45:09Z","scenes":"emit20240322t214509","peak":2175.0,"download":"https://data.lpdaac.earthdatacloud.nasa.gov/lp-prod-protected/EMITL2BCH4PLM.002/EMIT_L2B_CH4PLM_002_20240322T214509_002926/EMIT_L2B_CH4PLM_002_20240322T214509_002926.tif"},"geometry":{"type":"Point","coordinates":[-99.15427043790072,28.180313672386124]}},{"type":"Feature","properties":{"id":"CH4_PlumeComplex-293","date":"2023-07-29T10:02:52Z","scenes":"emit20230729t100252","peak":5442.0,"download":"https://data.lpdaac.earthdatacloud.nasa.gov/lp-prod-protected/EMITL2BCH4PLM.002/EMIT_L2B_CH4PLM_002_20230729T100252_000293/EMIT_L2B_CH4PLM_002_20230729T100252_000293.tif"},"geometry":{"type":"Point","coordinates":[49.94937021471539,30.99612715007738]}},{"type":"Feature","properties":{"id":"CH4_PlumeComplex-2931","date":"2024-03-18T16:47:26Z","scenes":"emit20240318t164726","peak":7468.0,"download":"https://data.lpdaac.earthdatacloud.nasa.gov/lp-prod-protected/EMITL2BCH4PLM.002/EMIT_L2B_CH4PLM_002_20240318T164726_002931/EMIT_L2B_CH4PLM_002_20240318T164726_002931.tif"},"geometry":{"type":"Point","coordinates":[-52.025588707298326,-30.148722996631765]}},{"type":"Feature","properties":{"id":"CH4_PlumeComplex-2934","date":"2024-03-27T13:13:34Z","scenes":"emit20240327t131334","peak":2460.0,"download":"https://data.lpdaac.earthdatacloud.nasa.gov/lp-prod-protected/EMITL2BCH4PLM.002/EMIT_L2B_CH4PLM_002_20240327T131334_002934/EMIT_L2B_CH4PLM_002_20240327T131334_002934.tif"},"geometry":{"type":"Point","coordinates":[6.0035933780178485,31.77802644428712]}},{"type":"Feature","properties":{"id":"CH4_PlumeComplex-2935","date":"2024-03-27T10:07:08Z","scenes":"emit20240327t100708","peak":3528.0,"download":"https://data.lpdaac.earthdatacloud.nasa.gov/lp-prod-protected/EMITL2BCH4PLM.002/EMIT_L2B_CH4PLM_002_20240327T100708_002935/EMIT_L2B_CH4PLM_002_20240327T100708_002935.tif"},"geometry":{"type":"Point","coordinates":[50.409183391892796,30.16976478920671]}},{"type":"Feature","properties":{"id":"CH4_PlumeComplex-2936","date":"2024-03-27T10:07:08Z","scenes":"emit20240327t100708","peak":2441.0,"download":"https://data.lpdaac.earthdatacloud.nasa.gov/lp-prod-protected/EMITL2BCH4PLM.002/EMIT_L2B_CH4PLM_002_20240327T100708_002936/EMIT_L2B_CH4PLM_002_20240327T100708_002936.tif"},"geometry":{"type":"Point","coordinates":[50.801217504038156,30.287971478622598]}},{"type":"Feature","properties":{"id":"CH4_PlumeComplex-2937","date":"2024-03-27T10:07:08Z","scenes":"emit20240327t100708","peak":9565.0,"download":"https://data.lpdaac.earthdatacloud.nasa.gov/lp-prod-protected/EMITL2BCH4PLM.002/EMIT_L2B_CH4PLM_002_20240327T100708_002937/EMIT_L2B_CH4PLM_002_20240327T100708_002937.tif"},"geometry":{"type":"Point","coordinates":[50.686264209743804,30.31020301195311]}},{"type":"Feature","properties":{"id":"CH4_PlumeComplex-294","date":"2023-07-29T10:06:30Z","scenes":"emit20230729t100630","peak":1559.0,"download":"https://data.lpdaac.earthdatacloud.nasa.gov/lp-prod-protected/EMITL2BCH4PLM.002/EMIT_L2B_CH4PLM_002_20230729T100630_000294/EMIT_L2B_CH4PLM_002_20230729T100630_000294.tif"},"geometry":{"type":"Point","coordinates":[62.35998813834304,40.215164459476185]}},{"type":"Feature","properties":{"id":"CH4_PlumeComplex-2947","date":"2024-03-23T14:48:13Z","scenes":"emit20240323t144813","peak":2082.0,"download":"https://data.lpdaac.earthdatacloud.nasa.gov/lp-prod-protected/EMITL2BCH4PLM.002/EMIT_L2B_CH4PLM_002_20240323T144813_002947/EMIT_L2B_CH4PLM_002_20240323T144813_002947.tif"},"geometry":{"type":"Point","coordinates":[4.999378750503051,31.896233133703007]}},{"type":"Feature","properties":{"id":"CH4_PlumeComplex-2954","date":"2024-03-28T20:10:48Z","scenes":"emit20240328t201048","peak":4828.0,"download":"https://data.lpdaac.earthdatacloud.nasa.gov/lp-prod-protected/EMITL2BCH4PLM.002/EMIT_L2B_CH4PLM_002_20240328T201048_002954/EMIT_L2B_CH4PLM_002_20240328T201048_002954.tif"},"geometry":{"type":"Point","coordinates":[-106.39578574592484,31.968350058897055]}},{"type":"Feature","properties":{"id":"CH4_PlumeComplex-2956","date":"2024-03-28T12:25:08Z","scenes":"emit20240328t122508","peak":1327.0,"download":"https://data.lpdaac.earthdatacloud.nasa.gov/lp-prod-protected/EMITL2BCH4PLM.002/EMIT_L2B_CH4PLM_002_20240328T122508_002956/EMIT_L2B_CH4PLM_002_20240328T122508_002956.tif"},"geometry":{"type":"Point","coordinates":[7.614566195699504,28.638500152002784]}},{"type":"Feature","properties":{"id":"CH4_PlumeComplex-2959","date":"2024-03-28T10:53:28Z","scenes":"emit20240328t105328","peak":1643.0,"download":"https://data.lpdaac.earthdatacloud.nasa.gov/lp-prod-protected/EMITL2BCH4PLM.002/EMIT_L2B_CH4PLM_002_20240328T105328_002959/EMIT_L2B_CH4PLM_002_20240328T105328_002959.tif"},"geometry":{"type":"Point","coordinates":[34.74300141664583,31.330684615075622]}},{"type":"Feature","properties":{"id":"CH4_PlumeComplex-2960","date":"2024-03-28T10:53:40Z","scenes":"emit20240328t105340","peak":4099.0,"download":"https://data.lpdaac.earthdatacloud.nasa.gov/lp-prod-protected/EMITL2BCH4PLM.002/EMIT_L2B_CH4PLM_002_20240328T105340_002960/EMIT_L2B_CH4PLM_002_20240328T105340_002960.tif"},"geometry":{"type":"Point","coordinates":[35.20769468650554,32.379362309251434]}},{"type":"Feature","properties":{"id":"CH4_PlumeComplex-2962","date":"2024-03-28T10:54:36Z","scenes":"emit20240328t105436","peak":5704.0,"download":"https://data.lpdaac.earthdatacloud.nasa.gov/lp-prod-protected/EMITL2BCH4PLM.002/EMIT_L2B_CH4PLM_002_20240328T105436_002962/EMIT_L2B_CH4PLM_002_20240328T105436_002962.tif"},"geometry":{"type":"Point","coordinates":[38.62267509908015,34.680597125219386]}},{"type":"Feature","properties":{"id":"CH4_PlumeComplex-2965","date":"2024-03-28T06:17:14Z","scenes":"emit20240328t061714","peak":2716.0,"download":"https://data.lpdaac.earthdatacloud.nasa.gov/lp-prod-protected/EMITL2BCH4PLM.002/EMIT_L2B_CH4PLM_002_20240328T061714_002965/EMIT_L2B_CH4PLM_002_20240328T061714_002965.tif"},"geometry":{"type":"Point","coordinates":[113.61072148793396,37.58696343379353]}},{"type":"Feature","properties":{"id":"CH4_PlumeComplex-2966","date":"2024-03-28T06:17:14Z","scenes":"emit20240328t061714","peak":4202.0,"download":"https://data.lpdaac.earthdatacloud.nasa.gov/lp-prod-protected/EMITL2BCH4PLM.002/EMIT_L2B_CH4PLM_002_20240328T061714_002966/EMIT_L2B_CH4PLM_002_20240328T061714_002966.tif"},"geometry":{"type":"Point","coordinates":[113.42582019852654,37.872177739448375]}},{"type":"Feature","properties":{"id":"CH4_PlumeComplex-2968","date":"2024-03-28T06:17:14Z","scenes":"emit20240328t061714","peak":3138.0,"download":"https://data.lpdaac.earthdatacloud.nasa.gov/lp-prod-protected/EMITL2BCH4PLM.002/EMIT_L2B_CH4PLM_002_20240328T061714_002968/EMIT_L2B_CH4PLM_002_20240328T061714_002968.tif"},"geometry":{"type":"Point","coordinates":[113.52125312209165,37.76102007279582]}},{"type":"Feature","properties":{"id":"CH4_PlumeComplex-2969","date":"2024-03-28T06:17:14Z","scenes":"emit20240328t061714","peak":5872.0,"download":"https://data.lpdaac.earthdatacloud.nasa.gov/lp-prod-protected/EMITL2BCH4PLM.002/EMIT_L2B_CH4PLM_002_20240328T061714_002969/EMIT_L2B_CH4PLM_002_20240328T061714_002969.tif"},"geometry":{"type":"Point","coordinates":[113.46269200990396,37.84181271831402]}},{"type":"Feature","properties":{"id":"CH4_PlumeComplex-2970","date":"2024-03-28T06:17:14Z","scenes":"emit20240328t061714","peak":9528.0,"download":"https://data.lpdaac.earthdatacloud.nasa.gov/lp-prod-protected/EMITL2BCH4PLM.002/EMIT_L2B_CH4PLM_002_20240328T061714_002970/EMIT_L2B_CH4PLM_002_20240328T061714_002970.tif"},"geometry":{"type":"Point","coordinates":[113.47190996274831,37.82500351018608]}},{"type":"Feature","properties":{"id":"CH4_PlumeComplex-2971","date":"2024-03-28T06:17:14Z","scenes":"emit20240328t061714","peak":2251.0,"download":"https://data.lpdaac.earthdatacloud.nasa.gov/lp-prod-protected/EMITL2BCH4PLM.002/EMIT_L2B_CH4PLM_002_20240328T061714_002971/EMIT_L2B_CH4PLM_002_20240328T061714_002971.tif"},"geometry":{"type":"Point","coordinates":[113.48763470583575,37.82120788254428]}},{"type":"Feature","properties":{"id":"CH4_PlumeComplex-2972","date":"2024-03-28T06:17:26Z","scenes":"emit20240328t061726","peak":4331.0,"download":"https://data.lpdaac.earthdatacloud.nasa.gov/lp-prod-protected/EMITL2BCH4PLM.002/EMIT_L2B_CH4PLM_002_20240328T061726_002972/EMIT_L2B_CH4PLM_002_20240328T061726_002972.tif"},"geometry":{"type":"Point","coordinates":[113.43774931397216,37.9676106630135]}},{"type":"Feature","properties":{"id":"CH4_PlumeComplex-2973","date":"2024-03-28T06:17:14Z","scenes":"emit20240328t061714","peak":2360.0,"download":"https://data.lpdaac.earthdatacloud.nasa.gov/lp-prod-protected/EMITL2BCH4PLM.002/EMIT_L2B_CH4PLM_002_20240328T061714_002973/EMIT_L2B_CH4PLM_002_20240328T061714_002973.tif"},"geometry":{"type":"Point","coordinates":[113.0793336180827,37.90145829554222]}},{"type":"Feature","properties":{"id":"CH4_PlumeComplex-2974","date":"2024-03-28T06:17:14Z","scenes":"emit20240328t061714","peak":3283.0,"download":"https://data.lpdaac.earthdatacloud.nasa.gov/lp-prod-protected/EMITL2BCH4PLM.002/EMIT_L2B_CH4PLM_002_20240328T061714_002974/EMIT_L2B_CH4PLM_002_20240328T061714_002974.tif"},"geometry":{"type":"Point","coordinates":[113.22627863107218,37.95025922236529]}},{"type":"Feature","properties":{"id":"CH4_PlumeComplex-2975","date":"2024-03-28T06:17:14Z","scenes":"emit20240328t061714","peak":2682.0,"download":"https://data.lpdaac.earthdatacloud.nasa.gov/lp-prod-protected/EMITL2BCH4PLM.002/EMIT_L2B_CH4PLM_002_20240328T061714_002975/EMIT_L2B_CH4PLM_002_20240328T061714_002975.tif"},"geometry":{"type":"Point","coordinates":[113.27399509285473,37.96001940772991]}},{"type":"Feature","properties":{"id":"CH4_PlumeComplex-2977","date":"2024-04-05T17:01:29Z","scenes":"emit20240405t170129","peak":14742.0,"download":"https://data.lpdaac.earthdatacloud.nasa.gov/lp-prod-protected/EMITL2BCH4PLM.002/EMIT_L2B_CH4PLM_002_20240405T170129_002977/EMIT_L2B_CH4PLM_002_20240405T170129_002977.tif"},"geometry":{"type":"Point","coordinates":[-96.13240860251194,38.30271036053195]}},{"type":"Feature","properties":{"id":"CH4_PlumeComplex-298","date":"2023-07-29T10:06:30Z","scenes":"emit20230729t100630","peak":3040.0,"download":"https://data.lpdaac.earthdatacloud.nasa.gov/lp-prod-protected/EMITL2BCH4PLM.002/EMIT_L2B_CH4PLM_002_20230729T100630_000298/EMIT_L2B_CH4PLM_002_20230729T100630_000298.tif"},"geometry":{"type":"Point","coordinates":[62.53133361474406,40.07852186437158]}},{"type":"Feature","properties":{"id":"CH4_PlumeComplex-2984","date":"2024-04-03T17:00:14Z","scenes":"emit20240403t170014","peak":10242.0,"download":"https://data.lpdaac.earthdatacloud.nasa.gov/lp-prod-protected/EMITL2BCH4PLM.002/EMIT_L2B_CH4PLM_002_20240403T170014_002984/EMIT_L2B_CH4PLM_002_20240403T170014_002984.tif"},"geometry":{"type":"Point","coordinates":[-94.5913837799434,31.38328116954046]}},{"type":"Feature","properties":{"id":"CH4_PlumeComplex-2985","date":"2024-04-03T16:58:15Z","scenes":"emit20240403t165815","peak":4461.0,"download":"https://data.lpdaac.earthdatacloud.nasa.gov/lp-prod-protected/EMITL2BCH4PLM.002/EMIT_L2B_CH4PLM_002_20240403T165815_002985/EMIT_L2B_CH4PLM_002_20240403T165815_002985.tif"},"geometry":{"type":"Point","coordinates":[-100.30434561336446,25.867149740972444]}},{"type":"Feature","properties":{"id":"CH4_PlumeComplex-2989","date":"2024-04-03T07:46:26Z","scenes":"emit20240403t074626","peak":2102.0,"download":"https://data.lpdaac.earthdatacloud.nasa.gov/lp-prod-protected/EMITL2BCH4PLM.002/EMIT_L2B_CH4PLM_002_20240403T074626_002989/EMIT_L2B_CH4PLM_002_20240403T074626_002989.tif"},"geometry":{"type":"Point","coordinates":[57.75534957632606,39.5563519473647]}},{"type":"Feature","properties":{"id":"CH4_PlumeComplex-2991","date":"2024-03-27T07:00:34Z","scenes":"emit20240327t070034","peak":3282.0,"download":"https://data.lpdaac.earthdatacloud.nasa.gov/lp-prod-protected/EMITL2BCH4PLM.002/EMIT_L2B_CH4PLM_002_20240327T070034_002991/EMIT_L2B_CH4PLM_002_20240327T070034_002991.tif"},"geometry":{"type":"Point","coordinates":[95.47521261543997,27.45968665296538]}},{"type":"Feature","properties":{"id":"CH4_PlumeComplex-2992","date":"2024-03-27T07:05:05Z","scenes":"emit20240327t070505","peak":1832.0,"download":"https://data.lpdaac.earthdatacloud.nasa.gov/lp-prod-protected/EMITL2BCH4PLM.002/EMIT_L2B_CH4PLM_002_20240327T070505_002992/EMIT_L2B_CH4PLM_002_20240327T070505_002992.tif"},"geometry":{"type":"Point","coordinates":[110.38335352736857,39.361148240072396]}},{"type":"Feature","properties":{"id":"CH4_PlumeComplex-2993","date":"2024-03-26T20:10:23Z","scenes":"emit20240326t201023, emit20240326t201035","peak":8133.0,"download":"https://data.lpdaac.earthdatacloud.nasa.gov/lp-prod-protected/EMITL2BCH4PLM.002/EMIT_L2B_CH4PLM_002_20240326T201023_002993/EMIT_L2B_CH4PLM_002_20240326T201023_002993.tif"},"geometry":{"type":"Point","coordinates":[-99.51322836631029,27.977518709810248]}},{"type":"Feature","properties":{"id":"CH4_PlumeComplex-2994","date":"2024-03-26T20:10:35Z","scenes":"emit20240326t201035","peak":4717.0,"download":"https://data.lpdaac.earthdatacloud.nasa.gov/lp-prod-protected/EMITL2BCH4PLM.002/EMIT_L2B_CH4PLM_002_20240326T201035_002994/EMIT_L2B_CH4PLM_002_20240326T201035_002994.tif"},"geometry":{"type":"Point","coordinates":[-99.18680438911596,28.207967530919206]}},{"type":"Feature","properties":{"id":"CH4_PlumeComplex-2996","date":"2024-03-26T20:12:10Z","scenes":"emit20240326t201210","peak":5720.0,"download":"https://data.lpdaac.earthdatacloud.nasa.gov/lp-prod-protected/EMITL2BCH4PLM.002/EMIT_L2B_CH4PLM_002_20240326T201210_002996/EMIT_L2B_CH4PLM_002_20240326T201210_002996.tif"},"geometry":{"type":"Point","coordinates":[-94.26929766291096,32.1424066978994]}},{"type":"Feature","properties":{"id":"CH4_PlumeComplex-2997","date":"2024-03-26T10:56:14Z","scenes":"emit20240326t105614","peak":2699.0,"download":"https://data.lpdaac.earthdatacloud.nasa.gov/lp-prod-protected/EMITL2BCH4PLM.002/EMIT_L2B_CH4PLM_002_20240326T105614_002997/EMIT_L2B_CH4PLM_002_20240326T105614_002997.tif"},"geometry":{"type":"Point","coordinates":[51.339112164132445,35.45327846658472]}},{"type":"Feature","properties":{"id":"CH4_PlumeComplex-2998","date":"2024-03-26T10:57:01Z","scenes":"emit20240326t105701","peak":1649.0,"download":"https://data.lpdaac.earthdatacloud.nasa.gov/lp-prod-protected/EMITL2BCH4PLM.002/EMIT_L2B_CH4PLM_002_20240326T105701_002998/EMIT_L2B_CH4PLM_002_20240326T105701_002998.tif"},"geometry":{"type":"Point","coordinates":[53.9369481686807,37.71981040125634]}},{"type":"Feature","properties":{"id":"CH4_PlumeComplex-2999","date":"2024-03-26T10:57:01Z","scenes":"emit20240326t105701","peak":1672.0,"download":"https://data.lpdaac.earthdatacloud.nasa.gov/lp-prod-protected/EMITL2BCH4PLM.002/EMIT_L2B_CH4PLM_002_20240326T105701_002999/EMIT_L2B_CH4PLM_002_20240326T105701_002999.tif"},"geometry":{"type":"Point","coordinates":[53.93532147111993,37.739330771985564]}},{"type":"Feature","properties":{"id":"CH4_PlumeComplex-3","date":"2023-06-20T08:44:14Z","scenes":"emit20230620t084414","peak":4567.0,"download":"https://data.lpdaac.earthdatacloud.nasa.gov/lp-prod-protected/EMITL2BCH4PLM.002/EMIT_L2B_CH4PLM_002_20230620T084414_000003/EMIT_L2B_CH4PLM_002_20230620T084414_000003.tif"},"geometry":{"type":"Point","coordinates":[53.83771961747374,39.373077355518035]}},{"type":"Feature","properties":{"id":"CH4_PlumeComplex-30","date":"2023-06-13T11:13:48Z","scenes":"emit20230613t111348","peak":4421.0,"download":"https://data.lpdaac.earthdatacloud.nasa.gov/lp-prod-protected/EMITL2BCH4PLM.002/EMIT_L2B_CH4PLM_002_20230613T111348_000030/EMIT_L2B_CH4PLM_002_20230613T111348_000030.tif"},"geometry":{"type":"Point","coordinates":[61.48753601325055,36.431465933127264]}},{"type":"Feature","properties":{"id":"CH4_PlumeComplex-3000","date":"2024-03-26T10:57:01Z","scenes":"emit20240326t105701","peak":1667.0,"download":"https://data.lpdaac.earthdatacloud.nasa.gov/lp-prod-protected/EMITL2BCH4PLM.002/EMIT_L2B_CH4PLM_002_20240326T105701_003000/EMIT_L2B_CH4PLM_002_20240326T105701_003000.tif"},"geometry":{"type":"Point","coordinates":[53.92664575079583,37.770780258160435]}},{"type":"Feature","properties":{"id":"CH4_PlumeComplex-3001","date":"2024-03-26T10:57:01Z","scenes":"emit20240326t105701","peak":4623.0,"download":"https://data.lpdaac.earthdatacloud.nasa.gov/lp-prod-protected/EMITL2BCH4PLM.002/EMIT_L2B_CH4PLM_002_20240326T105701_003001/EMIT_L2B_CH4PLM_002_20240326T105701_003001.tif"},"geometry":{"type":"Point","coordinates":[53.90061858982352,37.909049550825806]}},{"type":"Feature","properties":{"id":"CH4_PlumeComplex-3002","date":"2024-03-26T10:57:01Z","scenes":"emit20240326t105701","peak":2428.0,"download":"https://data.lpdaac.earthdatacloud.nasa.gov/lp-prod-protected/EMITL2BCH4PLM.002/EMIT_L2B_CH4PLM_002_20240326T105701_003002/EMIT_L2B_CH4PLM_002_20240326T105701_003002.tif"},"geometry":{"type":"Point","coordinates":[53.92013896055275,37.92965438659555]}},{"type":"Feature","properties":{"id":"CH4_PlumeComplex-3003","date":"2024-04-04T06:57:51Z","scenes":"emit20240404t065751","peak":2433.0,"download":"https://data.lpdaac.earthdatacloud.nasa.gov/lp-prod-protected/EMITL2BCH4PLM.002/EMIT_L2B_CH4PLM_002_20240404T065751_003003/EMIT_L2B_CH4PLM_002_20240404T065751_003003.tif"},"geometry":{"type":"Point","coordinates":[59.991516489863244,36.239515620956496]}},{"type":"Feature","properties":{"id":"CH4_PlumeComplex-3004","date":"2024-04-04T06:53:36Z","scenes":"emit20240404t065336","peak":2175.0,"download":"https://data.lpdaac.earthdatacloud.nasa.gov/lp-prod-protected/EMITL2BCH4PLM.002/EMIT_L2B_CH4PLM_002_20240404T065336_003004/EMIT_L2B_CH4PLM_002_20240404T065336_003004.tif"},"geometry":{"type":"Point","coordinates":[46.890636567949194,24.61188145657895]}},{"type":"Feature","properties":{"id":"CH4_PlumeComplex-3005","date":"2024-04-04T08:28:37Z","scenes":"emit20240404t082837","peak":4894.0,"download":"https://data.lpdaac.earthdatacloud.nasa.gov/lp-prod-protected/EMITL2BCH4PLM.002/EMIT_L2B_CH4PLM_002_20240404T082837_003005/EMIT_L2B_CH4PLM_002_20240404T082837_003005.tif"},"geometry":{"type":"Point","coordinates":[29.4231581604106,30.745615725718967]}},{"type":"Feature","properties":{"id":"CH4_PlumeComplex-3006","date":"2024-04-04T16:08:51Z","scenes":"emit20240404t160851","peak":2060.0,"download":"https://data.lpdaac.earthdatacloud.nasa.gov/lp-prod-protected/EMITL2BCH4PLM.002/EMIT_L2B_CH4PLM_002_20240404T160851_003006/EMIT_L2B_CH4PLM_002_20240404T160851_003006.tif"},"geometry":{"type":"Point","coordinates":[-99.29525089316753,19.64665826859143]}},{"type":"Feature","properties":{"id":"CH4_PlumeComplex-3007","date":"2024-04-05T07:41:39Z","scenes":"emit20240405t074139","peak":3428.0,"download":"https://data.lpdaac.earthdatacloud.nasa.gov/lp-prod-protected/EMITL2BCH4PLM.002/EMIT_L2B_CH4PLM_002_20240405T074139_003007/EMIT_L2B_CH4PLM_002_20240405T074139_003007.tif"},"geometry":{"type":"Point","coordinates":[36.1891355481695,31.927682619877874]}},{"type":"Feature","properties":{"id":"CH4_PlumeComplex-3012","date":"2024-04-08T08:32:43Z","scenes":"emit20240408t083243","peak":2274.0,"download":"https://data.lpdaac.earthdatacloud.nasa.gov/lp-prod-protected/EMITL2BCH4PLM.002/EMIT_L2B_CH4PLM_002_20240408T083243_003012/EMIT_L2B_CH4PLM_002_20240408T083243_003012.tif"},"geometry":{"type":"Point","coordinates":[36.98892851554769,48.254846037317314]}},{"type":"Feature","properties":{"id":"CH4_PlumeComplex-3013","date":"2024-04-08T05:22:06Z","scenes":"emit20240408t052206","peak":1009.0,"download":"https://data.lpdaac.earthdatacloud.nasa.gov/lp-prod-protected/EMITL2BCH4PLM.002/EMIT_L2B_CH4PLM_002_20240408T052206_003013/EMIT_L2B_CH4PLM_002_20240408T052206_003013.tif"},"geometry":{"type":"Point","coordinates":[63.222680078070994,37.9074228532651]}},{"type":"Feature","properties":{"id":"CH4_PlumeComplex-3014","date":"2024-04-08T05:22:06Z","scenes":"emit20240408t052206","peak":1404.0,"download":"https://data.lpdaac.earthdatacloud.nasa.gov/lp-prod-protected/EMITL2BCH4PLM.002/EMIT_L2B_CH4PLM_002_20240408T052206_003014/EMIT_L2B_CH4PLM_002_20240408T052206_003014.tif"},"geometry":{"type":"Point","coordinates":[63.22051114798997,37.8900714126169]}},{"type":"Feature","properties":{"id":"CH4_PlumeComplex-3015","date":"2024-04-08T05:22:54Z","scenes":"emit20240408t052254","peak":4336.0,"download":"https://data.lpdaac.earthdatacloud.nasa.gov/lp-prod-protected/EMITL2BCH4PLM.002/EMIT_L2B_CH4PLM_002_20240408T052254_003015/EMIT_L2B_CH4PLM_002_20240408T052254_003015.tif"},"geometry":{"type":"Point","coordinates":[65.90239319317796,39.91747880585545]}},{"type":"Feature","properties":{"id":"CH4_PlumeComplex-3017","date":"2024-04-08T05:23:41Z","scenes":"emit20240408t052341","peak":3565.0,"download":"https://data.lpdaac.earthdatacloud.nasa.gov/lp-prod-protected/EMITL2BCH4PLM.002/EMIT_L2B_CH4PLM_002_20240408T052341_003017/EMIT_L2B_CH4PLM_002_20240408T052341_003017.tif"},"geometry":{"type":"Point","coordinates":[69.48871908215352,42.180757345405546]}},{"type":"Feature","properties":{"id":"CH4_PlumeComplex-3022","date":"2024-04-09T07:44:35Z","scenes":"emit20240409t074435","peak":22593.0,"download":"https://data.lpdaac.earthdatacloud.nasa.gov/lp-prod-protected/EMITL2BCH4PLM.002/EMIT_L2B_CH4PLM_002_20240409T074435_003022/EMIT_L2B_CH4PLM_002_20240409T074435_003022.tif"},"geometry":{"type":"Point","coordinates":[39.73262506804492,46.738763910680504]}},{"type":"Feature","properties":{"id":"CH4_PlumeComplex-3025","date":"2024-04-14T14:54:36Z","scenes":"emit20240414t145436","peak":2267.0,"download":"https://data.lpdaac.earthdatacloud.nasa.gov/lp-prod-protected/EMITL2BCH4PLM.002/EMIT_L2B_CH4PLM_002_20240414T145436_003025/EMIT_L2B_CH4PLM_002_20240414T145436_003025.tif"},"geometry":{"type":"Point","coordinates":[-7.5321570251418555,33.45352493187926]}},{"type":"Feature","properties":{"id":"CH4_PlumeComplex-3027","date":"2024-04-15T09:25:56Z","scenes":"emit20240415t092556","peak":1329.0,"download":"https://data.lpdaac.earthdatacloud.nasa.gov/lp-prod-protected/EMITL2BCH4PLM.002/EMIT_L2B_CH4PLM_002_20240415T092556_003027/EMIT_L2B_CH4PLM_002_20240415T092556_003027.tif"},"geometry":{"type":"Point","coordinates":[60.1682842914669,39.66425621889566]}},{"type":"Feature","properties":{"id":"CH4_PlumeComplex-3029","date":"2024-04-15T09:25:56Z","scenes":"emit20240415t092556","peak":1076.0,"download":"https://data.lpdaac.earthdatacloud.nasa.gov/lp-prod-protected/EMITL2BCH4PLM.002/EMIT_L2B_CH4PLM_002_20240415T092556_003029/EMIT_L2B_CH4PLM_002_20240415T092556_003029.tif"},"geometry":{"type":"Point","coordinates":[60.20895173048613,39.68811444978694]}},{"type":"Feature","properties":{"id":"CH4_PlumeComplex-3031","date":"2024-04-15T09:25:56Z","scenes":"emit20240415t092556","peak":2318.0,"download":"https://data.lpdaac.earthdatacloud.nasa.gov/lp-prod-protected/EMITL2BCH4PLM.002/EMIT_L2B_CH4PLM_002_20240415T092556_003031/EMIT_L2B_CH4PLM_002_20240415T092556_003031.tif"},"geometry":{"type":"Point","coordinates":[60.20624056788485,39.669678544098225]}},{"type":"Feature","properties":{"id":"CH4_PlumeComplex-3032","date":"2024-04-15T09:25:56Z","scenes":"emit20240415t092556","peak":1756.0,"download":"https://data.lpdaac.earthdatacloud.nasa.gov/lp-prod-protected/EMITL2BCH4PLM.002/EMIT_L2B_CH4PLM_002_20240415T092556_003032/EMIT_L2B_CH4PLM_002_20240415T092556_003032.tif"},"geometry":{"type":"Point","coordinates":[60.220338613411506,39.66100282377412]}},{"type":"Feature","properties":{"id":"CH4_PlumeComplex-3034","date":"2024-04-15T06:21:17Z","scenes":"emit20240415t062117","peak":4108.0,"download":"https://data.lpdaac.earthdatacloud.nasa.gov/lp-prod-protected/EMITL2BCH4PLM.002/EMIT_L2B_CH4PLM_002_20240415T062117_003034/EMIT_L2B_CH4PLM_002_20240415T062117_003034.tif"},"geometry":{"type":"Point","coordinates":[110.8339487517018,37.46821451185742]}},{"type":"Feature","properties":{"id":"CH4_PlumeComplex-3035","date":"2024-04-15T06:21:17Z","scenes":"emit20240415t062117","peak":3583.0,"download":"https://data.lpdaac.earthdatacloud.nasa.gov/lp-prod-protected/EMITL2BCH4PLM.002/EMIT_L2B_CH4PLM_002_20240415T062117_003035/EMIT_L2B_CH4PLM_002_20240415T062117_003035.tif"},"geometry":{"type":"Point","coordinates":[110.85238465739052,37.48393925494485]}},{"type":"Feature","properties":{"id":"CH4_PlumeComplex-3037","date":"2024-04-15T06:21:29Z","scenes":"emit20240415t062129","peak":6100.0,"download":"https://data.lpdaac.earthdatacloud.nasa.gov/lp-prod-protected/EMITL2BCH4PLM.002/EMIT_L2B_CH4PLM_002_20240415T062129_003037/EMIT_L2B_CH4PLM_002_20240415T062129_003037.tif"},"geometry":{"type":"Point","coordinates":[111.70477417923351,36.980205243626685]}},{"type":"Feature","properties":{"id":"CH4_PlumeComplex-3038","date":"2024-04-15T06:21:29Z","scenes":"emit20240415t062129, emit20240415t062141","peak":3798.0,"download":"https://data.lpdaac.earthdatacloud.nasa.gov/lp-prod-protected/EMITL2BCH4PLM.002/EMIT_L2B_CH4PLM_002_20240415T062129_003038/EMIT_L2B_CH4PLM_002_20240415T062129_003038.tif"},"geometry":{"type":"Point","coordinates":[112.28604744094834,36.83705585827901]}},{"type":"Feature","properties":{"id":"CH4_PlumeComplex-3039","date":"2024-04-15T06:21:41Z","scenes":"emit20240415t062141","peak":5456.0,"download":"https://data.lpdaac.earthdatacloud.nasa.gov/lp-prod-protected/EMITL2BCH4PLM.002/EMIT_L2B_CH4PLM_002_20240415T062141_003039/EMIT_L2B_CH4PLM_002_20240415T062141_003039.tif"},"geometry":{"type":"Point","coordinates":[112.58210639700832,36.705835588376964]}},{"type":"Feature","properties":{"id":"CH4_PlumeComplex-3040","date":"2024-04-15T06:21:41Z","scenes":"emit20240415t062141","peak":2870.0,"download":"https://data.lpdaac.earthdatacloud.nasa.gov/lp-prod-protected/EMITL2BCH4PLM.002/EMIT_L2B_CH4PLM_002_20240415T062141_003040/EMIT_L2B_CH4PLM_002_20240415T062141_003040.tif"},"geometry":{"type":"Point","coordinates":[112.98769632216009,36.47809792986929]}},{"type":"Feature","properties":{"id":"CH4_PlumeComplex-3042","date":"2024-04-15T06:21:41Z","scenes":"emit20240415t062141","peak":4627.0,"download":"https://data.lpdaac.earthdatacloud.nasa.gov/lp-prod-protected/EMITL2BCH4PLM.002/EMIT_L2B_CH4PLM_002_20240415T062141_003042/EMIT_L2B_CH4PLM_002_20240415T062141_003042.tif"},"geometry":{"type":"Point","coordinates":[112.93889539533701,36.413572259958784]}},{"type":"Feature","properties":{"id":"CH4_PlumeComplex-3043","date":"2024-04-15T06:21:41Z","scenes":"emit20240415t062141","peak":4859.0,"download":"https://data.lpdaac.earthdatacloud.nasa.gov/lp-prod-protected/EMITL2BCH4PLM.002/EMIT_L2B_CH4PLM_002_20240415T062141_003043/EMIT_L2B_CH4PLM_002_20240415T062141_003043.tif"},"geometry":{"type":"Point","coordinates":[112.86406730754163,36.360975705493914]}},{"type":"Feature","properties":{"id":"CH4_PlumeComplex-3044","date":"2024-04-15T06:21:41Z","scenes":"emit20240415t062141","peak":3206.0,"download":"https://data.lpdaac.earthdatacloud.nasa.gov/lp-prod-protected/EMITL2BCH4PLM.002/EMIT_L2B_CH4PLM_002_20240415T062141_003044/EMIT_L2B_CH4PLM_002_20240415T062141_003044.tif"},"geometry":{"type":"Point","coordinates":[112.94323325549907,36.36314463557494]}},{"type":"Feature","properties":{"id":"CH4_PlumeComplex-3045","date":"2024-04-15T06:21:52Z","scenes":"emit20240415t062152","peak":5778.0,"download":"https://data.lpdaac.earthdatacloud.nasa.gov/lp-prod-protected/EMITL2BCH4PLM.002/EMIT_L2B_CH4PLM_002_20240415T062152_003045/EMIT_L2B_CH4PLM_002_20240415T062152_003045.tif"},"geometry":{"type":"Point","coordinates":[112.9475711156611,36.23083990063239]}},{"type":"Feature","properties":{"id":"CH4_PlumeComplex-3046","date":"2024-04-15T06:21:52Z","scenes":"emit20240415t062152","peak":3185.0,"download":"https://data.lpdaac.earthdatacloud.nasa.gov/lp-prod-protected/EMITL2BCH4PLM.002/EMIT_L2B_CH4PLM_002_20240415T062152_003046/EMIT_L2B_CH4PLM_002_20240415T062152_003046.tif"},"geometry":{"type":"Point","coordinates":[112.9849851595588,36.16685646324214]}},{"type":"Feature","properties":{"id":"CH4_PlumeComplex-3047","date":"2024-04-15T06:21:52Z","scenes":"emit20240415t062152","peak":3901.0,"download":"https://data.lpdaac.earthdatacloud.nasa.gov/lp-prod-protected/EMITL2BCH4PLM.002/EMIT_L2B_CH4PLM_002_20240415T062152_003047/EMIT_L2B_CH4PLM_002_20240415T062152_003047.tif"},"geometry":{"type":"Point","coordinates":[112.92100172216854,36.13811813966855]}},{"type":"Feature","properties":{"id":"CH4_PlumeComplex-3048","date":"2024-04-15T06:21:52Z","scenes":"emit20240415t062152","peak":12488.0,"download":"https://data.lpdaac.earthdatacloud.nasa.gov/lp-prod-protected/EMITL2BCH4PLM.002/EMIT_L2B_CH4PLM_002_20240415T062152_003048/EMIT_L2B_CH4PLM_002_20240415T062152_003048.tif"},"geometry":{"type":"Point","coordinates":[112.83153335632626,36.01123572992856]}},{"type":"Feature","properties":{"id":"CH4_PlumeComplex-3049","date":"2024-04-15T06:21:52Z","scenes":"emit20240415t062152","peak":4761.0,"download":"https://data.lpdaac.earthdatacloud.nasa.gov/lp-prod-protected/EMITL2BCH4PLM.002/EMIT_L2B_CH4PLM_002_20240415T062152_003049/EMIT_L2B_CH4PLM_002_20240415T062152_003049.tif"},"geometry":{"type":"Point","coordinates":[112.98769632216009,36.24222678355777]}},{"type":"Feature","properties":{"id":"CH4_PlumeComplex-3053","date":"2024-04-20T10:14:48Z","scenes":"emit20240420t101448","peak":4044.0,"download":"https://data.lpdaac.earthdatacloud.nasa.gov/lp-prod-protected/EMITL2BCH4PLM.002/EMIT_L2B_CH4PLM_002_20240420T101448_003053/EMIT_L2B_CH4PLM_002_20240420T101448_003053.tif"},"geometry":{"type":"Point","coordinates":[46.02957132578207,15.581541064229377]}},{"type":"Feature","properties":{"id":"CH4_PlumeComplex-3054","date":"2024-04-20T08:35:01Z","scenes":"emit20240420t083501","peak":2838.0,"download":"https://data.lpdaac.earthdatacloud.nasa.gov/lp-prod-protected/EMITL2BCH4PLM.002/EMIT_L2B_CH4PLM_002_20240420T083501_003054/EMIT_L2B_CH4PLM_002_20240420T083501_003054.tif"},"geometry":{"type":"Point","coordinates":[50.97635860808096,35.42074451536938]}},{"type":"Feature","properties":{"id":"CH4_PlumeComplex-306","date":"2023-06-03T09:32:09Z","scenes":"emit20230603t093209","peak":2466.0,"download":"https://data.lpdaac.earthdatacloud.nasa.gov/lp-prod-protected/EMITL2BCH4PLM.002/EMIT_L2B_CH4PLM_002_20230603T093209_000306/EMIT_L2B_CH4PLM_002_20230603T093209_000306.tif"},"geometry":{"type":"Point","coordinates":[28.617400635309597,29.60313180553878]}},{"type":"Feature","properties":{"id":"CH4_PlumeComplex-3061","date":"2024-04-21T18:42:22Z","scenes":"emit20240421t184222, emit20240421t184234","peak":4597.0,"download":"https://data.lpdaac.earthdatacloud.nasa.gov/lp-prod-protected/EMITL2BCH4PLM.002/EMIT_L2B_CH4PLM_002_20240421T184222_003061/EMIT_L2B_CH4PLM_002_20240421T184222_003061.tif"},"geometry":{"type":"Point","coordinates":[-92.23809464203069,19.566950088113714]}},{"type":"Feature","properties":{"id":"CH4_PlumeComplex-3062","date":"2024-03-29T19:27:27Z","scenes":"emit20240329t192727","peak":2136.0,"download":"https://data.lpdaac.earthdatacloud.nasa.gov/lp-prod-protected/EMITL2BCH4PLM.002/EMIT_L2B_CH4PLM_002_20240329T192727_003062/EMIT_L2B_CH4PLM_002_20240329T192727_003062.tif"},"geometry":{"type":"Point","coordinates":[-87.34119275159546,40.94229826913997]}},{"type":"Feature","properties":{"id":"CH4_PlumeComplex-3063","date":"2024-04-21T07:46:19Z","scenes":"emit20240421t074619","peak":8326.0,"download":"https://data.lpdaac.earthdatacloud.nasa.gov/lp-prod-protected/EMITL2BCH4PLM.002/EMIT_L2B_CH4PLM_002_20240421T074619_003063/EMIT_L2B_CH4PLM_002_20240421T074619_003063.tif"},"geometry":{"type":"Point","coordinates":[53.91525886787046,37.76806909555916]}},{"type":"Feature","properties":{"id":"CH4_PlumeComplex-3064","date":"2024-04-21T07:46:19Z","scenes":"emit20240421t074619","peak":6470.0,"download":"https://data.lpdaac.earthdatacloud.nasa.gov/lp-prod-protected/EMITL2BCH4PLM.002/EMIT_L2B_CH4PLM_002_20240421T074619_003064/EMIT_L2B_CH4PLM_002_20240421T074619_003064.tif"},"geometry":{"type":"Point","coordinates":[53.92881468087687,37.73716184190455]}},{"type":"Feature","properties":{"id":"CH4_PlumeComplex-3065","date":"2024-04-21T07:46:19Z","scenes":"emit20240421t074619","peak":5615.0,"download":"https://data.lpdaac.earthdatacloud.nasa.gov/lp-prod-protected/EMITL2BCH4PLM.002/EMIT_L2B_CH4PLM_002_20240421T074619_003065/EMIT_L2B_CH4PLM_002_20240421T074619_003065.tif"},"geometry":{"type":"Point","coordinates":[53.925019053235076,37.71601477361455]}},{"type":"Feature","properties":{"id":"CH4_PlumeComplex-3069","date":"2024-04-21T07:46:19Z","scenes":"emit20240421t074619","peak":3772.0,"download":"https://data.lpdaac.earthdatacloud.nasa.gov/lp-prod-protected/EMITL2BCH4PLM.002/EMIT_L2B_CH4PLM_002_20240421T074619_003069/EMIT_L2B_CH4PLM_002_20240421T074619_003069.tif"},"geometry":{"type":"Point","coordinates":[54.00526946623302,37.578829945989696]}},{"type":"Feature","properties":{"id":"CH4_PlumeComplex-307","date":"2023-06-03T09:32:09Z","scenes":"emit20230603t093209","peak":1358.0,"download":"https://data.lpdaac.earthdatacloud.nasa.gov/lp-prod-protected/EMITL2BCH4PLM.002/EMIT_L2B_CH4PLM_002_20230603T093209_000307/EMIT_L2B_CH4PLM_002_20230603T093209_000307.tif"},"geometry":{"type":"Point","coordinates":[28.542572547514215,29.54457069335109]}},{"type":"Feature","properties":{"id":"CH4_PlumeComplex-3070","date":"2024-04-22T17:50:14Z","scenes":"emit20240422t175014, emit20240422t175026","peak":2475.0,"download":"https://data.lpdaac.earthdatacloud.nasa.gov/lp-prod-protected/EMITL2BCH4PLM.002/EMIT_L2B_CH4PLM_002_20240422T175014_003070/EMIT_L2B_CH4PLM_002_20240422T175014_003070.tif"},"geometry":{"type":"Point","coordinates":[-97.25971001212496,31.4803407906663]}},{"type":"Feature","properties":{"id":"CH4_PlumeComplex-3071","date":"2024-04-22T17:51:02Z","scenes":"emit20240422t175102","peak":3495.0,"download":"https://data.lpdaac.earthdatacloud.nasa.gov/lp-prod-protected/EMITL2BCH4PLM.002/EMIT_L2B_CH4PLM_002_20240422T175102_003071/EMIT_L2B_CH4PLM_002_20240422T175102_003071.tif"},"geometry":{"type":"Point","coordinates":[-95.2350137814877,29.952329548583858]}},{"type":"Feature","properties":{"id":"CH4_PlumeComplex-3072","date":"2024-04-22T16:13:39Z","scenes":"emit20240422t161339","peak":1308.0,"download":"https://data.lpdaac.earthdatacloud.nasa.gov/lp-prod-protected/EMITL2BCH4PLM.002/EMIT_L2B_CH4PLM_002_20240422T161339_003072/EMIT_L2B_CH4PLM_002_20240422T161339_003072.tif"},"geometry":{"type":"Point","coordinates":[-87.32817917110934,40.936333711417156]}},{"type":"Feature","properties":{"id":"CH4_PlumeComplex-3073","date":"2024-04-22T06:58:49Z","scenes":"emit20240422t065849","peak":4134.0,"download":"https://data.lpdaac.earthdatacloud.nasa.gov/lp-prod-protected/EMITL2BCH4PLM.002/EMIT_L2B_CH4PLM_002_20240422T065849_003073/EMIT_L2B_CH4PLM_002_20240422T065849_003073.tif"},"geometry":{"type":"Point","coordinates":[61.455002062035206,36.571361923353386]}},{"type":"Feature","properties":{"id":"CH4_PlumeComplex-3074","date":"2024-04-22T06:58:49Z","scenes":"emit20240422t065849","peak":2041.0,"download":"https://data.lpdaac.earthdatacloud.nasa.gov/lp-prod-protected/EMITL2BCH4PLM.002/EMIT_L2B_CH4PLM_002_20240422T065849_003074/EMIT_L2B_CH4PLM_002_20240422T065849_003074.tif"},"geometry":{"type":"Point","coordinates":[61.45771322463649,36.472675604666726]}},{"type":"Feature","properties":{"id":"CH4_PlumeComplex-308","date":"2023-06-03T09:32:09Z","scenes":"emit20230603t093209","peak":1608.0,"download":"https://data.lpdaac.earthdatacloud.nasa.gov/lp-prod-protected/EMITL2BCH4PLM.002/EMIT_L2B_CH4PLM_002_20230603T093209_000308/EMIT_L2B_CH4PLM_002_20230603T093209_000308.tif"},"geometry":{"type":"Point","coordinates":[28.822906760486756,29.561379901479036]}},{"type":"Feature","properties":{"id":"CH4_PlumeComplex-3080","date":"2024-04-23T09:18:59Z","scenes":"emit20240423t091859","peak":939.0,"download":"https://data.lpdaac.earthdatacloud.nasa.gov/lp-prod-protected/EMITL2BCH4PLM.002/EMIT_L2B_CH4PLM_002_20240423T091859_003080/EMIT_L2B_CH4PLM_002_20240423T091859_003080.tif"},"geometry":{"type":"Point","coordinates":[28.34899553778276,29.661150685206234]}},{"type":"Feature","properties":{"id":"CH4_PlumeComplex-3083","date":"2024-04-23T07:45:59Z","scenes":"emit20240423t074559","peak":6521.0,"download":"https://data.lpdaac.earthdatacloud.nasa.gov/lp-prod-protected/EMITL2BCH4PLM.002/EMIT_L2B_CH4PLM_002_20240423T074559_003083/EMIT_L2B_CH4PLM_002_20240423T074559_003083.tif"},"geometry":{"type":"Point","coordinates":[51.54353382426911,30.06348721523646]}},{"type":"Feature","properties":{"id":"CH4_PlumeComplex-3084","date":"2024-04-23T06:09:22Z","scenes":"emit20240423t060922","peak":2855.0,"download":"https://data.lpdaac.earthdatacloud.nasa.gov/lp-prod-protected/EMITL2BCH4PLM.002/EMIT_L2B_CH4PLM_002_20240423T060922_003084/EMIT_L2B_CH4PLM_002_20240423T060922_003084.tif"},"geometry":{"type":"Point","coordinates":[62.50530645377184,40.20974213427359]}},{"type":"Feature","properties":{"id":"CH4_PlumeComplex-3086","date":"2024-04-23T06:09:22Z","scenes":"emit20240423t060922","peak":4976.0,"download":"https://data.lpdaac.earthdatacloud.nasa.gov/lp-prod-protected/EMITL2BCH4PLM.002/EMIT_L2B_CH4PLM_002_20240423T060922_003086/EMIT_L2B_CH4PLM_002_20240423T060922_003086.tif"},"geometry":{"type":"Point","coordinates":[62.77750717894053,40.053579168439754]}},{"type":"Feature","properties":{"id":"CH4_PlumeComplex-3087","date":"2024-04-23T06:09:58Z","scenes":"emit20240423t060958","peak":2449.0,"download":"https://data.lpdaac.earthdatacloud.nasa.gov/lp-prod-protected/EMITL2BCH4PLM.002/EMIT_L2B_CH4PLM_002_20240423T060958_003087/EMIT_L2B_CH4PLM_002_20240423T060958_003087.tif"},"geometry":{"type":"Point","coordinates":[64.61621765512987,38.73486967917628]}},{"type":"Feature","properties":{"id":"CH4_PlumeComplex-3088","date":"2024-04-23T06:09:58Z","scenes":"emit20240423t060958","peak":2141.0,"download":"https://data.lpdaac.earthdatacloud.nasa.gov/lp-prod-protected/EMITL2BCH4PLM.002/EMIT_L2B_CH4PLM_002_20240423T060958_003088/EMIT_L2B_CH4PLM_002_20240423T060958_003088.tif"},"geometry":{"type":"Point","coordinates":[64.62055551529191,38.78746623364114]}},{"type":"Feature","properties":{"id":"CH4_PlumeComplex-3090","date":"2024-04-23T06:09:58Z","scenes":"emit20240423t060958","peak":5463.0,"download":"https://data.lpdaac.earthdatacloud.nasa.gov/lp-prod-protected/EMITL2BCH4PLM.002/EMIT_L2B_CH4PLM_002_20240423T060958_003090/EMIT_L2B_CH4PLM_002_20240423T060958_003090.tif"},"geometry":{"type":"Point","coordinates":[65.1898996615611,38.49791406782424]}},{"type":"Feature","properties":{"id":"CH4_PlumeComplex-3091","date":"2024-04-23T06:09:58Z","scenes":"emit20240423t060958","peak":2335.0,"download":"https://data.lpdaac.earthdatacloud.nasa.gov/lp-prod-protected/EMITL2BCH4PLM.002/EMIT_L2B_CH4PLM_002_20240423T060958_003091/EMIT_L2B_CH4PLM_002_20240423T060958_003091.tif"},"geometry":{"type":"Point","coordinates":[65.2706923070793,38.48002039465578]}},{"type":"Feature","properties":{"id":"CH4_PlumeComplex-3092","date":"2024-04-23T06:10:10Z","scenes":"emit20240423t061010","peak":2154.0,"download":"https://data.lpdaac.earthdatacloud.nasa.gov/lp-prod-protected/EMITL2BCH4PLM.002/EMIT_L2B_CH4PLM_002_20240423T061010_003092/EMIT_L2B_CH4PLM_002_20240423T061010_003092.tif"},"geometry":{"type":"Point","coordinates":[65.37100532332673,38.49411844018245]}},{"type":"Feature","properties":{"id":"CH4_PlumeComplex-3093","date":"2024-04-23T03:04:34Z","scenes":"emit20240423t030434","peak":3027.0,"download":"https://data.lpdaac.earthdatacloud.nasa.gov/lp-prod-protected/EMITL2BCH4PLM.002/EMIT_L2B_CH4PLM_002_20240423T030434_003093/EMIT_L2B_CH4PLM_002_20240423T030434_003093.tif"},"geometry":{"type":"Point","coordinates":[113.00830115792967,37.894409272778915]}},{"type":"Feature","properties":{"id":"CH4_PlumeComplex-3094","date":"2024-04-23T03:04:34Z","scenes":"emit20240423t030434","peak":4781.0,"download":"https://data.lpdaac.earthdatacloud.nasa.gov/lp-prod-protected/EMITL2BCH4PLM.002/EMIT_L2B_CH4PLM_002_20240423T030434_003094/EMIT_L2B_CH4PLM_002_20240423T030434_003094.tif"},"geometry":{"type":"Point","coordinates":[113.02294143597659,37.93778787439943]}},{"type":"Feature","properties":{"id":"CH4_PlumeComplex-3095","date":"2024-04-23T03:04:34Z","scenes":"emit20240423t030434, emit20240423t030446","peak":2169.0,"download":"https://data.lpdaac.earthdatacloud.nasa.gov/lp-prod-protected/EMITL2BCH4PLM.002/EMIT_L2B_CH4PLM_002_20240423T030434_003095/EMIT_L2B_CH4PLM_002_20240423T030434_003095.tif"},"geometry":{"type":"Point","coordinates":[113.05818654979326,37.879768994732]}},{"type":"Feature","properties":{"id":"CH4_PlumeComplex-3096","date":"2024-04-23T03:04:34Z","scenes":"emit20240423t030434, emit20240423t030446","peak":3442.0,"download":"https://data.lpdaac.earthdatacloud.nasa.gov/lp-prod-protected/EMITL2BCH4PLM.002/EMIT_L2B_CH4PLM_002_20240423T030434_003096/EMIT_L2B_CH4PLM_002_20240423T030434_003096.tif"},"geometry":{"type":"Point","coordinates":[113.07879138556301,37.89983159798148]}},{"type":"Feature","properties":{"id":"CH4_PlumeComplex-3097","date":"2024-04-23T03:04:46Z","scenes":"emit20240423t030446","peak":7315.0,"download":"https://data.lpdaac.earthdatacloud.nasa.gov/lp-prod-protected/EMITL2BCH4PLM.002/EMIT_L2B_CH4PLM_002_20240423T030446_003097/EMIT_L2B_CH4PLM_002_20240423T030446_003097.tif"},"geometry":{"type":"Point","coordinates":[113.22627863107273,37.949716989845065]}},{"type":"Feature","properties":{"id":"CH4_PlumeComplex-3098","date":"2024-04-23T03:04:46Z","scenes":"emit20240423t030446","peak":4804.0,"download":"https://data.lpdaac.earthdatacloud.nasa.gov/lp-prod-protected/EMITL2BCH4PLM.002/EMIT_L2B_CH4PLM_002_20240423T030446_003098/EMIT_L2B_CH4PLM_002_20240423T030446_003098.tif"},"geometry":{"type":"Point","coordinates":[113.2701994652135,37.958934942689424]}},{"type":"Feature","properties":{"id":"CH4_PlumeComplex-3099","date":"2024-04-23T03:04:46Z","scenes":"emit20240423t030446","peak":5058.0,"download":"https://data.lpdaac.earthdatacloud.nasa.gov/lp-prod-protected/EMITL2BCH4PLM.002/EMIT_L2B_CH4PLM_002_20240423T030446_003099/EMIT_L2B_CH4PLM_002_20240423T030446_003099.tif"},"geometry":{"type":"Point","coordinates":[113.43720708145246,37.96706843049328]}},{"type":"Feature","properties":{"id":"CH4_PlumeComplex-310","date":"2023-05-31T10:23:16Z","scenes":"emit20230531t102316","peak":1592.0,"download":"https://data.lpdaac.earthdatacloud.nasa.gov/lp-prod-protected/EMITL2BCH4PLM.002/EMIT_L2B_CH4PLM_002_20230531T102316_000310/EMIT_L2B_CH4PLM_002_20230531T102316_000310.tif"},"geometry":{"type":"Point","coordinates":[36.23197191726979,31.946660758086832]}},{"type":"Feature","properties":{"id":"CH4_PlumeComplex-3100","date":"2024-04-23T03:04:46Z","scenes":"emit20240423t030446","peak":2830.0,"download":"https://data.lpdaac.earthdatacloud.nasa.gov/lp-prod-protected/EMITL2BCH4PLM.002/EMIT_L2B_CH4PLM_002_20240423T030446_003100/EMIT_L2B_CH4PLM_002_20240423T030446_003100.tif"},"geometry":{"type":"Point","coordinates":[113.42582019852708,37.93995680448045]}},{"type":"Feature","properties":{"id":"CH4_PlumeComplex-3101","date":"2024-04-23T03:04:46Z","scenes":"emit20240423t030446","peak":7108.0,"download":"https://data.lpdaac.earthdatacloud.nasa.gov/lp-prod-protected/EMITL2BCH4PLM.002/EMIT_L2B_CH4PLM_002_20240423T030446_003101/EMIT_L2B_CH4PLM_002_20240423T030446_003101.tif"},"geometry":{"type":"Point","coordinates":[113.46323424242476,37.84181271831405]}},{"type":"Feature","properties":{"id":"CH4_PlumeComplex-3102","date":"2024-04-23T03:04:46Z","scenes":"emit20240423t030446","peak":3554.0,"download":"https://data.lpdaac.earthdatacloud.nasa.gov/lp-prod-protected/EMITL2BCH4PLM.002/EMIT_L2B_CH4PLM_002_20240423T030446_003102/EMIT_L2B_CH4PLM_002_20240423T030446_003102.tif"},"geometry":{"type":"Point","coordinates":[113.48817693835656,37.86512871668508]}},{"type":"Feature","properties":{"id":"CH4_PlumeComplex-3103","date":"2024-04-23T03:04:46Z","scenes":"emit20240423t030446","peak":2323.0,"download":"https://data.lpdaac.earthdatacloud.nasa.gov/lp-prod-protected/EMITL2BCH4PLM.002/EMIT_L2B_CH4PLM_002_20240423T030446_003103/EMIT_L2B_CH4PLM_002_20240423T030446_003103.tif"},"geometry":{"type":"Point","coordinates":[113.62048167329911,37.72306379637791]}},{"type":"Feature","properties":{"id":"CH4_PlumeComplex-3106","date":"2024-03-31T11:37:53Z","scenes":"emit20240331t113753","peak":883.0,"download":"https://data.lpdaac.earthdatacloud.nasa.gov/lp-prod-protected/EMITL2BCH4PLM.002/EMIT_L2B_CH4PLM_002_20240331T113753_003106/EMIT_L2B_CH4PLM_002_20240331T113753_003106.tif"},"geometry":{"type":"Point","coordinates":[6.216148525958329,31.78507546705041]}},{"type":"Feature","properties":{"id":"CH4_PlumeComplex-3107","date":"2024-03-31T11:37:53Z","scenes":"emit20240331t113753","peak":844.0,"download":"https://data.lpdaac.earthdatacloud.nasa.gov/lp-prod-protected/EMITL2BCH4PLM.002/EMIT_L2B_CH4PLM_002_20240331T113753_003107/EMIT_L2B_CH4PLM_002_20240331T113753_003107.tif"},"geometry":{"type":"Point","coordinates":[6.219401921079868,31.794835652415024]}},{"type":"Feature","properties":{"id":"CH4_PlumeComplex-3108","date":"2024-03-31T11:37:53Z","scenes":"emit20240331t113753","peak":1641.0,"download":"https://data.lpdaac.earthdatacloud.nasa.gov/lp-prod-protected/EMITL2BCH4PLM.002/EMIT_L2B_CH4PLM_002_20240331T113753_003108/EMIT_L2B_CH4PLM_002_20240331T113753_003108.tif"},"geometry":{"type":"Point","coordinates":[6.118004439791926,31.82140504590759]}},{"type":"Feature","properties":{"id":"CH4_PlumeComplex-3109","date":"2024-03-31T11:37:53Z","scenes":"emit20240331t113753","peak":2570.0,"download":"https://data.lpdaac.earthdatacloud.nasa.gov/lp-prod-protected/EMITL2BCH4PLM.002/EMIT_L2B_CH4PLM_002_20240331T113753_003109/EMIT_L2B_CH4PLM_002_20240331T113753_003109.tif"},"geometry":{"type":"Point","coordinates":[5.996002122734244,31.778568676807335]}},{"type":"Feature","properties":{"id":"CH4_PlumeComplex-311","date":"2023-05-31T10:24:39Z","scenes":"emit20230531t102439","peak":2426.0,"download":"https://data.lpdaac.earthdatacloud.nasa.gov/lp-prod-protected/EMITL2BCH4PLM.002/EMIT_L2B_CH4PLM_002_20230531T102439_000311/EMIT_L2B_CH4PLM_002_20230531T102439_000311.tif"},"geometry":{"type":"Point","coordinates":[40.69671448906071,35.04823077395325]}},{"type":"Feature","properties":{"id":"CH4_PlumeComplex-3110","date":"2024-03-31T11:37:53Z","scenes":"emit20240331t113753","peak":2652.0,"download":"https://data.lpdaac.earthdatacloud.nasa.gov/lp-prod-protected/EMITL2BCH4PLM.002/EMIT_L2B_CH4PLM_002_20240331T113753_003110/EMIT_L2B_CH4PLM_002_20240331T113753_003110.tif"},"geometry":{"type":"Point","coordinates":[5.990037565011424,31.68259352072196]}},{"type":"Feature","properties":{"id":"CH4_PlumeComplex-3114","date":"2024-04-01T20:10:20Z","scenes":"emit20240401t201020","peak":5614.0,"download":"https://data.lpdaac.earthdatacloud.nasa.gov/lp-prod-protected/EMITL2BCH4PLM.002/EMIT_L2B_CH4PLM_002_20240401T201020_003114/EMIT_L2B_CH4PLM_002_20240401T201020_003114.tif"},"geometry":{"type":"Point","coordinates":[-121.1889733635584,37.87760006465099]}},{"type":"Feature","properties":{"id":"CH4_PlumeComplex-3117","date":"2024-04-01T09:18:51Z","scenes":"emit20240401t091851","peak":4881.0,"download":"https://data.lpdaac.earthdatacloud.nasa.gov/lp-prod-protected/EMITL2BCH4PLM.002/EMIT_L2B_CH4PLM_002_20240401T091851_003117/EMIT_L2B_CH4PLM_002_20240401T091851_003117.tif"},"geometry":{"type":"Point","coordinates":[38.62484402916117,34.682223822780195]}},{"type":"Feature","properties":{"id":"CH4_PlumeComplex-3118","date":"2024-04-01T09:19:15Z","scenes":"emit20240401t091915","peak":3431.0,"download":"https://data.lpdaac.earthdatacloud.nasa.gov/lp-prod-protected/EMITL2BCH4PLM.002/EMIT_L2B_CH4PLM_002_20240401T091915_003118/EMIT_L2B_CH4PLM_002_20240401T091915_003118.tif"},"geometry":{"type":"Point","coordinates":[40.39360651023744,35.35404991537783]}},{"type":"Feature","properties":{"id":"CH4_PlumeComplex-3119","date":"2024-04-01T09:19:15Z","scenes":"emit20240401t091915","peak":4195.0,"download":"https://data.lpdaac.earthdatacloud.nasa.gov/lp-prod-protected/EMITL2BCH4PLM.002/EMIT_L2B_CH4PLM_002_20240401T091915_003119/EMIT_L2B_CH4PLM_002_20240401T091915_003119.tif"},"geometry":{"type":"Point","coordinates":[40.37517060454872,35.3518809852968]}},{"type":"Feature","properties":{"id":"CH4_PlumeComplex-3120","date":"2024-04-01T09:19:15Z","scenes":"emit20240401t091915","peak":1524.0,"download":"https://data.lpdaac.earthdatacloud.nasa.gov/lp-prod-protected/EMITL2BCH4PLM.002/EMIT_L2B_CH4PLM_002_20240401T091915_003120/EMIT_L2B_CH4PLM_002_20240401T091915_003120.tif"},"geometry":{"type":"Point","coordinates":[40.418549206169224,35.368147960904494]}},{"type":"Feature","properties":{"id":"CH4_PlumeComplex-3121","date":"2024-04-01T09:19:38Z","scenes":"emit20240401t091938","peak":13418.0,"download":"https://data.lpdaac.earthdatacloud.nasa.gov/lp-prod-protected/EMITL2BCH4PLM.002/EMIT_L2B_CH4PLM_002_20240401T091938_003121/EMIT_L2B_CH4PLM_002_20240401T091938_003121.tif"},"geometry":{"type":"Point","coordinates":[41.0887486012061,36.13703367462802]}},{"type":"Feature","properties":{"id":"CH4_PlumeComplex-3123","date":"2024-04-07T15:27:44Z","scenes":"emit20240407t152744","peak":2945.0,"download":"https://data.lpdaac.earthdatacloud.nasa.gov/lp-prod-protected/EMITL2BCH4PLM.002/EMIT_L2B_CH4PLM_002_20240407T152744_003123/EMIT_L2B_CH4PLM_002_20240407T152744_003123.tif"},"geometry":{"type":"Point","coordinates":[-80.07202358503858,40.80402897647456]}},{"type":"Feature","properties":{"id":"CH4_PlumeComplex-3129","date":"2024-04-13T07:53:28Z","scenes":"emit20240413t075328","peak":4019.0,"download":"https://data.lpdaac.earthdatacloud.nasa.gov/lp-prod-protected/EMITL2BCH4PLM.002/EMIT_L2B_CH4PLM_002_20240413T075328_003129/EMIT_L2B_CH4PLM_002_20240413T075328_003129.tif"},"geometry":{"type":"Point","coordinates":[87.86389472860131,44.035734797202565]}},{"type":"Feature","properties":{"id":"CH4_PlumeComplex-3131","date":"2024-04-06T05:18:31Z","scenes":"emit20240406t051831","peak":2137.0,"download":"https://data.lpdaac.earthdatacloud.nasa.gov/lp-prod-protected/EMITL2BCH4PLM.002/EMIT_L2B_CH4PLM_002_20240406T051831_003131/EMIT_L2B_CH4PLM_002_20240406T051831_003131.tif"},"geometry":{"type":"Point","coordinates":[57.84156454704673,23.607124596543883]}},{"type":"Feature","properties":{"id":"CH4_PlumeComplex-3132","date":"2024-04-16T13:16:51Z","scenes":"emit20240416t131651","peak":7157.0,"download":"https://data.lpdaac.earthdatacloud.nasa.gov/lp-prod-protected/EMITL2BCH4PLM.002/EMIT_L2B_CH4PLM_002_20240416T131651_003132/EMIT_L2B_CH4PLM_002_20240416T131651_003132.tif"},"geometry":{"type":"Point","coordinates":[-3.257738067960906,39.36873949535598]}},{"type":"Feature","properties":{"id":"CH4_PlumeComplex-3133","date":"2024-04-16T13:16:51Z","scenes":"emit20240416t131651","peak":3901.0,"download":"https://data.lpdaac.earthdatacloud.nasa.gov/lp-prod-protected/EMITL2BCH4PLM.002/EMIT_L2B_CH4PLM_002_20240416T131651_003133/EMIT_L2B_CH4PLM_002_20240416T131651_003133.tif"},"geometry":{"type":"Point","coordinates":[-3.272920578528084,39.379584145761115]}},{"type":"Feature","properties":{"id":"CH4_PlumeComplex-3139","date":"2024-04-16T07:06:36Z","scenes":"emit20240416t070636","peak":1241.0,"download":"https://data.lpdaac.earthdatacloud.nasa.gov/lp-prod-protected/EMITL2BCH4PLM.002/EMIT_L2B_CH4PLM_002_20240416T070636_003139/EMIT_L2B_CH4PLM_002_20240416T070636_003139.tif"},"geometry":{"type":"Point","coordinates":[94.12830703512311,37.36790149561004]}},{"type":"Feature","properties":{"id":"CH4_PlumeComplex-314","date":"2023-06-01T09:36:23Z","scenes":"emit20230601t093623","peak":3213.0,"download":"https://data.lpdaac.earthdatacloud.nasa.gov/lp-prod-protected/EMITL2BCH4PLM.002/EMIT_L2B_CH4PLM_002_20230601T093623_000314/EMIT_L2B_CH4PLM_002_20230601T093623_000314.tif"},"geometry":{"type":"Point","coordinates":[44.47119506256525,33.46979190748693]}},{"type":"Feature","properties":{"id":"CH4_PlumeComplex-3140","date":"2024-04-16T07:06:36Z","scenes":"emit20240416t070636","peak":3707.0,"download":"https://data.lpdaac.earthdatacloud.nasa.gov/lp-prod-protected/EMITL2BCH4PLM.002/EMIT_L2B_CH4PLM_002_20240416T070636_003140/EMIT_L2B_CH4PLM_002_20240416T070636_003140.tif"},"geometry":{"type":"Point","coordinates":[94.3061593017672,37.300664663098246]}},{"type":"Feature","properties":{"id":"CH4_PlumeComplex-3142","date":"2024-05-01T15:30:55Z","scenes":"emit20240501t153055","peak":3203.0,"download":"https://data.lpdaac.earthdatacloud.nasa.gov/lp-prod-protected/EMITL2BCH4PLM.002/EMIT_L2B_CH4PLM_002_20240501T153055_003142/EMIT_L2B_CH4PLM_002_20240501T153055_003142.tif"},"geometry":{"type":"Point","coordinates":[-77.12010974476298,-11.92862585097737]}},{"type":"Feature","properties":{"id":"CH4_PlumeComplex-3143","date":"2024-05-01T15:31:07Z","scenes":"emit20240501t153107","peak":4942.0,"download":"https://data.lpdaac.earthdatacloud.nasa.gov/lp-prod-protected/EMITL2BCH4PLM.002/EMIT_L2B_CH4PLM_002_20240501T153107_003143/EMIT_L2B_CH4PLM_002_20240501T153107_003143.tif"},"geometry":{"type":"Point","coordinates":[-76.77308093179892,-12.232818294841191]}},{"type":"Feature","properties":{"id":"CH4_PlumeComplex-3145","date":"2024-03-16T18:17:54Z","scenes":"emit20240316t181754","peak":2648.0,"download":"https://data.lpdaac.earthdatacloud.nasa.gov/lp-prod-protected/EMITL2BCH4PLM.002/EMIT_L2B_CH4PLM_002_20240316T181754_003145/EMIT_L2B_CH4PLM_002_20240316T181754_003145.tif"},"geometry":{"type":"Point","coordinates":[-72.16735790474131,-36.69238505108565]}},{"type":"Feature","properties":{"id":"CH4_PlumeComplex-3146","date":"2024-04-27T17:00:01Z","scenes":"emit20240427t170001","peak":2686.0,"download":"https://data.lpdaac.earthdatacloud.nasa.gov/lp-prod-protected/EMITL2BCH4PLM.002/EMIT_L2B_CH4PLM_002_20240427T170001_003146/EMIT_L2B_CH4PLM_002_20240427T170001_003146.tif"},"geometry":{"type":"Point","coordinates":[-101.34488981973666,19.69817035801581]}},{"type":"Feature","properties":{"id":"CH4_PlumeComplex-3147","date":"2024-04-28T16:12:24Z","scenes":"emit20240428t161224","peak":8187.0,"download":"https://data.lpdaac.earthdatacloud.nasa.gov/lp-prod-protected/EMITL2BCH4PLM.002/EMIT_L2B_CH4PLM_002_20240428T161224_003147/EMIT_L2B_CH4PLM_002_20240428T161224_003147.tif"},"geometry":{"type":"Point","coordinates":[-94.56318768889,18.01182722001841]}},{"type":"Feature","properties":{"id":"CH4_PlumeComplex-3150","date":"2024-04-27T07:39:06Z","scenes":"emit20240427t073906","peak":1948.0,"download":"https://data.lpdaac.earthdatacloud.nasa.gov/lp-prod-protected/EMITL2BCH4PLM.002/EMIT_L2B_CH4PLM_002_20240427T073906_003150/EMIT_L2B_CH4PLM_002_20240427T073906_003150.tif"},"geometry":{"type":"Point","coordinates":[29.422615927890373,30.745073493198685]}},{"type":"Feature","properties":{"id":"CH4_PlumeComplex-3151","date":"2024-04-26T06:54:31Z","scenes":"emit20240426t065431","peak":1249.0,"download":"https://data.lpdaac.earthdatacloud.nasa.gov/lp-prod-protected/EMITL2BCH4PLM.002/EMIT_L2B_CH4PLM_002_20240426T065431_003151/EMIT_L2B_CH4PLM_002_20240426T065431_003151.tif"},"geometry":{"type":"Point","coordinates":[46.841293408605914,30.355208311134422]}},{"type":"Feature","properties":{"id":"CH4_PlumeComplex-3152","date":"2024-04-26T06:54:55Z","scenes":"emit20240426t065455","peak":1335.0,"download":"https://data.lpdaac.earthdatacloud.nasa.gov/lp-prod-protected/EMITL2BCH4PLM.002/EMIT_L2B_CH4PLM_002_20240426T065455_003152/EMIT_L2B_CH4PLM_002_20240426T065455_003152.tif"},"geometry":{"type":"Point","coordinates":[47.9089492409907,29.171514719414773]}},{"type":"Feature","properties":{"id":"CH4_PlumeComplex-3154","date":"2024-04-26T06:54:55Z","scenes":"emit20240426t065455","peak":1710.0,"download":"https://data.lpdaac.earthdatacloud.nasa.gov/lp-prod-protected/EMITL2BCH4PLM.002/EMIT_L2B_CH4PLM_002_20240426T065455_003154/EMIT_L2B_CH4PLM_002_20240426T065455_003154.tif"},"geometry":{"type":"Point","coordinates":[48.035831650730685,29.047885704796318]}},{"type":"Feature","properties":{"id":"CH4_PlumeComplex-3156","date":"2024-04-24T06:55:51Z","scenes":"emit20240424t065551","peak":2625.0,"download":"https://data.lpdaac.earthdatacloud.nasa.gov/lp-prod-protected/EMITL2BCH4PLM.002/EMIT_L2B_CH4PLM_002_20240424T065551_003156/EMIT_L2B_CH4PLM_002_20240424T065551_003156.tif"},"geometry":{"type":"Point","coordinates":[51.332605373889315,35.45490516414552]}},{"type":"Feature","properties":{"id":"CH4_PlumeComplex-3157","date":"2024-04-25T06:06:38Z","scenes":"emit20240425t060638","peak":4403.0,"download":"https://data.lpdaac.earthdatacloud.nasa.gov/lp-prod-protected/EMITL2BCH4PLM.002/EMIT_L2B_CH4PLM_002_20240425T060638_003157/EMIT_L2B_CH4PLM_002_20240425T060638_003157.tif"},"geometry":{"type":"Point","coordinates":[54.01882527923936,38.10208432803706]}},{"type":"Feature","properties":{"id":"CH4_PlumeComplex-3158","date":"2024-04-29T04:33:10Z","scenes":"emit20240429t043310","peak":2781.0,"download":"https://data.lpdaac.earthdatacloud.nasa.gov/lp-prod-protected/EMITL2BCH4PLM.002/EMIT_L2B_CH4PLM_002_20240429T043310_003158/EMIT_L2B_CH4PLM_002_20240429T043310_003158.tif"},"geometry":{"type":"Point","coordinates":[72.5685997972097,22.98084603564785]}},{"type":"Feature","properties":{"id":"CH4_PlumeComplex-3161","date":"2024-04-26T02:13:36Z","scenes":"emit20240426t021336","peak":14069.0,"download":"https://data.lpdaac.earthdatacloud.nasa.gov/lp-prod-protected/EMITL2BCH4PLM.002/EMIT_L2B_CH4PLM_002_20240426T021336_003161/EMIT_L2B_CH4PLM_002_20240426T021336_003161.tif"},"geometry":{"type":"Point","coordinates":[109.82756519410526,36.56593959815082]}},{"type":"Feature","properties":{"id":"CH4_PlumeComplex-3162","date":"2024-04-26T02:13:36Z","scenes":"emit20240426t021336, emit20240426t021348","peak":8353.0,"download":"https://data.lpdaac.earthdatacloud.nasa.gov/lp-prod-protected/EMITL2BCH4PLM.002/EMIT_L2B_CH4PLM_002_20240426T021336_003162/EMIT_L2B_CH4PLM_002_20240426T021336_003162.tif"},"geometry":{"type":"Point","coordinates":[110.54981891108673,36.51822313636826]}},{"type":"Feature","properties":{"id":"CH4_PlumeComplex-3163","date":"2024-04-26T02:13:48Z","scenes":"emit20240426t021348","peak":5207.0,"download":"https://data.lpdaac.earthdatacloud.nasa.gov/lp-prod-protected/EMITL2BCH4PLM.002/EMIT_L2B_CH4PLM_002_20240426T021348_003163/EMIT_L2B_CH4PLM_002_20240426T021348_003163.tif"},"geometry":{"type":"Point","coordinates":[110.60187323303136,35.80464513971088]}},{"type":"Feature","properties":{"id":"CH4_PlumeComplex-3165","date":"2024-04-26T02:13:59Z","scenes":"emit20240426t021359","peak":7547.0,"download":"https://data.lpdaac.earthdatacloud.nasa.gov/lp-prod-protected/EMITL2BCH4PLM.002/EMIT_L2B_CH4PLM_002_20240426T021359_003165/EMIT_L2B_CH4PLM_002_20240426T021359_003165.tif"},"geometry":{"type":"Point","coordinates":[111.76279305890023,35.75909760800935]}},{"type":"Feature","properties":{"id":"CH4_PlumeComplex-3167","date":"2024-05-26T11:46:27Z","scenes":"emit20240526t114627","peak":1825.0,"download":"https://data.lpdaac.earthdatacloud.nasa.gov/lp-prod-protected/EMITL2BCH4PLM.002/EMIT_L2B_CH4PLM_002_20240526T114627_003167/EMIT_L2B_CH4PLM_002_20240526T114627_003167.tif"},"geometry":{"type":"Point","coordinates":[55.190047522993176,45.34359963606091]}},{"type":"Feature","properties":{"id":"CH4_PlumeComplex-3168","date":"2024-05-17T17:06:55Z","scenes":"emit20240517t170655","peak":3353.0,"download":"https://data.lpdaac.earthdatacloud.nasa.gov/lp-prod-protected/EMITL2BCH4PLM.002/EMIT_L2B_CH4PLM_002_20240517T170655_003168/EMIT_L2B_CH4PLM_002_20240517T170655_003168.tif"},"geometry":{"type":"Point","coordinates":[-46.41890444784743,-23.63759489339334]}},{"type":"Feature","properties":{"id":"CH4_PlumeComplex-3172","date":"2024-05-22T13:20:49Z","scenes":"emit20240522t132049","peak":1979.0,"download":"https://data.lpdaac.earthdatacloud.nasa.gov/lp-prod-protected/EMITL2BCH4PLM.002/EMIT_L2B_CH4PLM_002_20240522T132049_003172/EMIT_L2B_CH4PLM_002_20240522T132049_003172.tif"},"geometry":{"type":"Point","coordinates":[28.538234687352187,29.55161971611442]}},{"type":"Feature","properties":{"id":"CH4_PlumeComplex-3174","date":"2024-05-23T07:55:52Z","scenes":"emit20240523t075552","peak":2488.0,"download":"https://data.lpdaac.earthdatacloud.nasa.gov/lp-prod-protected/EMITL2BCH4PLM.002/EMIT_L2B_CH4PLM_002_20240523T075552_003174/EMIT_L2B_CH4PLM_002_20240523T075552_003174.tif"},"geometry":{"type":"Point","coordinates":[112.48396231084118,35.5937166893311]}},{"type":"Feature","properties":{"id":"CH4_PlumeComplex-3175","date":"2024-05-23T07:55:52Z","scenes":"emit20240523t075552","peak":5578.0,"download":"https://data.lpdaac.earthdatacloud.nasa.gov/lp-prod-protected/EMITL2BCH4PLM.002/EMIT_L2B_CH4PLM_002_20240523T075552_003175/EMIT_L2B_CH4PLM_002_20240523T075552_003175.tif"},"geometry":{"type":"Point","coordinates":[112.52950984254272,35.609983664938795]}},{"type":"Feature","properties":{"id":"CH4_PlumeComplex-3178","date":"2024-05-23T07:55:52Z","scenes":"emit20240523t075552","peak":4637.0,"download":"https://data.lpdaac.earthdatacloud.nasa.gov/lp-prod-protected/EMITL2BCH4PLM.002/EMIT_L2B_CH4PLM_002_20240523T075552_003178/EMIT_L2B_CH4PLM_002_20240523T075552_003178.tif"},"geometry":{"type":"Point","coordinates":[112.63144955635092,35.5465424600688]}},{"type":"Feature","properties":{"id":"CH4_PlumeComplex-3180","date":"2024-05-23T07:56:04Z","scenes":"emit20240523t075604","peak":7284.0,"download":"https://data.lpdaac.earthdatacloud.nasa.gov/lp-prod-protected/EMITL2BCH4PLM.002/EMIT_L2B_CH4PLM_002_20240523T075604_003180/EMIT_L2B_CH4PLM_002_20240523T075604_003180.tif"},"geometry":{"type":"Point","coordinates":[112.83099112380526,36.012862427489274]}},{"type":"Feature","properties":{"id":"CH4_PlumeComplex-3181","date":"2024-05-23T07:56:04Z","scenes":"emit20240523t075604","peak":15433.0,"download":"https://data.lpdaac.earthdatacloud.nasa.gov/lp-prod-protected/EMITL2BCH4PLM.002/EMIT_L2B_CH4PLM_002_20240523T075604_003181/EMIT_L2B_CH4PLM_002_20240523T075604_003181.tif"},"geometry":{"type":"Point","coordinates":[112.94757111566038,36.232466598193106]}},{"type":"Feature","properties":{"id":"CH4_PlumeComplex-3182","date":"2024-05-23T07:56:04Z","scenes":"emit20240523t075604","peak":2725.0,"download":"https://data.lpdaac.earthdatacloud.nasa.gov/lp-prod-protected/EMITL2BCH4PLM.002/EMIT_L2B_CH4PLM_002_20240523T075604_003182/EMIT_L2B_CH4PLM_002_20240523T075604_003182.tif"},"geometry":{"type":"Point","coordinates":[112.91883279208679,36.141913767310285]}},{"type":"Feature","properties":{"id":"CH4_PlumeComplex-3183","date":"2024-05-23T07:56:04Z","scenes":"emit20240523t075604","peak":4957.0,"download":"https://data.lpdaac.earthdatacloud.nasa.gov/lp-prod-protected/EMITL2BCH4PLM.002/EMIT_L2B_CH4PLM_002_20240523T075604_003183/EMIT_L2B_CH4PLM_002_20240523T075604_003183.tif"},"geometry":{"type":"Point","coordinates":[112.98281622947704,36.17119432340414]}},{"type":"Feature","properties":{"id":"CH4_PlumeComplex-3184","date":"2024-04-17T10:59:31Z","scenes":"emit20240417t105931","peak":5377.0,"download":"https://data.lpdaac.earthdatacloud.nasa.gov/lp-prod-protected/EMITL2BCH4PLM.002/EMIT_L2B_CH4PLM_002_20240417T105931_003184/EMIT_L2B_CH4PLM_002_20240417T105931_003184.tif"},"geometry":{"type":"Point","coordinates":[36.18479768800744,31.93581610768169]}},{"type":"Feature","properties":{"id":"CH4_PlumeComplex-3185","date":"2024-04-19T09:24:11Z","scenes":"emit20240419t092411","peak":1803.0,"download":"https://data.lpdaac.earthdatacloud.nasa.gov/lp-prod-protected/EMITL2BCH4PLM.002/EMIT_L2B_CH4PLM_002_20240419T092411_003185/EMIT_L2B_CH4PLM_002_20240419T092411_003185.tif"},"geometry":{"type":"Point","coordinates":[48.779774668522336,31.307368616704597]}},{"type":"Feature","properties":{"id":"CH4_PlumeComplex-3186","date":"2024-04-19T09:24:23Z","scenes":"emit20240419t092423","peak":2710.0,"download":"https://data.lpdaac.earthdatacloud.nasa.gov/lp-prod-protected/EMITL2BCH4PLM.002/EMIT_L2B_CH4PLM_002_20240419T092423_003186/EMIT_L2B_CH4PLM_002_20240419T092423_003186.tif"},"geometry":{"type":"Point","coordinates":[49.1257190164459,31.306284151664084]}},{"type":"Feature","properties":{"id":"CH4_PlumeComplex-3187","date":"2024-04-19T09:24:23Z","scenes":"emit20240419t092423","peak":3340.0,"download":"https://data.lpdaac.earthdatacloud.nasa.gov/lp-prod-protected/EMITL2BCH4PLM.002/EMIT_L2B_CH4PLM_002_20240419T092423_003187/EMIT_L2B_CH4PLM_002_20240419T092423_003187.tif"},"geometry":{"type":"Point","coordinates":[49.33014067658255,31.133311977702306]}},{"type":"Feature","properties":{"id":"CH4_PlumeComplex-319","date":"2023-06-12T16:21:03Z","scenes":"emit20230612t162103","peak":6388.0,"download":"https://data.lpdaac.earthdatacloud.nasa.gov/lp-prod-protected/EMITL2BCH4PLM.002/EMIT_L2B_CH4PLM_002_20230612T162103_000319/EMIT_L2B_CH4PLM_002_20230612T162103_000319.tif"},"geometry":{"type":"Point","coordinates":[-111.16960085426116,41.435729862573254]}},{"type":"Feature","properties":{"id":"CH4_PlumeComplex-3190","date":"2024-04-19T09:24:35Z","scenes":"emit20240419t092435","peak":3414.0,"download":"https://data.lpdaac.earthdatacloud.nasa.gov/lp-prod-protected/EMITL2BCH4PLM.002/EMIT_L2B_CH4PLM_002_20240419T092435_003190/EMIT_L2B_CH4PLM_002_20240419T092435_003190.tif"},"geometry":{"type":"Point","coordinates":[49.88592900984533,30.942446130572062]}},{"type":"Feature","properties":{"id":"CH4_PlumeComplex-3191","date":"2024-04-19T09:24:35Z","scenes":"emit20240419t092435","peak":4115.0,"download":"https://data.lpdaac.earthdatacloud.nasa.gov/lp-prod-protected/EMITL2BCH4PLM.002/EMIT_L2B_CH4PLM_002_20240419T092435_003191/EMIT_L2B_CH4PLM_002_20240419T092435_003191.tif"},"geometry":{"type":"Point","coordinates":[49.98678425861301,30.76242493384695]}},{"type":"Feature","properties":{"id":"CH4_PlumeComplex-3192","date":"2024-04-19T09:24:35Z","scenes":"emit20240419t092435","peak":2433.0,"download":"https://data.lpdaac.earthdatacloud.nasa.gov/lp-prod-protected/EMITL2BCH4PLM.002/EMIT_L2B_CH4PLM_002_20240419T092435_003192/EMIT_L2B_CH4PLM_002_20240419T092435_003192.tif"},"geometry":{"type":"Point","coordinates":[50.10444871550864,30.30261175666955]}},{"type":"Feature","properties":{"id":"CH4_PlumeComplex-3193","date":"2024-04-19T09:25:34Z","scenes":"emit20240419t092534","peak":10708.0,"download":"https://data.lpdaac.earthdatacloud.nasa.gov/lp-prod-protected/EMITL2BCH4PLM.002/EMIT_L2B_CH4PLM_002_20240419T092534_003193/EMIT_L2B_CH4PLM_002_20240419T092534_003193.tif"},"geometry":{"type":"Point","coordinates":[53.20330756877378,28.046924472403063]}},{"type":"Feature","properties":{"id":"CH4_PlumeComplex-3194","date":"2024-04-19T09:25:46Z","scenes":"emit20240419t092546","peak":3129.0,"download":"https://data.lpdaac.earthdatacloud.nasa.gov/lp-prod-protected/EMITL2BCH4PLM.002/EMIT_L2B_CH4PLM_002_20240419T092546_003194/EMIT_L2B_CH4PLM_002_20240419T092546_003194.tif"},"geometry":{"type":"Point","coordinates":[53.296571562257874,27.533430275720285]}},{"type":"Feature","properties":{"id":"CH4_PlumeComplex-3199","date":"2024-05-24T11:46:24Z","scenes":"emit20240524t114624","peak":2217.0,"download":"https://data.lpdaac.earthdatacloud.nasa.gov/lp-prod-protected/EMITL2BCH4PLM.002/EMIT_L2B_CH4PLM_002_20240524T114624_003199/EMIT_L2B_CH4PLM_002_20240524T114624_003199.tif"},"geometry":{"type":"Point","coordinates":[53.7737361800835,39.36331717015343]}},{"type":"Feature","properties":{"id":"CH4_PlumeComplex-32","date":"2023-06-13T11:13:48Z","scenes":"emit20230613t111348","peak":2517.0,"download":"https://data.lpdaac.earthdatacloud.nasa.gov/lp-prod-protected/EMITL2BCH4PLM.002/EMIT_L2B_CH4PLM_002_20230613T111348_000032/EMIT_L2B_CH4PLM_002_20230613T111348_000032.tif"},"geometry":{"type":"Point","coordinates":[61.550977218120536,36.419536817681625]}},{"type":"Feature","properties":{"id":"CH4_PlumeComplex-320","date":"2023-06-12T16:21:03Z","scenes":"emit20230612t162103","peak":26115.0,"download":"https://data.lpdaac.earthdatacloud.nasa.gov/lp-prod-protected/EMITL2BCH4PLM.002/EMIT_L2B_CH4PLM_002_20230612T162103_000320/EMIT_L2B_CH4PLM_002_20230612T162103_000320.tif"},"geometry":{"type":"Point","coordinates":[-111.07687909329734,41.2562508983684]}},{"type":"Feature","properties":{"id":"CH4_PlumeComplex-3200","date":"2024-05-24T11:46:12Z","scenes":"emit20240524t114612, emit20240524t114624","peak":1576.0,"download":"https://data.lpdaac.earthdatacloud.nasa.gov/lp-prod-protected/EMITL2BCH4PLM.002/EMIT_L2B_CH4PLM_002_20240524T114612_003200/EMIT_L2B_CH4PLM_002_20240524T114612_003200.tif"},"geometry":{"type":"Point","coordinates":[53.53298494108968,39.473390371765475]}},{"type":"Feature","properties":{"id":"CH4_PlumeComplex-3201","date":"2024-05-24T11:46:24Z","scenes":"emit20240524t114624","peak":2179.0,"download":"https://data.lpdaac.earthdatacloud.nasa.gov/lp-prod-protected/EMITL2BCH4PLM.002/EMIT_L2B_CH4PLM_002_20240524T114624_003201/EMIT_L2B_CH4PLM_002_20240524T114624_003201.tif"},"geometry":{"type":"Point","coordinates":[53.6284178646548,39.45983455875907]}},{"type":"Feature","properties":{"id":"CH4_PlumeComplex-3208","date":"2024-05-30T13:18:29Z","scenes":"emit20240530t131829","peak":13115.0,"download":"https://data.lpdaac.earthdatacloud.nasa.gov/lp-prod-protected/EMITL2BCH4PLM.002/EMIT_L2B_CH4PLM_002_20240530T131829_003208/EMIT_L2B_CH4PLM_002_20240530T131829_003208.tif"},"geometry":{"type":"Point","coordinates":[36.87831308141541,51.772850628740585]}},{"type":"Feature","properties":{"id":"CH4_PlumeComplex-321","date":"2023-06-02T07:19:17Z","scenes":"emit20230602t071917","peak":3249.0,"download":"https://data.lpdaac.earthdatacloud.nasa.gov/lp-prod-protected/EMITL2BCH4PLM.002/EMIT_L2B_CH4PLM_002_20230602T071917_000321/EMIT_L2B_CH4PLM_002_20230602T071917_000321.tif"},"geometry":{"type":"Point","coordinates":[86.55386095966189,42.015918659247525]}},{"type":"Feature","properties":{"id":"CH4_PlumeComplex-3213","date":"2024-06-08T13:57:08Z","scenes":"emit20240608t135708","peak":4714.0,"download":"https://data.lpdaac.earthdatacloud.nasa.gov/lp-prod-protected/EMITL2BCH4PLM.002/EMIT_L2B_CH4PLM_002_20240608T135708_003213/EMIT_L2B_CH4PLM_002_20240608T135708_003213.tif"},"geometry":{"type":"Point","coordinates":[20.592359335515354,44.78076228003483]}},{"type":"Feature","properties":{"id":"CH4_PlumeComplex-3215","date":"2024-06-08T04:18:03Z","scenes":"emit20240608t041803","peak":3374.0,"download":"https://data.lpdaac.earthdatacloud.nasa.gov/lp-prod-protected/EMITL2BCH4PLM.002/EMIT_L2B_CH4PLM_002_20240608T041803_003215/EMIT_L2B_CH4PLM_002_20240608T041803_003215.tif"},"geometry":{"type":"Point","coordinates":[58.45645622501749,23.338719499016978]}},{"type":"Feature","properties":{"id":"CH4_PlumeComplex-3216","date":"2024-06-08T04:19:02Z","scenes":"emit20240608t041902","peak":5162.0,"download":"https://data.lpdaac.earthdatacloud.nasa.gov/lp-prod-protected/EMITL2BCH4PLM.002/EMIT_L2B_CH4PLM_002_20240608T041902_003216/EMIT_L2B_CH4PLM_002_20240608T041902_003216.tif"},"geometry":{"type":"Point","coordinates":[60.918191866981395,25.784730397893448]}},{"type":"Feature","properties":{"id":"CH4_PlumeComplex-3217","date":"2024-06-08T12:26:34Z","scenes":"emit20240608t122634","peak":4338.0,"download":"https://data.lpdaac.earthdatacloud.nasa.gov/lp-prod-protected/EMITL2BCH4PLM.002/EMIT_L2B_CH4PLM_002_20240608T122634_003217/EMIT_L2B_CH4PLM_002_20240608T122634_003217.tif"},"geometry":{"type":"Point","coordinates":[53.530273778488386,39.47339037176548]}},{"type":"Feature","properties":{"id":"CH4_PlumeComplex-3218","date":"2024-06-08T12:26:34Z","scenes":"emit20240608t122634","peak":10473.0,"download":"https://data.lpdaac.earthdatacloud.nasa.gov/lp-prod-protected/EMITL2BCH4PLM.002/EMIT_L2B_CH4PLM_002_20240608T122634_003218/EMIT_L2B_CH4PLM_002_20240608T122634_003218.tif"},"geometry":{"type":"Point","coordinates":[53.60239070368248,39.50646655550112]}},{"type":"Feature","properties":{"id":"CH4_PlumeComplex-3219","date":"2024-06-09T14:22:06Z","scenes":"emit20240609t142206","peak":4560.0,"download":"https://data.lpdaac.earthdatacloud.nasa.gov/lp-prod-protected/EMITL2BCH4PLM.002/EMIT_L2B_CH4PLM_002_20240609T142206_003219/EMIT_L2B_CH4PLM_002_20240609T142206_003219.tif"},"geometry":{"type":"Point","coordinates":[-95.36135395870735,29.091264306416765]}},{"type":"Feature","properties":{"id":"CH4_PlumeComplex-3220","date":"2024-06-09T05:02:26Z","scenes":"emit20240609t050226","peak":4476.0,"download":"https://data.lpdaac.earthdatacloud.nasa.gov/lp-prod-protected/EMITL2BCH4PLM.002/EMIT_L2B_CH4PLM_002_20240609T050226_003220/EMIT_L2B_CH4PLM_002_20240609T050226_003220.tif"},"geometry":{"type":"Point","coordinates":[39.396983138006156,21.638820548013303]}},{"type":"Feature","properties":{"id":"CH4_PlumeComplex-3221","date":"2024-06-09T05:05:31Z","scenes":"emit20240609t050531","peak":2826.0,"download":"https://data.lpdaac.earthdatacloud.nasa.gov/lp-prod-protected/EMITL2BCH4PLM.002/EMIT_L2B_CH4PLM_002_20240609T050531_003221/EMIT_L2B_CH4PLM_002_20240609T050531_003221.tif"},"geometry":{"type":"Point","coordinates":[47.46865643454245,30.227241436353868]}},{"type":"Feature","properties":{"id":"CH4_PlumeComplex-3222","date":"2024-06-09T05:05:43Z","scenes":"emit20240609t050543","peak":1935.0,"download":"https://data.lpdaac.earthdatacloud.nasa.gov/lp-prod-protected/EMITL2BCH4PLM.002/EMIT_L2B_CH4PLM_002_20240609T050543_003222/EMIT_L2B_CH4PLM_002_20240609T050543_003222.tif"},"geometry":{"type":"Point","coordinates":[47.7403149271909,30.28797147862258]}},{"type":"Feature","properties":{"id":"CH4_PlumeComplex-3223","date":"2024-06-09T05:05:31Z","scenes":"emit20240609t050531","peak":1765.0,"download":"https://data.lpdaac.earthdatacloud.nasa.gov/lp-prod-protected/EMITL2BCH4PLM.002/EMIT_L2B_CH4PLM_002_20240609T050531_003223/EMIT_L2B_CH4PLM_002_20240609T050531_003223.tif"},"geometry":{"type":"Point","coordinates":[47.35207644268734,30.39262235503206]}},{"type":"Feature","properties":{"id":"CH4_PlumeComplex-3225","date":"2024-06-09T05:06:07Z","scenes":"emit20240609t050607","peak":5219.0,"download":"https://data.lpdaac.earthdatacloud.nasa.gov/lp-prod-protected/EMITL2BCH4PLM.002/EMIT_L2B_CH4PLM_002_20240609T050607_003225/EMIT_L2B_CH4PLM_002_20240609T050607_003225.tif"},"geometry":{"type":"Point","coordinates":[49.1159588310813,31.306284151664038]}},{"type":"Feature","properties":{"id":"CH4_PlumeComplex-3226","date":"2024-06-09T05:06:07Z","scenes":"emit20240609t050607","peak":4189.0,"download":"https://data.lpdaac.earthdatacloud.nasa.gov/lp-prod-protected/EMITL2BCH4PLM.002/EMIT_L2B_CH4PLM_002_20240609T050607_003226/EMIT_L2B_CH4PLM_002_20240609T050607_003226.tif"},"geometry":{"type":"Point","coordinates":[49.09698069287233,32.06432521498244]}},{"type":"Feature","properties":{"id":"CH4_PlumeComplex-3229","date":"2024-06-10T04:16:28Z","scenes":"emit20240610t041628","peak":1941.0,"download":"https://data.lpdaac.earthdatacloud.nasa.gov/lp-prod-protected/EMITL2BCH4PLM.002/EMIT_L2B_CH4PLM_002_20240610T041628_003229/EMIT_L2B_CH4PLM_002_20240610T041628_003229.tif"},"geometry":{"type":"Point","coordinates":[49.81652324725255,26.244001342550582]}},{"type":"Feature","properties":{"id":"CH4_PlumeComplex-323","date":"2023-06-22T19:32:01Z","scenes":"emit20230622t193201, emit20230622t193213","peak":2373.0,"download":"https://data.lpdaac.earthdatacloud.nasa.gov/lp-prod-protected/EMITL2BCH4PLM.002/EMIT_L2B_CH4PLM_002_20230622T193201_000323/EMIT_L2B_CH4PLM_002_20230622T193201_000323.tif"},"geometry":{"type":"Point","coordinates":[-121.18843113103888,37.87868452969147]}},{"type":"Feature","properties":{"id":"CH4_PlumeComplex-3230","date":"2024-06-10T04:17:15Z","scenes":"emit20240610t041715","peak":7359.0,"download":"https://data.lpdaac.earthdatacloud.nasa.gov/lp-prod-protected/EMITL2BCH4PLM.002/EMIT_L2B_CH4PLM_002_20240610T041715_003230/EMIT_L2B_CH4PLM_002_20240610T041715_003230.tif"},"geometry":{"type":"Point","coordinates":[52.06407704371519,28.633620059320393]}},{"type":"Feature","properties":{"id":"CH4_PlumeComplex-3232","date":"2024-06-10T04:17:27Z","scenes":"emit20240610t041727","peak":5237.0,"download":"https://data.lpdaac.earthdatacloud.nasa.gov/lp-prod-protected/EMITL2BCH4PLM.002/EMIT_L2B_CH4PLM_002_20240610T041727_003232/EMIT_L2B_CH4PLM_002_20240610T041727_003232.tif"},"geometry":{"type":"Point","coordinates":[52.70228472005694,29.427448468975715]}},{"type":"Feature","properties":{"id":"CH4_PlumeComplex-3233","date":"2024-06-10T04:17:39Z","scenes":"emit20240610t041739","peak":4238.0,"download":"https://data.lpdaac.earthdatacloud.nasa.gov/lp-prod-protected/EMITL2BCH4PLM.002/EMIT_L2B_CH4PLM_002_20240610T041739_003233/EMIT_L2B_CH4PLM_002_20240610T041739_003233.tif"},"geometry":{"type":"Point","coordinates":[53.25102403055638,29.743570028285173]}},{"type":"Feature","properties":{"id":"CH4_PlumeComplex-3234","date":"2024-06-10T01:14:26Z","scenes":"emit20240610t011426","peak":5307.0,"download":"https://data.lpdaac.earthdatacloud.nasa.gov/lp-prod-protected/EMITL2BCH4PLM.002/EMIT_L2B_CH4PLM_002_20240610T011426_003234/EMIT_L2B_CH4PLM_002_20240610T011426_003234.tif"},"geometry":{"type":"Point","coordinates":[108.17863610000629,35.88109992506705]}},{"type":"Feature","properties":{"id":"CH4_PlumeComplex-3236","date":"2024-06-06T15:10:17Z","scenes":"emit20240606t151017","peak":4174.0,"download":"https://data.lpdaac.earthdatacloud.nasa.gov/lp-prod-protected/EMITL2BCH4PLM.002/EMIT_L2B_CH4PLM_002_20240606T151017_003236/EMIT_L2B_CH4PLM_002_20240606T151017_003236.tif"},"geometry":{"type":"Point","coordinates":[-99.28115284764057,19.65533398891549]}},{"type":"Feature","properties":{"id":"CH4_PlumeComplex-3237","date":"2024-06-06T15:10:17Z","scenes":"emit20240606t151017","peak":3602.0,"download":"https://data.lpdaac.earthdatacloud.nasa.gov/lp-prod-protected/EMITL2BCH4PLM.002/EMIT_L2B_CH4PLM_002_20240606T151017_003237/EMIT_L2B_CH4PLM_002_20240606T151017_003237.tif"},"geometry":{"type":"Point","coordinates":[-99.21066262000724,19.584843761282162]}},{"type":"Feature","properties":{"id":"CH4_PlumeComplex-3238","date":"2024-06-06T15:10:17Z","scenes":"emit20240606t151017","peak":2610.0,"download":"https://data.lpdaac.earthdatacloud.nasa.gov/lp-prod-protected/EMITL2BCH4PLM.002/EMIT_L2B_CH4PLM_002_20240606T151017_003238/EMIT_L2B_CH4PLM_002_20240606T151017_003238.tif"},"geometry":{"type":"Point","coordinates":[-99.23831647854031,19.75781593524394]}},{"type":"Feature","properties":{"id":"CH4_PlumeComplex-3239","date":"2024-06-06T15:10:17Z","scenes":"emit20240606t151017","peak":2943.0,"download":"https://data.lpdaac.earthdatacloud.nasa.gov/lp-prod-protected/EMITL2BCH4PLM.002/EMIT_L2B_CH4PLM_002_20240606T151017_003239/EMIT_L2B_CH4PLM_002_20240606T151017_003239.tif"},"geometry":{"type":"Point","coordinates":[-99.01220551759342,19.80282123442522]}},{"type":"Feature","properties":{"id":"CH4_PlumeComplex-3241","date":"2024-06-15T03:30:13Z","scenes":"emit20240615t033013","peak":1969.0,"download":"https://data.lpdaac.earthdatacloud.nasa.gov/lp-prod-protected/EMITL2BCH4PLM.002/EMIT_L2B_CH4PLM_002_20240615T033013_003241/EMIT_L2B_CH4PLM_002_20240615T033013_003241.tif"},"geometry":{"type":"Point","coordinates":[58.657082257512315,43.89421210941565]}},{"type":"Feature","properties":{"id":"CH4_PlumeComplex-3243","date":"2024-06-15T01:58:05Z","scenes":"emit20240615t015805","peak":4653.0,"download":"https://data.lpdaac.earthdatacloud.nasa.gov/lp-prod-protected/EMITL2BCH4PLM.002/EMIT_L2B_CH4PLM_002_20240615T015805_003243/EMIT_L2B_CH4PLM_002_20240615T015805_003243.tif"},"geometry":{"type":"Point","coordinates":[85.1239938037459,45.467770883199584]}},{"type":"Feature","properties":{"id":"CH4_PlumeComplex-3244","date":"2024-06-12T13:58:23Z","scenes":"emit20240612t135823","peak":3248.0,"download":"https://data.lpdaac.earthdatacloud.nasa.gov/lp-prod-protected/EMITL2BCH4PLM.002/EMIT_L2B_CH4PLM_002_20240612T135823_003244/EMIT_L2B_CH4PLM_002_20240612T135823_003244.tif"},"geometry":{"type":"Point","coordinates":[21.450713415081204,29.142234163320946]}},{"type":"Feature","properties":{"id":"CH4_PlumeComplex-3246","date":"2024-06-18T05:55:16Z","scenes":"emit20240618t055516, emit20240618t055528","peak":23987.0,"download":"https://data.lpdaac.earthdatacloud.nasa.gov/lp-prod-protected/EMITL2BCH4PLM.002/EMIT_L2B_CH4PLM_002_20240618T055516_003246/EMIT_L2B_CH4PLM_002_20240618T055516_003246.tif"},"geometry":{"type":"Point","coordinates":[44.3226233520151,51.968596568553195]}},{"type":"Feature","properties":{"id":"CH4_PlumeComplex-3249","date":"2024-06-23T09:56:46Z","scenes":"emit20240623t095646, emit20240623t095658","peak":1173.0,"download":"https://data.lpdaac.earthdatacloud.nasa.gov/lp-prod-protected/EMITL2BCH4PLM.002/EMIT_L2B_CH4PLM_002_20240623T095646_003249/EMIT_L2B_CH4PLM_002_20240623T095646_003249.tif"},"geometry":{"type":"Point","coordinates":[13.345963934809355,32.596255317353986]}},{"type":"Feature","properties":{"id":"CH4_PlumeComplex-325","date":"2023-06-22T19:32:13Z","scenes":"emit20230622t193213","peak":1850.0,"download":"https://data.lpdaac.earthdatacloud.nasa.gov/lp-prod-protected/EMITL2BCH4PLM.002/EMIT_L2B_CH4PLM_002_20230622T193213_000325/EMIT_L2B_CH4PLM_002_20230622T193213_000325.tif"},"geometry":{"type":"Point","coordinates":[-120.95581337984889,37.953512617486844]}},{"type":"Feature","properties":{"id":"CH4_PlumeComplex-3250","date":"2024-06-23T08:22:10Z","scenes":"emit20240623t082210","peak":4139.0,"download":"https://data.lpdaac.earthdatacloud.nasa.gov/lp-prod-protected/EMITL2BCH4PLM.002/EMIT_L2B_CH4PLM_002_20240623T082210_003250/EMIT_L2B_CH4PLM_002_20240623T082210_003250.tif"},"geometry":{"type":"Point","coordinates":[30.751627835038644,37.098954165562844]}},{"type":"Feature","properties":{"id":"CH4_PlumeComplex-3251","date":"2024-06-23T08:23:51Z","scenes":"emit20240623t082351","peak":1534.0,"download":"https://data.lpdaac.earthdatacloud.nasa.gov/lp-prod-protected/EMITL2BCH4PLM.002/EMIT_L2B_CH4PLM_002_20240623T082351_003251/EMIT_L2B_CH4PLM_002_20240623T082351_003251.tif"},"geometry":{"type":"Point","coordinates":[36.132743366062876,32.50895588159273]}},{"type":"Feature","properties":{"id":"CH4_PlumeComplex-3252","date":"2024-06-23T06:45:30Z","scenes":"emit20240623t064530","peak":3996.0,"download":"https://data.lpdaac.earthdatacloud.nasa.gov/lp-prod-protected/EMITL2BCH4PLM.002/EMIT_L2B_CH4PLM_002_20240623T064530_003252/EMIT_L2B_CH4PLM_002_20240623T064530_003252.tif"},"geometry":{"type":"Point","coordinates":[38.76257108930627,45.17279639218018]}},{"type":"Feature","properties":{"id":"CH4_PlumeComplex-3254","date":"2024-06-23T06:53:29Z","scenes":"emit20240623t065329","peak":934.0,"download":"https://data.lpdaac.earthdatacloud.nasa.gov/lp-prod-protected/EMITL2BCH4PLM.002/EMIT_L2B_CH4PLM_002_20240623T065329_003254/EMIT_L2B_CH4PLM_002_20240623T065329_003254.tif"},"geometry":{"type":"Point","coordinates":[67.48788108240755,26.16971548727547]}},{"type":"Feature","properties":{"id":"CH4_PlumeComplex-3256","date":"2024-06-24T15:17:39Z","scenes":"emit20240624t151739","peak":7205.0,"download":"https://data.lpdaac.earthdatacloud.nasa.gov/lp-prod-protected/EMITL2BCH4PLM.002/EMIT_L2B_CH4PLM_002_20240624T151739_003256/EMIT_L2B_CH4PLM_002_20240624T151739_003256.tif"},"geometry":{"type":"Point","coordinates":[-87.33577042639293,40.93199585125506]}},{"type":"Feature","properties":{"id":"CH4_PlumeComplex-3257","date":"2024-06-24T15:17:51Z","scenes":"emit20240624t151751","peak":3411.0,"download":"https://data.lpdaac.earthdatacloud.nasa.gov/lp-prod-protected/EMITL2BCH4PLM.002/EMIT_L2B_CH4PLM_002_20240624T151751_003257/EMIT_L2B_CH4PLM_002_20240624T151751_003257.tif"},"geometry":{"type":"Point","coordinates":[-86.69159819232834,40.89024394719532]}},{"type":"Feature","properties":{"id":"CH4_PlumeComplex-3259","date":"2024-06-24T07:33:52Z","scenes":"emit20240624t073352","peak":2504.0,"download":"https://data.lpdaac.earthdatacloud.nasa.gov/lp-prod-protected/EMITL2BCH4PLM.002/EMIT_L2B_CH4PLM_002_20240624T073352_003259/EMIT_L2B_CH4PLM_002_20240624T073352_003259.tif"},"geometry":{"type":"Point","coordinates":[32.459118041326,39.95109722211134]}},{"type":"Feature","properties":{"id":"CH4_PlumeComplex-3260","date":"2024-06-24T07:35:15Z","scenes":"emit20240624t073515","peak":1936.0,"download":"https://data.lpdaac.earthdatacloud.nasa.gov/lp-prod-protected/EMITL2BCH4PLM.002/EMIT_L2B_CH4PLM_002_20240624T073515_003260/EMIT_L2B_CH4PLM_002_20240624T073515_003260.tif"},"geometry":{"type":"Point","coordinates":[37.40102523094252,36.980747476146966]}},{"type":"Feature","properties":{"id":"CH4_PlumeComplex-3261","date":"2024-06-24T07:35:38Z","scenes":"emit20240624t073538","peak":4056.0,"download":"https://data.lpdaac.earthdatacloud.nasa.gov/lp-prod-protected/EMITL2BCH4PLM.002/EMIT_L2B_CH4PLM_002_20240624T073538_003261/EMIT_L2B_CH4PLM_002_20240624T073538_003261.tif"},"geometry":{"type":"Point","coordinates":[38.615083843796526,35.37085912350581]}},{"type":"Feature","properties":{"id":"CH4_PlumeComplex-3262","date":"2024-06-24T07:39:18Z","scenes":"emit20240624t073918","peak":2295.0,"download":"https://data.lpdaac.earthdatacloud.nasa.gov/lp-prod-protected/EMITL2BCH4PLM.002/EMIT_L2B_CH4PLM_002_20240624T073918_003262/EMIT_L2B_CH4PLM_002_20240624T073918_003262.tif"},"geometry":{"type":"Point","coordinates":[49.88376007976434,26.170257719795778]}},{"type":"Feature","properties":{"id":"CH4_PlumeComplex-3263","date":"2024-06-24T07:39:18Z","scenes":"emit20240624t073918","peak":2061.0,"download":"https://data.lpdaac.earthdatacloud.nasa.gov/lp-prod-protected/EMITL2BCH4PLM.002/EMIT_L2B_CH4PLM_002_20240624T073918_003263/EMIT_L2B_CH4PLM_002_20240624T073918_003263.tif"},"geometry":{"type":"Point","coordinates":[49.43316485543131,25.69092417188915]}},{"type":"Feature","properties":{"id":"CH4_PlumeComplex-3265","date":"2024-06-24T02:56:23Z","scenes":"emit20240624t025623","peak":3552.0,"download":"https://data.lpdaac.earthdatacloud.nasa.gov/lp-prod-protected/EMITL2BCH4PLM.002/EMIT_L2B_CH4PLM_002_20240624T025623_003265/EMIT_L2B_CH4PLM_002_20240624T025623_003265.tif"},"geometry":{"type":"Point","coordinates":[106.74985340913084,37.17866234604046]}},{"type":"Feature","properties":{"id":"CH4_PlumeComplex-3268","date":"2024-06-25T17:39:43Z","scenes":"emit20240625t173943","peak":3832.0,"download":"https://data.lpdaac.earthdatacloud.nasa.gov/lp-prod-protected/EMITL2BCH4PLM.002/EMIT_L2B_CH4PLM_002_20240625T173943_003268/EMIT_L2B_CH4PLM_002_20240625T173943_003268.tif"},"geometry":{"type":"Point","coordinates":[-116.74049776737508,32.40484723770346]}},{"type":"Feature","properties":{"id":"CH4_PlumeComplex-3269","date":"2024-06-25T08:23:37Z","scenes":"emit20240625t082337","peak":6250.0,"download":"https://data.lpdaac.earthdatacloud.nasa.gov/lp-prod-protected/EMITL2BCH4PLM.002/EMIT_L2B_CH4PLM_002_20240625T082337_003269/EMIT_L2B_CH4PLM_002_20240625T082337_003269.tif"},"geometry":{"type":"Point","coordinates":[27.820318830532788,29.848763137214906]}},{"type":"Feature","properties":{"id":"CH4_PlumeComplex-327","date":"2023-06-12T05:32:53Z","scenes":"emit20230612t053253","peak":2887.0,"download":"https://data.lpdaac.earthdatacloud.nasa.gov/lp-prod-protected/EMITL2BCH4PLM.002/EMIT_L2B_CH4PLM_002_20230612T053253_000327/EMIT_L2B_CH4PLM_002_20230612T053253_000327.tif"},"geometry":{"type":"Point","coordinates":[58.66955360547819,44.06609981833688]}},{"type":"Feature","properties":{"id":"CH4_PlumeComplex-3270","date":"2024-06-25T08:23:49Z","scenes":"emit20240625t082349","peak":2495.0,"download":"https://data.lpdaac.earthdatacloud.nasa.gov/lp-prod-protected/EMITL2BCH4PLM.002/EMIT_L2B_CH4PLM_002_20240625T082349_003270/EMIT_L2B_CH4PLM_002_20240625T082349_003270.tif"},"geometry":{"type":"Point","coordinates":[28.527390036947093,29.56517552912083]}},{"type":"Feature","properties":{"id":"CH4_PlumeComplex-3271","date":"2024-06-25T08:23:49Z","scenes":"emit20240625t082349","peak":2661.0,"download":"https://data.lpdaac.earthdatacloud.nasa.gov/lp-prod-protected/EMITL2BCH4PLM.002/EMIT_L2B_CH4PLM_002_20240625T082349_003271/EMIT_L2B_CH4PLM_002_20240625T082349_003271.tif"},"geometry":{"type":"Point","coordinates":[28.53986138491299,29.548908553513133]}},{"type":"Feature","properties":{"id":"CH4_PlumeComplex-3272","date":"2024-06-25T08:23:49Z","scenes":"emit20240625t082349","peak":2767.0,"download":"https://data.lpdaac.earthdatacloud.nasa.gov/lp-prod-protected/EMITL2BCH4PLM.002/EMIT_L2B_CH4PLM_002_20240625T082349_003272/EMIT_L2B_CH4PLM_002_20240625T082349_003272.tif"},"geometry":{"type":"Point","coordinates":[28.61740063530965,29.601505107978003]}},{"type":"Feature","properties":{"id":"CH4_PlumeComplex-3273","date":"2024-06-25T08:23:49Z","scenes":"emit20240625t082349","peak":3789.0,"download":"https://data.lpdaac.earthdatacloud.nasa.gov/lp-prod-protected/EMITL2BCH4PLM.002/EMIT_L2B_CH4PLM_002_20240625T082349_003273/EMIT_L2B_CH4PLM_002_20240625T082349_003273.tif"},"geometry":{"type":"Point","coordinates":[28.699819978388618,29.63458129171364]}},{"type":"Feature","properties":{"id":"CH4_PlumeComplex-3274","date":"2024-06-25T08:23:37Z","scenes":"emit20240625t082337","peak":1837.0,"download":"https://data.lpdaac.earthdatacloud.nasa.gov/lp-prod-protected/EMITL2BCH4PLM.002/EMIT_L2B_CH4PLM_002_20240625T082337_003274/EMIT_L2B_CH4PLM_002_20240625T082337_003274.tif"},"geometry":{"type":"Point","coordinates":[28.423281393057866,29.689889008779794]}},{"type":"Feature","properties":{"id":"CH4_PlumeComplex-3275","date":"2024-06-25T06:49:58Z","scenes":"emit20240625t064958","peak":2469.0,"download":"https://data.lpdaac.earthdatacloud.nasa.gov/lp-prod-protected/EMITL2BCH4PLM.002/EMIT_L2B_CH4PLM_002_20240625T064958_003275/EMIT_L2B_CH4PLM_002_20240625T064958_003275.tif"},"geometry":{"type":"Point","coordinates":[49.10565641319651,32.06812084262427]}},{"type":"Feature","properties":{"id":"CH4_PlumeComplex-3276","date":"2024-06-25T06:50:10Z","scenes":"emit20240625t065010","peak":4480.0,"download":"https://data.lpdaac.earthdatacloud.nasa.gov/lp-prod-protected/EMITL2BCH4PLM.002/EMIT_L2B_CH4PLM_002_20240625T065010_003276/EMIT_L2B_CH4PLM_002_20240625T065010_003276.tif"},"geometry":{"type":"Point","coordinates":[49.88104891716311,31.1295163500605]}},{"type":"Feature","properties":{"id":"CH4_PlumeComplex-3277","date":"2024-06-25T06:50:10Z","scenes":"emit20240625t065010","peak":2971.0,"download":"https://data.lpdaac.earthdatacloud.nasa.gov/lp-prod-protected/EMITL2BCH4PLM.002/EMIT_L2B_CH4PLM_002_20240625T065010_003277/EMIT_L2B_CH4PLM_002_20240625T065010_003277.tif"},"geometry":{"type":"Point","coordinates":[49.95099691227619,30.995584917557174]}},{"type":"Feature","properties":{"id":"CH4_PlumeComplex-3278","date":"2024-06-25T06:50:21Z","scenes":"emit20240625t065021","peak":4748.0,"download":"https://data.lpdaac.earthdatacloud.nasa.gov/lp-prod-protected/EMITL2BCH4PLM.002/EMIT_L2B_CH4PLM_002_20240625T065021_003278/EMIT_L2B_CH4PLM_002_20240625T065021_003278.tif"},"geometry":{"type":"Point","coordinates":[50.701446720311,30.835626324081545]}},{"type":"Feature","properties":{"id":"CH4_PlumeComplex-3279","date":"2024-06-25T06:50:21Z","scenes":"emit20240625t065021","peak":6324.0,"download":"https://data.lpdaac.earthdatacloud.nasa.gov/lp-prod-protected/EMITL2BCH4PLM.002/EMIT_L2B_CH4PLM_002_20240625T065021_003279/EMIT_L2B_CH4PLM_002_20240625T065021_003279.tif"},"geometry":{"type":"Point","coordinates":[50.480758084566666,30.467450442827474]}},{"type":"Feature","properties":{"id":"CH4_PlumeComplex-328","date":"2023-06-12T02:24:18Z","scenes":"emit20230612t022418","peak":2609.0,"download":"https://data.lpdaac.earthdatacloud.nasa.gov/lp-prod-protected/EMITL2BCH4PLM.002/EMIT_L2B_CH4PLM_002_20230612T022418_000328/EMIT_L2B_CH4PLM_002_20230612T022418_000328.tif"},"geometry":{"type":"Point","coordinates":[94.31212385949001,37.30174912813871]}},{"type":"Feature","properties":{"id":"CH4_PlumeComplex-3280","date":"2024-06-25T06:50:45Z","scenes":"emit20240625t065045","peak":14667.0,"download":"https://data.lpdaac.earthdatacloud.nasa.gov/lp-prod-protected/EMITL2BCH4PLM.002/EMIT_L2B_CH4PLM_002_20240625T065045_003280/EMIT_L2B_CH4PLM_002_20240625T065045_003280.tif"},"geometry":{"type":"Point","coordinates":[51.54516052182991,30.063487215236478]}},{"type":"Feature","properties":{"id":"CH4_PlumeComplex-3281","date":"2024-06-25T06:51:22Z","scenes":"emit20240625t065122","peak":4523.0,"download":"https://data.lpdaac.earthdatacloud.nasa.gov/lp-prod-protected/EMITL2BCH4PLM.002/EMIT_L2B_CH4PLM_002_20240625T065122_003281/EMIT_L2B_CH4PLM_002_20240625T065122_003281.tif"},"geometry":{"type":"Point","coordinates":[53.20113863869281,28.045840007362532]}},{"type":"Feature","properties":{"id":"CH4_PlumeComplex-3282","date":"2024-06-25T06:51:22Z","scenes":"emit20240625t065122","peak":1680.0,"download":"https://data.lpdaac.earthdatacloud.nasa.gov/lp-prod-protected/EMITL2BCH4PLM.002/EMIT_L2B_CH4PLM_002_20240625T065122_003282/EMIT_L2B_CH4PLM_002_20240625T065122_003282.tif"},"geometry":{"type":"Point","coordinates":[53.41477825167382,28.48071048860814]}},{"type":"Feature","properties":{"id":"CH4_PlumeComplex-3283","date":"2024-06-25T05:13:39Z","scenes":"emit20240625t051339","peak":2630.0,"download":"https://data.lpdaac.earthdatacloud.nasa.gov/lp-prod-protected/EMITL2BCH4PLM.002/EMIT_L2B_CH4PLM_002_20240625T051339_003283/EMIT_L2B_CH4PLM_002_20240625T051339_003283.tif"},"geometry":{"type":"Point","coordinates":[61.0434475791606,40.048699075757476]}},{"type":"Feature","properties":{"id":"CH4_PlumeComplex-3284","date":"2024-06-25T05:14:38Z","scenes":"emit20240625t051438","peak":5470.0,"download":"https://data.lpdaac.earthdatacloud.nasa.gov/lp-prod-protected/EMITL2BCH4PLM.002/EMIT_L2B_CH4PLM_002_20240625T051438_003284/EMIT_L2B_CH4PLM_002_20240625T051438_003284.tif"},"geometry":{"type":"Point","coordinates":[64.77454955104466,38.66166828894169]}},{"type":"Feature","properties":{"id":"CH4_PlumeComplex-3285","date":"2024-06-25T05:14:38Z","scenes":"emit20240625t051438","peak":1368.0,"download":"https://data.lpdaac.earthdatacloud.nasa.gov/lp-prod-protected/EMITL2BCH4PLM.002/EMIT_L2B_CH4PLM_002_20240625T051438_003285/EMIT_L2B_CH4PLM_002_20240625T051438_003285.tif"},"geometry":{"type":"Point","coordinates":[64.61730212017032,38.7348696791763]}},{"type":"Feature","properties":{"id":"CH4_PlumeComplex-3286","date":"2024-06-25T02:08:41Z","scenes":"emit20240625t020841","peak":2891.0,"download":"https://data.lpdaac.earthdatacloud.nasa.gov/lp-prod-protected/EMITL2BCH4PLM.002/EMIT_L2B_CH4PLM_002_20240625T020841_003286/EMIT_L2B_CH4PLM_002_20240625T020841_003286.tif"},"geometry":{"type":"Point","coordinates":[110.84208223950556,38.744087632020616]}},{"type":"Feature","properties":{"id":"CH4_PlumeComplex-3287","date":"2024-06-25T02:08:41Z","scenes":"emit20240625t020841","peak":2709.0,"download":"https://data.lpdaac.earthdatacloud.nasa.gov/lp-prod-protected/EMITL2BCH4PLM.002/EMIT_L2B_CH4PLM_002_20240625T020841_003287/EMIT_L2B_CH4PLM_002_20240625T020841_003287.tif"},"geometry":{"type":"Point","coordinates":[111.11157180207297,38.87964576208471]}},{"type":"Feature","properties":{"id":"CH4_PlumeComplex-3290","date":"2024-06-25T02:09:04Z","scenes":"emit20240625t020904","peak":3712.0,"download":"https://data.lpdaac.earthdatacloud.nasa.gov/lp-prod-protected/EMITL2BCH4PLM.002/EMIT_L2B_CH4PLM_002_20240625T020904_003290/EMIT_L2B_CH4PLM_002_20240625T020904_003290.tif"},"geometry":{"type":"Point","coordinates":[113.00342106524744,37.893324807738374]}},{"type":"Feature","properties":{"id":"CH4_PlumeComplex-3291","date":"2024-06-25T02:09:04Z","scenes":"emit20240625t020904","peak":5434.0,"download":"https://data.lpdaac.earthdatacloud.nasa.gov/lp-prod-protected/EMITL2BCH4PLM.002/EMIT_L2B_CH4PLM_002_20240625T020904_003291/EMIT_L2B_CH4PLM_002_20240625T020904_003291.tif"},"geometry":{"type":"Point","coordinates":[112.96709148639026,37.949716989845044]}},{"type":"Feature","properties":{"id":"CH4_PlumeComplex-3292","date":"2024-06-25T02:09:04Z","scenes":"emit20240625t020904","peak":6064.0,"download":"https://data.lpdaac.earthdatacloud.nasa.gov/lp-prod-protected/EMITL2BCH4PLM.002/EMIT_L2B_CH4PLM_002_20240625T020904_003292/EMIT_L2B_CH4PLM_002_20240625T020904_003292.tif"},"geometry":{"type":"Point","coordinates":[113.02185697093616,37.939414571960164]}},{"type":"Feature","properties":{"id":"CH4_PlumeComplex-3293","date":"2024-06-25T02:09:04Z","scenes":"emit20240625t020904, emit20240625t020916","peak":2864.0,"download":"https://data.lpdaac.earthdatacloud.nasa.gov/lp-prod-protected/EMITL2BCH4PLM.002/EMIT_L2B_CH4PLM_002_20240625T020904_003293/EMIT_L2B_CH4PLM_002_20240625T020904_003293.tif"},"geometry":{"type":"Point","coordinates":[113.07228459532,37.90200052806248]}},{"type":"Feature","properties":{"id":"CH4_PlumeComplex-3294","date":"2024-06-25T02:09:40Z","scenes":"emit20240625t020940","peak":6195.0,"download":"https://data.lpdaac.earthdatacloud.nasa.gov/lp-prod-protected/EMITL2BCH4PLM.002/EMIT_L2B_CH4PLM_002_20240625T020940_003294/EMIT_L2B_CH4PLM_002_20240625T020940_003294.tif"},"geometry":{"type":"Point","coordinates":[114.17789670412273,36.360433472973625]}},{"type":"Feature","properties":{"id":"CH4_PlumeComplex-3295","date":"2024-06-25T02:09:40Z","scenes":"emit20240625t020940","peak":2063.0,"download":"https://data.lpdaac.earthdatacloud.nasa.gov/lp-prod-protected/EMITL2BCH4PLM.002/EMIT_L2B_CH4PLM_002_20240625T020940_003295/EMIT_L2B_CH4PLM_002_20240625T020940_003295.tif"},"geometry":{"type":"Point","coordinates":[114.28417427809298,36.3072946859885]}},{"type":"Feature","properties":{"id":"CH4_PlumeComplex-3297","date":"2024-06-26T15:36:04Z","scenes":"emit20240626t153604","peak":7416.0,"download":"https://data.lpdaac.earthdatacloud.nasa.gov/lp-prod-protected/EMITL2BCH4PLM.002/EMIT_L2B_CH4PLM_002_20240626T153604_003297/EMIT_L2B_CH4PLM_002_20240626T153604_003297.tif"},"geometry":{"type":"Point","coordinates":[-48.15350628014755,-15.860896087876572]}},{"type":"Feature","properties":{"id":"CH4_PlumeComplex-33","date":"2023-06-13T11:13:48Z","scenes":"emit20230613t111348","peak":1190.0,"download":"https://data.lpdaac.earthdatacloud.nasa.gov/lp-prod-protected/EMITL2BCH4PLM.002/EMIT_L2B_CH4PLM_002_20230613T111348_000033/EMIT_L2B_CH4PLM_002_20230613T111348_000033.tif"},"geometry":{"type":"Point","coordinates":[61.5824267042954,36.407607702235985]}},{"type":"Feature","properties":{"id":"CH4_PlumeComplex-3300","date":"2024-06-26T06:01:23Z","scenes":"emit20240626t060123","peak":2321.0,"download":"https://data.lpdaac.earthdatacloud.nasa.gov/lp-prod-protected/EMITL2BCH4PLM.002/EMIT_L2B_CH4PLM_002_20240626T060123_003300/EMIT_L2B_CH4PLM_002_20240626T060123_003300.tif"},"geometry":{"type":"Point","coordinates":[50.80501313167994,35.7786179787386]}},{"type":"Feature","properties":{"id":"CH4_PlumeComplex-3301","date":"2024-06-26T06:01:35Z","scenes":"emit20240626t060135","peak":4707.0,"download":"https://data.lpdaac.earthdatacloud.nasa.gov/lp-prod-protected/EMITL2BCH4PLM.002/EMIT_L2B_CH4PLM_002_20240626T060135_003301/EMIT_L2B_CH4PLM_002_20240626T060135_003301.tif"},"geometry":{"type":"Point","coordinates":[51.33477430397041,35.45544739666581]}},{"type":"Feature","properties":{"id":"CH4_PlumeComplex-331","date":"2023-06-08T16:23:22Z","scenes":"emit20230608t162322","peak":1591.0,"download":"https://data.lpdaac.earthdatacloud.nasa.gov/lp-prod-protected/EMITL2BCH4PLM.002/EMIT_L2B_CH4PLM_002_20230608T162322_000331/EMIT_L2B_CH4PLM_002_20230608T162322_000331.tif"},"geometry":{"type":"Point","coordinates":[-103.18251583088501,31.296523966299407]}},{"type":"Feature","properties":{"id":"CH4_PlumeComplex-3310","date":"2024-06-12T10:53:08Z","scenes":"emit20240612t105308","peak":2310.0,"download":"https://data.lpdaac.earthdatacloud.nasa.gov/lp-prod-protected/EMITL2BCH4PLM.002/EMIT_L2B_CH4PLM_002_20240612T105308_003310/EMIT_L2B_CH4PLM_002_20240612T105308_003310.tif"},"geometry":{"type":"Point","coordinates":[69.36780123013637,28.055057960206874]}},{"type":"Feature","properties":{"id":"CH4_PlumeComplex-3311","date":"2024-06-12T10:53:08Z","scenes":"emit20240612t105308","peak":5894.0,"download":"https://data.lpdaac.earthdatacloud.nasa.gov/lp-prod-protected/EMITL2BCH4PLM.002/EMIT_L2B_CH4PLM_002_20240612T105308_003311/EMIT_L2B_CH4PLM_002_20240612T105308_003311.tif"},"geometry":{"type":"Point","coordinates":[69.81080519918581,27.969385222006366]}},{"type":"Feature","properties":{"id":"CH4_PlumeComplex-3312","date":"2024-07-01T14:51:12Z","scenes":"emit20240701t145112","peak":3852.0,"download":"https://data.lpdaac.earthdatacloud.nasa.gov/lp-prod-protected/EMITL2BCH4PLM.002/EMIT_L2B_CH4PLM_002_20240701T145112_003312/EMIT_L2B_CH4PLM_002_20240701T145112_003312.tif"},"geometry":{"type":"Point","coordinates":[-52.02125084713624,-30.148722996631797]}},{"type":"Feature","properties":{"id":"CH4_PlumeComplex-3313","date":"2024-07-01T16:25:27Z","scenes":"emit20240701t162527, emit20240701t162539","peak":9452.0,"download":"https://data.lpdaac.earthdatacloud.nasa.gov/lp-prod-protected/EMITL2BCH4PLM.002/EMIT_L2B_CH4PLM_002_20240701T162527_003313/EMIT_L2B_CH4PLM_002_20240701T162527_003313.tif"},"geometry":{"type":"Point","coordinates":[-70.79713632605342,-33.693839214067886]}},{"type":"Feature","properties":{"id":"CH4_PlumeComplex-3317","date":"2024-07-02T04:27:11Z","scenes":"emit20240702t042711","peak":1926.0,"download":"https://data.lpdaac.earthdatacloud.nasa.gov/lp-prod-protected/EMITL2BCH4PLM.002/EMIT_L2B_CH4PLM_002_20240702T042711_003317/EMIT_L2B_CH4PLM_002_20240702T042711_003317.tif"},"geometry":{"type":"Point","coordinates":[47.93063854180088,29.037041054391164]}},{"type":"Feature","properties":{"id":"CH4_PlumeComplex-3318","date":"2024-07-03T13:15:04Z","scenes":"emit20240703t131504","peak":5397.0,"download":"https://data.lpdaac.earthdatacloud.nasa.gov/lp-prod-protected/EMITL2BCH4PLM.002/EMIT_L2B_CH4PLM_002_20240703T131504_003318/EMIT_L2B_CH4PLM_002_20240703T131504_003318.tif"},"geometry":{"type":"Point","coordinates":[-46.330520547045694,-23.882141760028976]}},{"type":"Feature","properties":{"id":"CH4_PlumeComplex-3319","date":"2024-07-03T13:15:04Z","scenes":"emit20240703t131504","peak":4649.0,"download":"https://data.lpdaac.earthdatacloud.nasa.gov/lp-prod-protected/EMITL2BCH4PLM.002/EMIT_L2B_CH4PLM_002_20240703T131504_003319/EMIT_L2B_CH4PLM_002_20240703T131504_003319.tif"},"geometry":{"type":"Point","coordinates":[-46.472585467352864,-23.716218608830527]}},{"type":"Feature","properties":{"id":"CH4_PlumeComplex-332","date":"2023-06-08T16:23:22Z","scenes":"emit20230608t162322","peak":1630.0,"download":"https://data.lpdaac.earthdatacloud.nasa.gov/lp-prod-protected/EMITL2BCH4PLM.002/EMIT_L2B_CH4PLM_002_20230608T162322_000332/EMIT_L2B_CH4PLM_002_20230608T162322_000332.tif"},"geometry":{"type":"Point","coordinates":[-103.22318326990424,31.311706476866583]}},{"type":"Feature","properties":{"id":"CH4_PlumeComplex-3320","date":"2024-07-03T13:15:04Z","scenes":"emit20240703t131504","peak":5990.0,"download":"https://data.lpdaac.earthdatacloud.nasa.gov/lp-prod-protected/EMITL2BCH4PLM.002/EMIT_L2B_CH4PLM_002_20240703T131504_003320/EMIT_L2B_CH4PLM_002_20240703T131504_003320.tif"},"geometry":{"type":"Point","coordinates":[-46.42215784296902,-23.64084828851489]}},{"type":"Feature","properties":{"id":"CH4_PlumeComplex-3321","date":"2024-07-03T13:14:52Z","scenes":"emit20240703t131452, emit20240703t131504","peak":7237.0,"download":"https://data.lpdaac.earthdatacloud.nasa.gov/lp-prod-protected/EMITL2BCH4PLM.002/EMIT_L2B_CH4PLM_002_20240703T131452_003321/EMIT_L2B_CH4PLM_002_20240703T131452_003321.tif"},"geometry":{"type":"Point","coordinates":[-46.552293647830545,-23.402265979602088]}},{"type":"Feature","properties":{"id":"CH4_PlumeComplex-3322","date":"2024-07-03T13:14:52Z","scenes":"emit20240703t131452","peak":6976.0,"download":"https://data.lpdaac.earthdatacloud.nasa.gov/lp-prod-protected/EMITL2BCH4PLM.002/EMIT_L2B_CH4PLM_002_20240703T131452_003322/EMIT_L2B_CH4PLM_002_20240703T131452_003322.tif"},"geometry":{"type":"Point","coordinates":[-46.77677791121668,-23.352922820258758]}},{"type":"Feature","properties":{"id":"CH4_PlumeComplex-3323","date":"2024-07-03T13:14:52Z","scenes":"emit20240703t131452","peak":5284.0,"download":"https://data.lpdaac.earthdatacloud.nasa.gov/lp-prod-protected/EMITL2BCH4PLM.002/EMIT_L2B_CH4PLM_002_20240703T131452_003323/EMIT_L2B_CH4PLM_002_20240703T131452_003323.tif"},"geometry":{"type":"Point","coordinates":[-46.96276366566462,-23.422328582851577]}},{"type":"Feature","properties":{"id":"CH4_PlumeComplex-3324","date":"2024-07-03T13:14:52Z","scenes":"emit20240703t131452","peak":6390.0,"download":"https://data.lpdaac.earthdatacloud.nasa.gov/lp-prod-protected/EMITL2BCH4PLM.002/EMIT_L2B_CH4PLM_002_20240703T131452_003324/EMIT_L2B_CH4PLM_002_20240703T131452_003324.tif"},"geometry":{"type":"Point","coordinates":[-46.8000939095877,-23.47980522999875]}},{"type":"Feature","properties":{"id":"CH4_PlumeComplex-3325","date":"2024-07-03T14:51:56Z","scenes":"emit20240703t145156","peak":3464.0,"download":"https://data.lpdaac.earthdatacloud.nasa.gov/lp-prod-protected/EMITL2BCH4PLM.002/EMIT_L2B_CH4PLM_002_20240703T145156_003325/EMIT_L2B_CH4PLM_002_20240703T145156_003325.tif"},"geometry":{"type":"Point","coordinates":[-58.61208713085237,-34.528877295262724]}},{"type":"Feature","properties":{"id":"CH4_PlumeComplex-3329","date":"2024-06-19T05:07:11Z","scenes":"emit20240619t050711","peak":12000.0,"download":"https://data.lpdaac.earthdatacloud.nasa.gov/lp-prod-protected/EMITL2BCH4PLM.002/EMIT_L2B_CH4PLM_002_20240619T050711_003329/EMIT_L2B_CH4PLM_002_20240619T050711_003329.tif"},"geometry":{"type":"Point","coordinates":[42.890587266017995,51.33581121741396]}},{"type":"Feature","properties":{"id":"CH4_PlumeComplex-333","date":"2023-06-08T16:23:22Z","scenes":"emit20230608t162322","peak":3213.0,"download":"https://data.lpdaac.earthdatacloud.nasa.gov/lp-prod-protected/EMITL2BCH4PLM.002/EMIT_L2B_CH4PLM_002_20230608T162322_000333/EMIT_L2B_CH4PLM_002_20230608T162322_000333.tif"},"geometry":{"type":"Point","coordinates":[-103.35711470240756,31.344240428081964]}},{"type":"Feature","properties":{"id":"CH4_PlumeComplex-3330","date":"2024-06-19T05:07:11Z","scenes":"emit20240619t050711, emit20240619t050722","peak":12197.0,"download":"https://data.lpdaac.earthdatacloud.nasa.gov/lp-prod-protected/EMITL2BCH4PLM.002/EMIT_L2B_CH4PLM_002_20240619T050711_003330/EMIT_L2B_CH4PLM_002_20240619T050711_003330.tif"},"geometry":{"type":"Point","coordinates":[43.15465450338285,51.43341307106011]}},{"type":"Feature","properties":{"id":"CH4_PlumeComplex-3332","date":"2024-06-27T16:05:44Z","scenes":"emit20240627t160544","peak":1346.0,"download":"https://data.lpdaac.earthdatacloud.nasa.gov/lp-prod-protected/EMITL2BCH4PLM.002/EMIT_L2B_CH4PLM_002_20240627T160544_003332/EMIT_L2B_CH4PLM_002_20240627T160544_003332.tif"},"geometry":{"type":"Point","coordinates":[-103.18468476096601,31.34152926548073]}},{"type":"Feature","properties":{"id":"CH4_PlumeComplex-3333","date":"2024-06-27T16:06:55Z","scenes":"emit20240627t160655","peak":7043.0,"download":"https://data.lpdaac.earthdatacloud.nasa.gov/lp-prod-protected/EMITL2BCH4PLM.002/EMIT_L2B_CH4PLM_002_20240627T160655_003333/EMIT_L2B_CH4PLM_002_20240627T160655_003333.tif"},"geometry":{"type":"Point","coordinates":[-99.61245691751706,28.335934405699692]}},{"type":"Feature","properties":{"id":"CH4_PlumeComplex-3334","date":"2024-06-27T16:06:55Z","scenes":"emit20240627t160655, emit20240627t160707","peak":7101.0,"download":"https://data.lpdaac.earthdatacloud.nasa.gov/lp-prod-protected/EMITL2BCH4PLM.002/EMIT_L2B_CH4PLM_002_20240627T160655_003334/EMIT_L2B_CH4PLM_002_20240627T160655_003334.tif"},"geometry":{"type":"Point","coordinates":[-99.72361458416961,28.018728381349717]}},{"type":"Feature","properties":{"id":"CH4_PlumeComplex-3339","date":"2024-07-19T16:58:16Z","scenes":"emit20240719t165816","peak":2255.0,"download":"https://data.lpdaac.earthdatacloud.nasa.gov/lp-prod-protected/EMITL2BCH4PLM.002/EMIT_L2B_CH4PLM_002_20240719T165816_003339/EMIT_L2B_CH4PLM_002_20240719T165816_003339.tif"},"geometry":{"type":"Point","coordinates":[-9.659335202107567,31.52046599716537]}},{"type":"Feature","properties":{"id":"CH4_PlumeComplex-334","date":"2023-06-08T16:23:22Z","scenes":"emit20230608t162322","peak":3599.0,"download":"https://data.lpdaac.earthdatacloud.nasa.gov/lp-prod-protected/EMITL2BCH4PLM.002/EMIT_L2B_CH4PLM_002_20230608T162322_000334/EMIT_L2B_CH4PLM_002_20230608T162322_000334.tif"},"geometry":{"type":"Point","coordinates":[-103.31861619346935,31.405512702870936]}},{"type":"Feature","properties":{"id":"CH4_PlumeComplex-3340","date":"2024-07-19T13:53:01Z","scenes":"emit20240719t135301","peak":2352.0,"download":"https://data.lpdaac.earthdatacloud.nasa.gov/lp-prod-protected/EMITL2BCH4PLM.002/EMIT_L2B_CH4PLM_002_20240719T135301_003340/EMIT_L2B_CH4PLM_002_20240719T135301_003340.tif"},"geometry":{"type":"Point","coordinates":[39.4978383867739,33.06908207501755]}},{"type":"Feature","properties":{"id":"CH4_PlumeComplex-3341","date":"2024-07-20T17:27:10Z","scenes":"emit20240720t172710","peak":3011.0,"download":"https://data.lpdaac.earthdatacloud.nasa.gov/lp-prod-protected/EMITL2BCH4PLM.002/EMIT_L2B_CH4PLM_002_20240720T172710_003341/EMIT_L2B_CH4PLM_002_20240720T172710_003341.tif"},"geometry":{"type":"Point","coordinates":[-66.12580316404483,-17.481086858402517]}},{"type":"Feature","properties":{"id":"CH4_PlumeComplex-3342","date":"2024-07-20T15:52:23Z","scenes":"emit20240720t155223","peak":3964.0,"download":"https://data.lpdaac.earthdatacloud.nasa.gov/lp-prod-protected/EMITL2BCH4PLM.002/EMIT_L2B_CH4PLM_002_20240720T155223_003342/EMIT_L2B_CH4PLM_002_20240720T155223_003342.tif"},"geometry":{"type":"Point","coordinates":[-47.55108595014277,-23.427750908054165]}},{"type":"Feature","properties":{"id":"CH4_PlumeComplex-3344","date":"2024-07-20T15:52:35Z","scenes":"emit20240720t155235","peak":2303.0,"download":"https://data.lpdaac.earthdatacloud.nasa.gov/lp-prod-protected/EMITL2BCH4PLM.002/EMIT_L2B_CH4PLM_002_20240720T155235_003344/EMIT_L2B_CH4PLM_002_20240720T155235_003344.tif"},"geometry":{"type":"Point","coordinates":[-47.20785276482049,-22.777614116266783]}},{"type":"Feature","properties":{"id":"CH4_PlumeComplex-3348","date":"2024-07-21T10:43:40Z","scenes":"emit20240721t104340","peak":6055.0,"download":"https://data.lpdaac.earthdatacloud.nasa.gov/lp-prod-protected/EMITL2BCH4PLM.002/EMIT_L2B_CH4PLM_002_20240721T104340_003348/EMIT_L2B_CH4PLM_002_20240721T104340_003348.tif"},"geometry":{"type":"Point","coordinates":[69.81080519918584,27.968300756965917]}},{"type":"Feature","properties":{"id":"CH4_PlumeComplex-335","date":"2023-06-08T16:23:22Z","scenes":"emit20230608t162322","peak":2457.0,"download":"https://data.lpdaac.earthdatacloud.nasa.gov/lp-prod-protected/EMITL2BCH4PLM.002/EMIT_L2B_CH4PLM_002_20230608T162322_000335/EMIT_L2B_CH4PLM_002_20230608T162322_000335.tif"},"geometry":{"type":"Point","coordinates":[-103.6374489153801,31.607223200406303]}},{"type":"Feature","properties":{"id":"CH4_PlumeComplex-3350","date":"2024-07-22T14:35:18Z","scenes":"emit20240722t143518","peak":1928.0,"download":"https://data.lpdaac.earthdatacloud.nasa.gov/lp-prod-protected/EMITL2BCH4PLM.002/EMIT_L2B_CH4PLM_002_20240722T143518_003350/EMIT_L2B_CH4PLM_002_20240722T143518_003350.tif"},"geometry":{"type":"Point","coordinates":[6.962260473831094,29.645968174639098]}},{"type":"Feature","properties":{"id":"CH4_PlumeComplex-3351","date":"2024-07-22T14:35:18Z","scenes":"emit20240722t143518","peak":2356.0,"download":"https://data.lpdaac.earthdatacloud.nasa.gov/lp-prod-protected/EMITL2BCH4PLM.002/EMIT_L2B_CH4PLM_002_20240722T143518_003351/EMIT_L2B_CH4PLM_002_20240722T143518_003351.tif"},"geometry":{"type":"Point","coordinates":[6.962260473831095,29.623194408788333]}},{"type":"Feature","properties":{"id":"CH4_PlumeComplex-3352","date":"2024-07-22T13:02:41Z","scenes":"emit20240722t130241","peak":1932.0,"download":"https://data.lpdaac.earthdatacloud.nasa.gov/lp-prod-protected/EMITL2BCH4PLM.002/EMIT_L2B_CH4PLM_002_20240722T130241_003352/EMIT_L2B_CH4PLM_002_20240722T130241_003352.tif"},"geometry":{"type":"Point","coordinates":[31.56226545282201,30.25218413228567]}},{"type":"Feature","properties":{"id":"CH4_PlumeComplex-3353","date":"2024-07-22T11:28:12Z","scenes":"emit20240722t112812","peak":2240.0,"download":"https://data.lpdaac.earthdatacloud.nasa.gov/lp-prod-protected/EMITL2BCH4PLM.002/EMIT_L2B_CH4PLM_002_20240722T112812_003353/EMIT_L2B_CH4PLM_002_20240722T112812_003353.tif"},"geometry":{"type":"Point","coordinates":[49.8821333822036,26.157786371829825]}},{"type":"Feature","properties":{"id":"CH4_PlumeComplex-3354","date":"2024-07-22T11:28:59Z","scenes":"emit20240722t112859","peak":1725.0,"download":"https://data.lpdaac.earthdatacloud.nasa.gov/lp-prod-protected/EMITL2BCH4PLM.002/EMIT_L2B_CH4PLM_002_20240722T112859_003354/EMIT_L2B_CH4PLM_002_20240722T112859_003354.tif"},"geometry":{"type":"Point","coordinates":[52.199635173779306,27.740020865937904]}},{"type":"Feature","properties":{"id":"CH4_PlumeComplex-3355","date":"2024-07-22T11:29:11Z","scenes":"emit20240722t112911","peak":2649.0,"download":"https://data.lpdaac.earthdatacloud.nasa.gov/lp-prod-protected/EMITL2BCH4PLM.002/EMIT_L2B_CH4PLM_002_20240722T112911_003355/EMIT_L2B_CH4PLM_002_20240722T112911_003355.tif"},"geometry":{"type":"Point","coordinates":[52.426288367246464,28.685132148744753]}},{"type":"Feature","properties":{"id":"CH4_PlumeComplex-3362","date":"2024-06-27T06:47:56Z","scenes":"emit20240627t064756","peak":1781.0,"download":"https://data.lpdaac.earthdatacloud.nasa.gov/lp-prod-protected/EMITL2BCH4PLM.002/EMIT_L2B_CH4PLM_002_20240627T064756_003362/EMIT_L2B_CH4PLM_002_20240627T064756_003362.tif"},"geometry":{"type":"Point","coordinates":[36.44994939041284,33.33098038230132]}},{"type":"Feature","properties":{"id":"CH4_PlumeComplex-3364","date":"2024-06-28T06:00:14Z","scenes":"emit20240628t060014","peak":1517.0,"download":"https://data.lpdaac.earthdatacloud.nasa.gov/lp-prod-protected/EMITL2BCH4PLM.002/EMIT_L2B_CH4PLM_002_20240628T060014_003364/EMIT_L2B_CH4PLM_002_20240628T060014_003364.tif"},"geometry":{"type":"Point","coordinates":[40.70376351182403,35.03792835606834]}},{"type":"Feature","properties":{"id":"CH4_PlumeComplex-3368","date":"2024-07-23T21:32:59Z","scenes":"emit20240723t213259","peak":1911.0,"download":"https://data.lpdaac.earthdatacloud.nasa.gov/lp-prod-protected/EMITL2BCH4PLM.002/EMIT_L2B_CH4PLM_002_20240723T213259_003368/EMIT_L2B_CH4PLM_002_20240723T213259_003368.tif"},"geometry":{"type":"Point","coordinates":[-101.69950988798408,32.40430500518319]}},{"type":"Feature","properties":{"id":"CH4_PlumeComplex-3369","date":"2024-07-27T19:55:17Z","scenes":"emit20240727t195517","peak":2114.0,"download":"https://data.lpdaac.earthdatacloud.nasa.gov/lp-prod-protected/EMITL2BCH4PLM.002/EMIT_L2B_CH4PLM_002_20240727T195517_003369/EMIT_L2B_CH4PLM_002_20240727T195517_003369.tif"},"geometry":{"type":"Point","coordinates":[-101.44357613842345,32.45364816452649]}},{"type":"Feature","properties":{"id":"CH4_PlumeComplex-337","date":"2023-06-08T16:23:22Z","scenes":"emit20230608t162322","peak":2965.0,"download":"https://data.lpdaac.earthdatacloud.nasa.gov/lp-prod-protected/EMITL2BCH4PLM.002/EMIT_L2B_CH4PLM_002_20230608T162322_000337/EMIT_L2B_CH4PLM_002_20230608T162322_000337.tif"},"geometry":{"type":"Point","coordinates":[-103.4845393446678,31.770977421523725]}},{"type":"Feature","properties":{"id":"CH4_PlumeComplex-3370","date":"2024-07-27T19:55:05Z","scenes":"emit20240727t195505","peak":2435.0,"download":"https://data.lpdaac.earthdatacloud.nasa.gov/lp-prod-protected/EMITL2BCH4PLM.002/EMIT_L2B_CH4PLM_002_20240727T195505_003370/EMIT_L2B_CH4PLM_002_20240727T195505_003370.tif"},"geometry":{"type":"Point","coordinates":[-101.78572485870521,31.98027917434268]}},{"type":"Feature","properties":{"id":"CH4_PlumeComplex-3371","date":"2024-07-27T19:55:05Z","scenes":"emit20240727t195505","peak":2364.0,"download":"https://data.lpdaac.earthdatacloud.nasa.gov/lp-prod-protected/EMITL2BCH4PLM.002/EMIT_L2B_CH4PLM_002_20240727T195505_003371/EMIT_L2B_CH4PLM_002_20240727T195505_003371.tif"},"geometry":{"type":"Point","coordinates":[-101.7586132326924,31.87725499549397]}},{"type":"Feature","properties":{"id":"CH4_PlumeComplex-3372","date":"2024-07-27T19:55:05Z","scenes":"emit20240727t195505","peak":2170.0,"download":"https://data.lpdaac.earthdatacloud.nasa.gov/lp-prod-protected/EMITL2BCH4PLM.002/EMIT_L2B_CH4PLM_002_20240727T195505_003372/EMIT_L2B_CH4PLM_002_20240727T195505_003372.tif"},"geometry":{"type":"Point","coordinates":[-101.76620448797598,31.85990355484577]}},{"type":"Feature","properties":{"id":"CH4_PlumeComplex-3373","date":"2024-07-27T19:54:53Z","scenes":"emit20240727t195453, emit20240727t195505","peak":3973.0,"download":"https://data.lpdaac.earthdatacloud.nasa.gov/lp-prod-protected/EMITL2BCH4PLM.002/EMIT_L2B_CH4PLM_002_20240727T195453_003373/EMIT_L2B_CH4PLM_002_20240727T195453_003373.tif"},"geometry":{"type":"Point","coordinates":[-101.70438998066676,31.54432422805656]}},{"type":"Feature","properties":{"id":"CH4_PlumeComplex-3374","date":"2025-09-22T20:49:33Z","scenes":"emit20250922t204933","peak":4699.0,"download":"https://data.lpdaac.earthdatacloud.nasa.gov/lp-prod-protected/EMITL2BCH4PLM.002/EMIT_L2B_CH4PLM_002_20250922T204933_003374/EMIT_L2B_CH4PLM_002_20250922T204933_003374.tif"},"geometry":{"type":"Point","coordinates":[-102.04762316598848,32.24271971414677]}},{"type":"Feature","properties":{"id":"CH4_PlumeComplex-3375","date":"2024-07-27T19:54:53Z","scenes":"emit20240727t195453","peak":3024.0,"download":"https://data.lpdaac.earthdatacloud.nasa.gov/lp-prod-protected/EMITL2BCH4PLM.002/EMIT_L2B_CH4PLM_002_20240727T195453_003375/EMIT_L2B_CH4PLM_002_20240727T195453_003375.tif"},"geometry":{"type":"Point","coordinates":[-101.97930186843674,31.671206637796555]}},{"type":"Feature","properties":{"id":"CH4_PlumeComplex-338","date":"2023-06-08T16:23:22Z","scenes":"emit20230608t162322","peak":2758.0,"download":"https://data.lpdaac.earthdatacloud.nasa.gov/lp-prod-protected/EMITL2BCH4PLM.002/EMIT_L2B_CH4PLM_002_20230608T162322_000338/EMIT_L2B_CH4PLM_002_20230608T162322_000338.tif"},"geometry":{"type":"Point","coordinates":[-103.50243301783627,31.75254151583501]}},{"type":"Feature","properties":{"id":"CH4_PlumeComplex-3381","date":"2024-07-28T11:21:58Z","scenes":"emit20240728t112158","peak":1506.0,"download":"https://data.lpdaac.earthdatacloud.nasa.gov/lp-prod-protected/EMITL2BCH4PLM.002/EMIT_L2B_CH4PLM_002_20240728T112158_003381/EMIT_L2B_CH4PLM_002_20240728T112158_003381.tif"},"geometry":{"type":"Point","coordinates":[18.789978438183255,28.12609042036045]}},{"type":"Feature","properties":{"id":"CH4_PlumeComplex-3382","date":"2024-07-28T09:51:47Z","scenes":"emit20240728t095147","peak":2369.0,"download":"https://data.lpdaac.earthdatacloud.nasa.gov/lp-prod-protected/EMITL2BCH4PLM.002/EMIT_L2B_CH4PLM_002_20240728T095147_003382/EMIT_L2B_CH4PLM_002_20240728T095147_003382.tif"},"geometry":{"type":"Point","coordinates":[50.972020747918805,35.42942023569345]}},{"type":"Feature","properties":{"id":"CH4_PlumeComplex-3383","date":"2024-07-28T09:51:47Z","scenes":"emit20240728t095147","peak":2512.0,"download":"https://data.lpdaac.earthdatacloud.nasa.gov/lp-prod-protected/EMITL2BCH4PLM.002/EMIT_L2B_CH4PLM_002_20240728T095147_003383/EMIT_L2B_CH4PLM_002_20240728T095147_003383.tif"},"geometry":{"type":"Point","coordinates":[50.80772429428112,35.77753351369804]}},{"type":"Feature","properties":{"id":"CH4_PlumeComplex-3384","date":"2024-07-28T09:52:46Z","scenes":"emit20240728t095246, emit20240728t095258","peak":5693.0,"download":"https://data.lpdaac.earthdatacloud.nasa.gov/lp-prod-protected/EMITL2BCH4PLM.002/EMIT_L2B_CH4PLM_002_20240728T095246_003384/EMIT_L2B_CH4PLM_002_20240728T095246_003384.tif"},"geometry":{"type":"Point","coordinates":[54.032381092245735,38.331448684105524]}},{"type":"Feature","properties":{"id":"CH4_PlumeComplex-3385","date":"2024-07-28T09:52:46Z","scenes":"emit20240728t095246","peak":5093.0,"download":"https://data.lpdaac.earthdatacloud.nasa.gov/lp-prod-protected/EMITL2BCH4PLM.002/EMIT_L2B_CH4PLM_002_20240728T095246_003385/EMIT_L2B_CH4PLM_002_20240728T095246_003385.tif"},"geometry":{"type":"Point","coordinates":[53.928272448356516,37.92965438659555]}},{"type":"Feature","properties":{"id":"CH4_PlumeComplex-3386","date":"2024-07-28T09:52:46Z","scenes":"emit20240728t095246","peak":5061.0,"download":"https://data.lpdaac.earthdatacloud.nasa.gov/lp-prod-protected/EMITL2BCH4PLM.002/EMIT_L2B_CH4PLM_002_20240728T095246_003386/EMIT_L2B_CH4PLM_002_20240728T095246_003386.tif"},"geometry":{"type":"Point","coordinates":[53.90766761258678,37.90959178334607]}},{"type":"Feature","properties":{"id":"CH4_PlumeComplex-3387","date":"2024-07-28T09:52:46Z","scenes":"emit20240728t095246","peak":2657.0,"download":"https://data.lpdaac.earthdatacloud.nasa.gov/lp-prod-protected/EMITL2BCH4PLM.002/EMIT_L2B_CH4PLM_002_20240728T095246_003387/EMIT_L2B_CH4PLM_002_20240728T095246_003387.tif"},"geometry":{"type":"Point","coordinates":[53.92447682071472,37.771864723200956]}},{"type":"Feature","properties":{"id":"CH4_PlumeComplex-3388","date":"2024-07-29T10:37:28Z","scenes":"emit20240729t103728","peak":2161.0,"download":"https://data.lpdaac.earthdatacloud.nasa.gov/lp-prod-protected/EMITL2BCH4PLM.002/EMIT_L2B_CH4PLM_002_20240729T103728_003388/EMIT_L2B_CH4PLM_002_20240729T103728_003388.tif"},"geometry":{"type":"Point","coordinates":[35.406151788919324,37.0544910989018]}},{"type":"Feature","properties":{"id":"CH4_PlumeComplex-3389","date":"2024-07-29T09:02:10Z","scenes":"emit20240729t090210","peak":13984.0,"download":"https://data.lpdaac.earthdatacloud.nasa.gov/lp-prod-protected/EMITL2BCH4PLM.002/EMIT_L2B_CH4PLM_002_20240729T090210_003389/EMIT_L2B_CH4PLM_002_20240729T090210_003389.tif"},"geometry":{"type":"Point","coordinates":[50.70415788291218,30.834541859041007]}},{"type":"Feature","properties":{"id":"CH4_PlumeComplex-339","date":"2023-06-08T16:23:34Z","scenes":"emit20230608t162334","peak":2861.0,"download":"https://data.lpdaac.earthdatacloud.nasa.gov/lp-prod-protected/EMITL2BCH4PLM.002/EMIT_L2B_CH4PLM_002_20230608T162334_000339/EMIT_L2B_CH4PLM_002_20230608T162334_000339.tif"},"geometry":{"type":"Point","coordinates":[-103.04533100326015,31.94937192068807]}},{"type":"Feature","properties":{"id":"CH4_PlumeComplex-3390","date":"2024-07-30T19:04:38Z","scenes":"emit20240730t190438","peak":2002.0,"download":"https://data.lpdaac.earthdatacloud.nasa.gov/lp-prod-protected/EMITL2BCH4PLM.002/EMIT_L2B_CH4PLM_002_20240730T190438_003390/EMIT_L2B_CH4PLM_002_20240730T190438_003390.tif"},"geometry":{"type":"Point","coordinates":[-106.39415904836365,31.966181128816046]}},{"type":"Feature","properties":{"id":"CH4_PlumeComplex-3392","date":"2024-07-30T09:52:31Z","scenes":"emit20240730t095231","peak":1715.0,"download":"https://data.lpdaac.earthdatacloud.nasa.gov/lp-prod-protected/EMITL2BCH4PLM.002/EMIT_L2B_CH4PLM_002_20240730T095231_003392/EMIT_L2B_CH4PLM_002_20240730T095231_003392.tif"},"geometry":{"type":"Point","coordinates":[52.72126285826592,43.30480535989698]}},{"type":"Feature","properties":{"id":"CH4_PlumeComplex-3393","date":"2024-07-30T09:52:31Z","scenes":"emit20240730t095231","peak":2422.0,"download":"https://data.lpdaac.earthdatacloud.nasa.gov/lp-prod-protected/EMITL2BCH4PLM.002/EMIT_L2B_CH4PLM_002_20240730T095231_003393/EMIT_L2B_CH4PLM_002_20240730T095231_003393.tif"},"geometry":{"type":"Point","coordinates":[52.77331718021053,43.29287624445134]}},{"type":"Feature","properties":{"id":"CH4_PlumeComplex-3394","date":"2024-07-30T09:52:31Z","scenes":"emit20240730t095231","peak":1775.0,"download":"https://data.lpdaac.earthdatacloud.nasa.gov/lp-prod-protected/EMITL2BCH4PLM.002/EMIT_L2B_CH4PLM_002_20240730T095231_003394/EMIT_L2B_CH4PLM_002_20240730T095231_003394.tif"},"geometry":{"type":"Point","coordinates":[52.863327778573094,43.28040489648544]}},{"type":"Feature","properties":{"id":"CH4_PlumeComplex-3397","date":"2024-08-04T16:45:35Z","scenes":"emit20240804t164535, emit20240804t164547","peak":5952.0,"download":"https://data.lpdaac.earthdatacloud.nasa.gov/lp-prod-protected/EMITL2BCH4PLM.002/EMIT_L2B_CH4PLM_002_20240804T164535_003397/EMIT_L2B_CH4PLM_002_20240804T164535_003397.tif"},"geometry":{"type":"Point","coordinates":[-87.33577042639288,40.936333711417184]}},{"type":"Feature","properties":{"id":"CH4_PlumeComplex-3398","date":"2024-08-04T10:32:00Z","scenes":"emit20240804t103200, emit20240804t103212","peak":1893.0,"download":"https://data.lpdaac.earthdatacloud.nasa.gov/lp-prod-protected/EMITL2BCH4PLM.002/EMIT_L2B_CH4PLM_002_20240804T103200_003398/EMIT_L2B_CH4PLM_002_20240804T103200_003398.tif"},"geometry":{"type":"Point","coordinates":[-0.4527692406747181,35.678847195011365]}},{"type":"Feature","properties":{"id":"CH4_PlumeComplex-3399","date":"2024-08-04T09:00:59Z","scenes":"emit20240804t090059","peak":4044.0,"download":"https://data.lpdaac.earthdatacloud.nasa.gov/lp-prod-protected/EMITL2BCH4PLM.002/EMIT_L2B_CH4PLM_002_20240804T090059_003399/EMIT_L2B_CH4PLM_002_20240804T090059_003399.tif"},"geometry":{"type":"Point","coordinates":[28.97147847103705,40.26016975865742]}},{"type":"Feature","properties":{"id":"CH4_PlumeComplex-3400","date":"2024-08-04T09:01:11Z","scenes":"emit20240804t090111","peak":4848.0,"download":"https://data.lpdaac.earthdatacloud.nasa.gov/lp-prod-protected/EMITL2BCH4PLM.002/EMIT_L2B_CH4PLM_002_20240804T090111_003400/EMIT_L2B_CH4PLM_002_20240804T090111_003400.tif"},"geometry":{"type":"Point","coordinates":[30.016360537571064,40.78830423338712]}},{"type":"Feature","properties":{"id":"CH4_PlumeComplex-3401","date":"2024-08-04T09:03:20Z","scenes":"emit20240804t090320","peak":5848.0,"download":"https://data.lpdaac.earthdatacloud.nasa.gov/lp-prod-protected/EMITL2BCH4PLM.002/EMIT_L2B_CH4PLM_002_20240804T090320_003401/EMIT_L2B_CH4PLM_002_20240804T090320_003401.tif"},"geometry":{"type":"Point","coordinates":[38.76528225190758,45.17496532226117]}},{"type":"Feature","properties":{"id":"CH4_PlumeComplex-3402","date":"2024-08-05T17:28:03Z","scenes":"emit20240805t172803","peak":2981.0,"download":"https://data.lpdaac.earthdatacloud.nasa.gov/lp-prod-protected/EMITL2BCH4PLM.002/EMIT_L2B_CH4PLM_002_20240805T172803_003402/EMIT_L2B_CH4PLM_002_20240805T172803_003402.tif"},"geometry":{"type":"Point","coordinates":[-116.75134241778068,32.409185097865475]}},{"type":"Feature","properties":{"id":"CH4_PlumeComplex-3403","date":"2024-08-05T15:52:50Z","scenes":"emit20240805t155250","peak":3385.0,"download":"https://data.lpdaac.earthdatacloud.nasa.gov/lp-prod-protected/EMITL2BCH4PLM.002/EMIT_L2B_CH4PLM_002_20240805T155250_003403/EMIT_L2B_CH4PLM_002_20240805T155250_003403.tif"},"geometry":{"type":"Point","coordinates":[-100.32928830929579,25.843833742601458]}},{"type":"Feature","properties":{"id":"CH4_PlumeComplex-3404","date":"2024-08-05T09:45:06Z","scenes":"emit20240805t094506","peak":3972.0,"download":"https://data.lpdaac.earthdatacloud.nasa.gov/lp-prod-protected/EMITL2BCH4PLM.002/EMIT_L2B_CH4PLM_002_20240805T094506_003404/EMIT_L2B_CH4PLM_002_20240805T094506_003404.tif"},"geometry":{"type":"Point","coordinates":[6.0187758885850196,35.92502075920774]}},{"type":"Feature","properties":{"id":"CH4_PlumeComplex-3409","date":"2024-08-06T15:07:10Z","scenes":"emit20240806t150710","peak":4866.0,"download":"https://data.lpdaac.earthdatacloud.nasa.gov/lp-prod-protected/EMITL2BCH4PLM.002/EMIT_L2B_CH4PLM_002_20240806T150710_003409/EMIT_L2B_CH4PLM_002_20240806T150710_003409.tif"},"geometry":{"type":"Point","coordinates":[-90.26274157073674,29.931182480293927]}},{"type":"Feature","properties":{"id":"CH4_PlumeComplex-341","date":"2023-06-08T16:23:34Z","scenes":"emit20230608t162334","peak":4386.0,"download":"https://data.lpdaac.earthdatacloud.nasa.gov/lp-prod-protected/EMITL2BCH4PLM.002/EMIT_L2B_CH4PLM_002_20230608T162334_000341/EMIT_L2B_CH4PLM_002_20230608T162334_000341.tif"},"geometry":{"type":"Point","coordinates":[-102.52424555129377,32.020404380841654]}},{"type":"Feature","properties":{"id":"CH4_PlumeComplex-3410","date":"2024-08-06T08:56:22Z","scenes":"emit20240806t085622","peak":1165.0,"download":"https://data.lpdaac.earthdatacloud.nasa.gov/lp-prod-protected/EMITL2BCH4PLM.002/EMIT_L2B_CH4PLM_002_20240806T085622_003410/EMIT_L2B_CH4PLM_002_20240806T085622_003410.tif"},"geometry":{"type":"Point","coordinates":[6.001966680457073,31.686389148363748]}},{"type":"Feature","properties":{"id":"CH4_PlumeComplex-3411","date":"2024-08-06T08:56:22Z","scenes":"emit20240806t085622","peak":1601.0,"download":"https://data.lpdaac.earthdatacloud.nasa.gov/lp-prod-protected/EMITL2BCH4PLM.002/EMIT_L2B_CH4PLM_002_20240806T085622_003411/EMIT_L2B_CH4PLM_002_20240806T085622_003411.tif"},"geometry":{"type":"Point","coordinates":[5.932560917864258,31.761217236159126]}},{"type":"Feature","properties":{"id":"CH4_PlumeComplex-3412","date":"2024-08-06T08:56:22Z","scenes":"emit20240806t085622","peak":1568.0,"download":"https://data.lpdaac.earthdatacloud.nasa.gov/lp-prod-protected/EMITL2BCH4PLM.002/EMIT_L2B_CH4PLM_002_20240806T085622_003412/EMIT_L2B_CH4PLM_002_20240806T085622_003412.tif"},"geometry":{"type":"Point","coordinates":[5.940694405668104,31.837129788995018]}},{"type":"Feature","properties":{"id":"CH4_PlumeComplex-3413","date":"2024-08-06T08:56:22Z","scenes":"emit20240806t085622","peak":3498.0,"download":"https://data.lpdaac.earthdatacloud.nasa.gov/lp-prod-protected/EMITL2BCH4PLM.002/EMIT_L2B_CH4PLM_002_20240806T085622_003413/EMIT_L2B_CH4PLM_002_20240806T085622_003413.tif"},"geometry":{"type":"Point","coordinates":[5.994375425173485,31.778568676807332]}},{"type":"Feature","properties":{"id":"CH4_PlumeComplex-3414","date":"2024-08-06T07:22:53Z","scenes":"emit20240806t072253","peak":5690.0,"download":"https://data.lpdaac.earthdatacloud.nasa.gov/lp-prod-protected/EMITL2BCH4PLM.002/EMIT_L2B_CH4PLM_002_20240806T072253_003414/EMIT_L2B_CH4PLM_002_20240806T072253_003414.tif"},"geometry":{"type":"Point","coordinates":[27.81598097037075,29.84713643965422]}},{"type":"Feature","properties":{"id":"CH4_PlumeComplex-3416","date":"2024-08-07T17:28:38Z","scenes":"emit20240807t172838","peak":5899.0,"download":"https://data.lpdaac.earthdatacloud.nasa.gov/lp-prod-protected/EMITL2BCH4PLM.002/EMIT_L2B_CH4PLM_002_20240807T172838_003416/EMIT_L2B_CH4PLM_002_20240807T172838_003416.tif"},"geometry":{"type":"Point","coordinates":[-121.94050763663364,37.46062325657384]}},{"type":"Feature","properties":{"id":"CH4_PlumeComplex-3417","date":"2024-08-07T17:28:50Z","scenes":"emit20240807t172850","peak":2195.0,"download":"https://data.lpdaac.earthdatacloud.nasa.gov/lp-prod-protected/EMITL2BCH4PLM.002/EMIT_L2B_CH4PLM_002_20240807T172850_003417/EMIT_L2B_CH4PLM_002_20240807T172850_003417.tif"},"geometry":{"type":"Point","coordinates":[-121.6428219830129,37.755055515073046]}},{"type":"Feature","properties":{"id":"CH4_PlumeComplex-3419","date":"2024-08-07T06:36:06Z","scenes":"emit20240807t063606","peak":3382.0,"download":"https://data.lpdaac.earthdatacloud.nasa.gov/lp-prod-protected/EMITL2BCH4PLM.002/EMIT_L2B_CH4PLM_002_20240807T063606_003419/EMIT_L2B_CH4PLM_002_20240807T063606_003419.tif"},"geometry":{"type":"Point","coordinates":[35.20552575642451,31.134938675263022]}},{"type":"Feature","properties":{"id":"CH4_PlumeComplex-342","date":"2023-06-08T16:23:34Z","scenes":"emit20230608t162334","peak":4874.0,"download":"https://data.lpdaac.earthdatacloud.nasa.gov/lp-prod-protected/EMITL2BCH4PLM.002/EMIT_L2B_CH4PLM_002_20230608T162334_000342/EMIT_L2B_CH4PLM_002_20230608T162334_000342.tif"},"geometry":{"type":"Point","coordinates":[-102.5128586683684,32.03179126376704]}},{"type":"Feature","properties":{"id":"CH4_PlumeComplex-3420","date":"2024-08-07T06:36:06Z","scenes":"emit20240807t063606","peak":2672.0,"download":"https://data.lpdaac.earthdatacloud.nasa.gov/lp-prod-protected/EMITL2BCH4PLM.002/EMIT_L2B_CH4PLM_002_20240807T063606_003420/EMIT_L2B_CH4PLM_002_20240807T063606_003420.tif"},"geometry":{"type":"Point","coordinates":[35.22613059219425,31.619694548372216]}},{"type":"Feature","properties":{"id":"CH4_PlumeComplex-3421","date":"2024-08-07T06:37:53Z","scenes":"emit20240807t063753","peak":1582.0,"download":"https://data.lpdaac.earthdatacloud.nasa.gov/lp-prod-protected/EMITL2BCH4PLM.002/EMIT_L2B_CH4PLM_002_20240807T063753_003421/EMIT_L2B_CH4PLM_002_20240807T063753_003421.tif"},"geometry":{"type":"Point","coordinates":[40.456505482587104,35.30308005847374]}},{"type":"Feature","properties":{"id":"CH4_PlumeComplex-3422","date":"2024-08-07T06:41:02Z","scenes":"emit20240807t064102, emit20240807t064114","peak":2252.0,"download":"https://data.lpdaac.earthdatacloud.nasa.gov/lp-prod-protected/EMITL2BCH4PLM.002/EMIT_L2B_CH4PLM_002_20240807T064102_003422/EMIT_L2B_CH4PLM_002_20240807T064102_003422.tif"},"geometry":{"type":"Point","coordinates":[52.727227415988686,43.3004674997349]}},{"type":"Feature","properties":{"id":"CH4_PlumeComplex-3423","date":"2024-08-07T06:41:14Z","scenes":"emit20240807t064114","peak":2681.0,"download":"https://data.lpdaac.earthdatacloud.nasa.gov/lp-prod-protected/EMITL2BCH4PLM.002/EMIT_L2B_CH4PLM_002_20240807T064114_003423/EMIT_L2B_CH4PLM_002_20240807T064114_003423.tif"},"geometry":{"type":"Point","coordinates":[52.8649544761338,43.29450294201208]}},{"type":"Feature","properties":{"id":"CH4_PlumeComplex-343","date":"2023-06-08T16:23:34Z","scenes":"emit20230608t162334","peak":2125.0,"download":"https://data.lpdaac.earthdatacloud.nasa.gov/lp-prod-protected/EMITL2BCH4PLM.002/EMIT_L2B_CH4PLM_002_20230608T162334_000343/EMIT_L2B_CH4PLM_002_20230608T162334_000343.tif"},"geometry":{"type":"Point","coordinates":[-102.60991828949427,32.023657775963194]}},{"type":"Feature","properties":{"id":"CH4_PlumeComplex-3430","date":"2024-08-01T08:12:31Z","scenes":"emit20240801t081231","peak":1731.0,"download":"https://data.lpdaac.earthdatacloud.nasa.gov/lp-prod-protected/EMITL2BCH4PLM.002/EMIT_L2B_CH4PLM_002_20240801T081231_003430/EMIT_L2B_CH4PLM_002_20240801T081231_003430.tif"},"geometry":{"type":"Point","coordinates":[45.74544148516774,31.034083426495382]}},{"type":"Feature","properties":{"id":"CH4_PlumeComplex-3435","date":"2024-08-01T08:14:11Z","scenes":"emit20240801t081411","peak":2751.0,"download":"https://data.lpdaac.earthdatacloud.nasa.gov/lp-prod-protected/EMITL2BCH4PLM.002/EMIT_L2B_CH4PLM_002_20240801T081411_003435/EMIT_L2B_CH4PLM_002_20240801T081411_003435.tif"},"geometry":{"type":"Point","coordinates":[51.333147606409604,35.45653186170628]}},{"type":"Feature","properties":{"id":"CH4_PlumeComplex-3436","date":"2024-08-01T08:15:56Z","scenes":"emit20240801t081556","peak":2227.0,"download":"https://data.lpdaac.earthdatacloud.nasa.gov/lp-prod-protected/EMITL2BCH4PLM.002/EMIT_L2B_CH4PLM_002_20240801T081556_003436/EMIT_L2B_CH4PLM_002_20240801T081556_003436.tif"},"geometry":{"type":"Point","coordinates":[57.758060738927284,39.55580971484438]}},{"type":"Feature","properties":{"id":"CH4_PlumeComplex-3439","date":"2024-08-12T21:39:03Z","scenes":"emit20240812t213903","peak":2700.0,"download":"https://data.lpdaac.earthdatacloud.nasa.gov/lp-prod-protected/EMITL2BCH4PLM.002/EMIT_L2B_CH4PLM_002_20240812T213903_003439/EMIT_L2B_CH4PLM_002_20240812T213903_003439.tif"},"geometry":{"type":"Point","coordinates":[-102.09371293021086,32.30670315153702]}},{"type":"Feature","properties":{"id":"CH4_PlumeComplex-344","date":"2023-06-08T16:23:34Z","scenes":"emit20230608t162334","peak":1935.0,"download":"https://data.lpdaac.earthdatacloud.nasa.gov/lp-prod-protected/EMITL2BCH4PLM.002/EMIT_L2B_CH4PLM_002_20230608T162334_000344/EMIT_L2B_CH4PLM_002_20230608T162334_000344.tif"},"geometry":{"type":"Point","coordinates":[-102.4792402521125,32.14078000033857]}},{"type":"Feature","properties":{"id":"CH4_PlumeComplex-3440","date":"2024-08-12T21:39:03Z","scenes":"emit20240812t213903","peak":4057.0,"download":"https://data.lpdaac.earthdatacloud.nasa.gov/lp-prod-protected/EMITL2BCH4PLM.002/EMIT_L2B_CH4PLM_002_20240812T213903_003440/EMIT_L2B_CH4PLM_002_20240812T213903_003440.tif"},"geometry":{"type":"Point","coordinates":[-101.82042774000165,32.33273031250933]}},{"type":"Feature","properties":{"id":"CH4_PlumeComplex-3441","date":"2024-08-12T21:39:03Z","scenes":"emit20240812t213903","peak":3006.0,"download":"https://data.lpdaac.earthdatacloud.nasa.gov/lp-prod-protected/EMITL2BCH4PLM.002/EMIT_L2B_CH4PLM_002_20240812T213903_003441/EMIT_L2B_CH4PLM_002_20240812T213903_003441.tif"},"geometry":{"type":"Point","coordinates":[-101.8372369481296,32.298569663733176]}},{"type":"Feature","properties":{"id":"CH4_PlumeComplex-3442","date":"2024-08-12T21:39:03Z","scenes":"emit20240812t213903","peak":5261.0,"download":"https://data.lpdaac.earthdatacloud.nasa.gov/lp-prod-protected/EMITL2BCH4PLM.002/EMIT_L2B_CH4PLM_002_20240812T213903_003442/EMIT_L2B_CH4PLM_002_20240812T213903_003442.tif"},"geometry":{"type":"Point","coordinates":[-101.98092856599753,32.26766241007857]}},{"type":"Feature","properties":{"id":"CH4_PlumeComplex-3443","date":"2024-08-12T21:39:03Z","scenes":"emit20240812t213903","peak":2183.0,"download":"https://data.lpdaac.earthdatacloud.nasa.gov/lp-prod-protected/EMITL2BCH4PLM.002/EMIT_L2B_CH4PLM_002_20240812T213903_003443/EMIT_L2B_CH4PLM_002_20240812T213903_003443.tif"},"geometry":{"type":"Point","coordinates":[-101.91586066356678,32.2362129239037]}},{"type":"Feature","properties":{"id":"CH4_PlumeComplex-3444","date":"2024-08-12T21:39:03Z","scenes":"emit20240812t213903","peak":3172.0,"download":"https://data.lpdaac.earthdatacloud.nasa.gov/lp-prod-protected/EMITL2BCH4PLM.002/EMIT_L2B_CH4PLM_002_20240812T213903_003444/EMIT_L2B_CH4PLM_002_20240812T213903_003444.tif"},"geometry":{"type":"Point","coordinates":[-101.99611107656472,32.203136740168055]}},{"type":"Feature","properties":{"id":"CH4_PlumeComplex-3445","date":"2024-08-12T21:39:14Z","scenes":"emit20240812t213914, emit20240812t213926","peak":1302.0,"download":"https://data.lpdaac.earthdatacloud.nasa.gov/lp-prod-protected/EMITL2BCH4PLM.002/EMIT_L2B_CH4PLM_002_20240812T213914_003445/EMIT_L2B_CH4PLM_002_20240812T213914_003445.tif"},"geometry":{"type":"Point","coordinates":[-101.25704815145528,31.148494488269424]}},{"type":"Feature","properties":{"id":"CH4_PlumeComplex-3446","date":"2024-08-12T13:53:06Z","scenes":"emit20240812t135306","peak":1744.0,"download":"https://data.lpdaac.earthdatacloud.nasa.gov/lp-prod-protected/EMITL2BCH4PLM.002/EMIT_L2B_CH4PLM_002_20240812T135306_003446/EMIT_L2B_CH4PLM_002_20240812T135306_003446.tif"},"geometry":{"type":"Point","coordinates":[10.076844070183665,36.73891177211262]}},{"type":"Feature","properties":{"id":"CH4_PlumeComplex-3447","date":"2024-08-12T12:22:01Z","scenes":"emit20240812t122201","peak":4563.0,"download":"https://data.lpdaac.earthdatacloud.nasa.gov/lp-prod-protected/EMITL2BCH4PLM.002/EMIT_L2B_CH4PLM_002_20240812T122201_003447/EMIT_L2B_CH4PLM_002_20240812T122201_003447.tif"},"geometry":{"type":"Point","coordinates":[39.79769297047569,31.723260959741207]}},{"type":"Feature","properties":{"id":"CH4_PlumeComplex-3448","date":"2024-08-12T10:46:14Z","scenes":"emit20240812t104614","peak":5529.0,"download":"https://data.lpdaac.earthdatacloud.nasa.gov/lp-prod-protected/EMITL2BCH4PLM.002/EMIT_L2B_CH4PLM_002_20240812T104614_003448/EMIT_L2B_CH4PLM_002_20240812T104614_003448.tif"},"geometry":{"type":"Point","coordinates":[53.52810484840733,39.47393260428571]}},{"type":"Feature","properties":{"id":"CH4_PlumeComplex-3449","date":"2024-08-12T10:46:14Z","scenes":"emit20240812t104614","peak":3007.0,"download":"https://data.lpdaac.earthdatacloud.nasa.gov/lp-prod-protected/EMITL2BCH4PLM.002/EMIT_L2B_CH4PLM_002_20240812T104614_003449/EMIT_L2B_CH4PLM_002_20240812T104614_003449.tif"},"geometry":{"type":"Point","coordinates":[53.662036280910655,39.48640395225161]}},{"type":"Feature","properties":{"id":"CH4_PlumeComplex-345","date":"2023-06-08T16:23:34Z","scenes":"emit20230608t162334","peak":3615.0,"download":"https://data.lpdaac.earthdatacloud.nasa.gov/lp-prod-protected/EMITL2BCH4PLM.002/EMIT_L2B_CH4PLM_002_20230608T162334_000345/EMIT_L2B_CH4PLM_002_20230608T162334_000345.tif"},"geometry":{"type":"Point","coordinates":[-102.52316108625327,32.16301153366908]}},{"type":"Feature","properties":{"id":"CH4_PlumeComplex-3452","date":"2024-08-13T11:35:29Z","scenes":"emit20240813t113529","peak":3913.0,"download":"https://data.lpdaac.earthdatacloud.nasa.gov/lp-prod-protected/EMITL2BCH4PLM.002/EMIT_L2B_CH4PLM_002_20240813T113529_003452/EMIT_L2B_CH4PLM_002_20240813T113529_003452.tif"},"geometry":{"type":"Point","coordinates":[47.90081575318685,29.89159950631519]}},{"type":"Feature","properties":{"id":"CH4_PlumeComplex-3454","date":"2024-08-14T12:20:58Z","scenes":"emit20240814t122058","peak":1581.0,"download":"https://data.lpdaac.earthdatacloud.nasa.gov/lp-prod-protected/EMITL2BCH4PLM.002/EMIT_L2B_CH4PLM_002_20240814T122058_003454/EMIT_L2B_CH4PLM_002_20240814T122058_003454.tif"},"geometry":{"type":"Point","coordinates":[31.357301560165013,29.790202025027256]}},{"type":"Feature","properties":{"id":"CH4_PlumeComplex-3455","date":"2024-08-15T08:23:21Z","scenes":"emit20240815t082321","peak":2202.0,"download":"https://data.lpdaac.earthdatacloud.nasa.gov/lp-prod-protected/EMITL2BCH4PLM.002/EMIT_L2B_CH4PLM_002_20240815T082321_003455/EMIT_L2B_CH4PLM_002_20240815T082321_003455.tif"},"geometry":{"type":"Point","coordinates":[69.48438122199151,41.09141221221045]}},{"type":"Feature","properties":{"id":"CH4_PlumeComplex-346","date":"2023-06-08T16:23:34Z","scenes":"emit20230608t162334, emit20230608t162346","peak":1654.0,"download":"https://data.lpdaac.earthdatacloud.nasa.gov/lp-prod-protected/EMITL2BCH4PLM.002/EMIT_L2B_CH4PLM_002_20230608T162334_000346/EMIT_L2B_CH4PLM_002_20230608T162334_000346.tif"},"geometry":{"type":"Point","coordinates":[-102.45050192853891,32.27904929300394]}},{"type":"Feature","properties":{"id":"CH4_PlumeComplex-3461","date":"2024-08-23T15:58:29Z","scenes":"emit20240823t155829","peak":4260.0,"download":"https://data.lpdaac.earthdatacloud.nasa.gov/lp-prod-protected/EMITL2BCH4PLM.002/EMIT_L2B_CH4PLM_002_20240823T155829_003461/EMIT_L2B_CH4PLM_002_20240823T155829_003461.tif"},"geometry":{"type":"Point","coordinates":[-90.10712083742317,38.66925954422523]}},{"type":"Feature","properties":{"id":"CH4_PlumeComplex-3462","date":"2024-08-23T17:34:10Z","scenes":"emit20240823t173410","peak":1832.0,"download":"https://data.lpdaac.earthdatacloud.nasa.gov/lp-prod-protected/EMITL2BCH4PLM.002/EMIT_L2B_CH4PLM_002_20240823T173410_003462/EMIT_L2B_CH4PLM_002_20240823T173410_003462.tif"},"geometry":{"type":"Point","coordinates":[-103.93784573160264,31.728141052423563]}},{"type":"Feature","properties":{"id":"CH4_PlumeComplex-3463","date":"2024-08-23T17:34:10Z","scenes":"emit20240823t173410","peak":2083.0,"download":"https://data.lpdaac.earthdatacloud.nasa.gov/lp-prod-protected/EMITL2BCH4PLM.002/EMIT_L2B_CH4PLM_002_20240823T173410_003463/EMIT_L2B_CH4PLM_002_20240823T173410_003463.tif"},"geometry":{"type":"Point","coordinates":[-103.87874238689469,31.767181793882024]}},{"type":"Feature","properties":{"id":"CH4_PlumeComplex-3464","date":"2024-08-23T17:34:10Z","scenes":"emit20240823t173410","peak":2715.0,"download":"https://data.lpdaac.earthdatacloud.nasa.gov/lp-prod-protected/EMITL2BCH4PLM.002/EMIT_L2B_CH4PLM_002_20240823T173410_003464/EMIT_L2B_CH4PLM_002_20240823T173410_003464.tif"},"geometry":{"type":"Point","coordinates":[-103.8651865738883,31.7351900751869]}},{"type":"Feature","properties":{"id":"CH4_PlumeComplex-3465","date":"2024-08-23T17:34:21Z","scenes":"emit20240823t173421","peak":3536.0,"download":"https://data.lpdaac.earthdatacloud.nasa.gov/lp-prod-protected/EMITL2BCH4PLM.002/EMIT_L2B_CH4PLM_002_20240823T173421_003465/EMIT_L2B_CH4PLM_002_20240823T173421_003465.tif"},"geometry":{"type":"Point","coordinates":[-103.24595703575551,31.01293635820542]}},{"type":"Feature","properties":{"id":"CH4_PlumeComplex-3466","date":"2024-08-23T17:35:27Z","scenes":"emit20240823t173527","peak":2390.0,"download":"https://data.lpdaac.earthdatacloud.nasa.gov/lp-prod-protected/EMITL2BCH4PLM.002/EMIT_L2B_CH4PLM_002_20240823T173527_003466/EMIT_L2B_CH4PLM_002_20240823T173527_003466.tif"},"geometry":{"type":"Point","coordinates":[-99.96545028820468,28.06536037809179]}},{"type":"Feature","properties":{"id":"CH4_PlumeComplex-3467","date":"2024-08-23T17:35:27Z","scenes":"emit20240823t173527","peak":2019.0,"download":"https://data.lpdaac.earthdatacloud.nasa.gov/lp-prod-protected/EMITL2BCH4PLM.002/EMIT_L2B_CH4PLM_002_20240823T173527_003467/EMIT_L2B_CH4PLM_002_20240823T173527_003467.tif"},"geometry":{"type":"Point","coordinates":[-99.8906222004093,27.997581313059744]}},{"type":"Feature","properties":{"id":"CH4_PlumeComplex-3468","date":"2024-08-23T17:36:03Z","scenes":"emit20240823t173603","peak":6557.0,"download":"https://data.lpdaac.earthdatacloud.nasa.gov/lp-prod-protected/EMITL2BCH4PLM.002/EMIT_L2B_CH4PLM_002_20240823T173603_003468/EMIT_L2B_CH4PLM_002_20240823T173603_003468.tif"},"geometry":{"type":"Point","coordinates":[-98.86851389972604,25.953906944213497]}},{"type":"Feature","properties":{"id":"CH4_PlumeComplex-3469","date":"2024-08-23T17:38:14Z","scenes":"emit20240823t173814, emit20240823t173826","peak":12151.0,"download":"https://data.lpdaac.earthdatacloud.nasa.gov/lp-prod-protected/EMITL2BCH4PLM.002/EMIT_L2B_CH4PLM_002_20240823T173814_003469/EMIT_L2B_CH4PLM_002_20240823T173814_003469.tif"},"geometry":{"type":"Point","coordinates":[-92.2023072956938,19.591350551525217]}},{"type":"Feature","properties":{"id":"CH4_PlumeComplex-3471","date":"2024-08-23T08:16:26Z","scenes":"emit20240823t081626","peak":3314.0,"download":"https://data.lpdaac.earthdatacloud.nasa.gov/lp-prod-protected/EMITL2BCH4PLM.002/EMIT_L2B_CH4PLM_002_20240823T081626_003471/EMIT_L2B_CH4PLM_002_20240823T081626_003471.tif"},"geometry":{"type":"Point","coordinates":[35.54387884906448,32.64397177913647]}},{"type":"Feature","properties":{"id":"CH4_PlumeComplex-3472","date":"2024-08-23T08:16:38Z","scenes":"emit20240823t081638","peak":2852.0,"download":"https://data.lpdaac.earthdatacloud.nasa.gov/lp-prod-protected/EMITL2BCH4PLM.002/EMIT_L2B_CH4PLM_002_20240823T081638_003472/EMIT_L2B_CH4PLM_002_20240823T081638_003472.tif"},"geometry":{"type":"Point","coordinates":[36.115934157934944,32.51166704419392]}},{"type":"Feature","properties":{"id":"CH4_PlumeComplex-3473","date":"2024-08-23T06:40:50Z","scenes":"emit20240823t064050","peak":5905.0,"download":"https://data.lpdaac.earthdatacloud.nasa.gov/lp-prod-protected/EMITL2BCH4PLM.002/EMIT_L2B_CH4PLM_002_20240823T064050_003473/EMIT_L2B_CH4PLM_002_20240823T064050_003473.tif"},"geometry":{"type":"Point","coordinates":[49.22548980017309,39.9424215017872]}},{"type":"Feature","properties":{"id":"CH4_PlumeComplex-3475","date":"2024-08-23T05:17:29Z","scenes":"emit20240823t051729","peak":2556.0,"download":"https://data.lpdaac.earthdatacloud.nasa.gov/lp-prod-protected/EMITL2BCH4PLM.002/EMIT_L2B_CH4PLM_002_20240823T051729_003475/EMIT_L2B_CH4PLM_002_20240823T051729_003475.tif"},"geometry":{"type":"Point","coordinates":[100.68118704242099,13.582871994564428]}},{"type":"Feature","properties":{"id":"CH4_PlumeComplex-3479","date":"2024-08-24T10:34:24Z","scenes":"emit20240824t103424","peak":2548.0,"download":"https://data.lpdaac.earthdatacloud.nasa.gov/lp-prod-protected/EMITL2BCH4PLM.002/EMIT_L2B_CH4PLM_002_20240824T103424_003479/EMIT_L2B_CH4PLM_002_20240824T103424_003479.tif"},"geometry":{"type":"Point","coordinates":[-6.805023215478061,33.86941727491596]}},{"type":"Feature","properties":{"id":"CH4_PlumeComplex-3481","date":"2024-08-24T07:28:09Z","scenes":"emit20240824t072809","peak":3863.0,"download":"https://data.lpdaac.earthdatacloud.nasa.gov/lp-prod-protected/EMITL2BCH4PLM.002/EMIT_L2B_CH4PLM_002_20240824T072809_003481/EMIT_L2B_CH4PLM_002_20240824T072809_003481.tif"},"geometry":{"type":"Point","coordinates":[38.61779500639777,35.36977465846532]}},{"type":"Feature","properties":{"id":"CH4_PlumeComplex-3482","date":"2024-08-24T05:54:59Z","scenes":"emit20240824t055459","peak":7031.0,"download":"https://data.lpdaac.earthdatacloud.nasa.gov/lp-prod-protected/EMITL2BCH4PLM.002/EMIT_L2B_CH4PLM_002_20240824T055459_003482/EMIT_L2B_CH4PLM_002_20240824T055459_003482.tif"},"geometry":{"type":"Point","coordinates":[61.457713224636514,36.47267560466676]}},{"type":"Feature","properties":{"id":"CH4_PlumeComplex-3483","date":"2024-08-24T05:54:59Z","scenes":"emit20240824t055459","peak":4464.0,"download":"https://data.lpdaac.earthdatacloud.nasa.gov/lp-prod-protected/EMITL2BCH4PLM.002/EMIT_L2B_CH4PLM_002_20240824T055459_003483/EMIT_L2B_CH4PLM_002_20240824T055459_003483.tif"},"geometry":{"type":"Point","coordinates":[61.55748400836368,36.40164314451317]}},{"type":"Feature","properties":{"id":"CH4_PlumeComplex-3486","date":"2024-08-25T17:31:15Z","scenes":"emit20240825t173115","peak":2129.0,"download":"https://data.lpdaac.earthdatacloud.nasa.gov/lp-prod-protected/EMITL2BCH4PLM.002/EMIT_L2B_CH4PLM_002_20240825T173115_003486/EMIT_L2B_CH4PLM_002_20240825T173115_003486.tif"},"geometry":{"type":"Point","coordinates":[-117.83580745829369,33.94587206027206]}},{"type":"Feature","properties":{"id":"CH4_PlumeComplex-3488","date":"2024-08-25T17:31:39Z","scenes":"emit20240825t173139","peak":2753.0,"download":"https://data.lpdaac.earthdatacloud.nasa.gov/lp-prod-protected/EMITL2BCH4PLM.002/EMIT_L2B_CH4PLM_002_20240825T173139_003488/EMIT_L2B_CH4PLM_002_20240825T173139_003488.tif"},"geometry":{"type":"Point","coordinates":[-117.16669252829733,32.8592380896783]}},{"type":"Feature","properties":{"id":"CH4_PlumeComplex-3489","date":"2024-08-25T17:31:51Z","scenes":"emit20240825t173151","peak":6253.0,"download":"https://data.lpdaac.earthdatacloud.nasa.gov/lp-prod-protected/EMITL2BCH4PLM.002/EMIT_L2B_CH4PLM_002_20240825T173151_003489/EMIT_L2B_CH4PLM_002_20240825T173151_003489.tif"},"geometry":{"type":"Point","coordinates":[-116.74429339501762,32.41298072550732]}},{"type":"Feature","properties":{"id":"CH4_PlumeComplex-3491","date":"2024-08-25T08:15:50Z","scenes":"emit20240825t081550","peak":1461.0,"download":"https://data.lpdaac.earthdatacloud.nasa.gov/lp-prod-protected/EMITL2BCH4PLM.002/EMIT_L2B_CH4PLM_002_20240825T081550_003491/EMIT_L2B_CH4PLM_002_20240825T081550_003491.tif"},"geometry":{"type":"Point","coordinates":[28.540945849953477,29.552704181155022]}},{"type":"Feature","properties":{"id":"CH4_PlumeComplex-3492","date":"2024-08-25T08:15:50Z","scenes":"emit20240825t081550","peak":1985.0,"download":"https://data.lpdaac.earthdatacloud.nasa.gov/lp-prod-protected/EMITL2BCH4PLM.002/EMIT_L2B_CH4PLM_002_20240825T081550_003492/EMIT_L2B_CH4PLM_002_20240825T081550_003492.tif"},"geometry":{"type":"Point","coordinates":[28.618485100350135,29.60367403805912]}},{"type":"Feature","properties":{"id":"CH4_PlumeComplex-3494","date":"2024-08-25T06:42:25Z","scenes":"emit20240825t064225","peak":4342.0,"download":"https://data.lpdaac.earthdatacloud.nasa.gov/lp-prod-protected/EMITL2BCH4PLM.002/EMIT_L2B_CH4PLM_002_20240825T064225_003494/EMIT_L2B_CH4PLM_002_20240825T064225_003494.tif"},"geometry":{"type":"Point","coordinates":[49.95045467975589,30.99504268503692]}},{"type":"Feature","properties":{"id":"CH4_PlumeComplex-3495","date":"2024-08-25T06:42:37Z","scenes":"emit20240825t064237","peak":3607.0,"download":"https://data.lpdaac.earthdatacloud.nasa.gov/lp-prod-protected/EMITL2BCH4PLM.002/EMIT_L2B_CH4PLM_002_20240825T064237_003495/EMIT_L2B_CH4PLM_002_20240825T064237_003495.tif"},"geometry":{"type":"Point","coordinates":[50.30778591060484,30.585657132243366]}},{"type":"Feature","properties":{"id":"CH4_PlumeComplex-3496","date":"2024-08-25T06:42:37Z","scenes":"emit20240825t064237","peak":9284.0,"download":"https://data.lpdaac.earthdatacloud.nasa.gov/lp-prod-protected/EMITL2BCH4PLM.002/EMIT_L2B_CH4PLM_002_20240825T064237_003496/EMIT_L2B_CH4PLM_002_20240825T064237_003496.tif"},"geometry":{"type":"Point","coordinates":[50.70144672031097,30.83616855660181]}},{"type":"Feature","properties":{"id":"CH4_PlumeComplex-3497","date":"2024-08-25T06:42:49Z","scenes":"emit20240825t064249","peak":13996.0,"download":"https://data.lpdaac.earthdatacloud.nasa.gov/lp-prod-protected/EMITL2BCH4PLM.002/EMIT_L2B_CH4PLM_002_20240825T064249_003497/EMIT_L2B_CH4PLM_002_20240825T064249_003497.tif"},"geometry":{"type":"Point","coordinates":[51.54516052182987,30.062944982716225]}},{"type":"Feature","properties":{"id":"CH4_PlumeComplex-3498","date":"2024-08-25T06:43:12Z","scenes":"emit20240825t064312","peak":1328.0,"download":"https://data.lpdaac.earthdatacloud.nasa.gov/lp-prod-protected/EMITL2BCH4PLM.002/EMIT_L2B_CH4PLM_002_20240825T064312_003498/EMIT_L2B_CH4PLM_002_20240825T064312_003498.tif"},"geometry":{"type":"Point","coordinates":[51.94153249413728,29.000169243013744]}},{"type":"Feature","properties":{"id":"CH4_PlumeComplex-3499","date":"2024-08-25T06:43:12Z","scenes":"emit20240825t064312","peak":3502.0,"download":"https://data.lpdaac.earthdatacloud.nasa.gov/lp-prod-protected/EMITL2BCH4PLM.002/EMIT_L2B_CH4PLM_002_20240825T064312_003499/EMIT_L2B_CH4PLM_002_20240825T064312_003499.tif"},"geometry":{"type":"Point","coordinates":[52.4246616696857,28.6851321487448]}},{"type":"Feature","properties":{"id":"CH4_PlumeComplex-35","date":"2023-06-13T04:43:14Z","scenes":"emit20230613t044314","peak":1147.0,"download":"https://data.lpdaac.earthdatacloud.nasa.gov/lp-prod-protected/EMITL2BCH4PLM.002/EMIT_L2B_CH4PLM_002_20230613T044314_000035/EMIT_L2B_CH4PLM_002_20230613T044314_000035.tif"},"geometry":{"type":"Point","coordinates":[58.438020319328785,40.25040957329288]}},{"type":"Feature","properties":{"id":"CH4_PlumeComplex-350","date":"2023-06-08T16:23:46Z","scenes":"emit20230608t162346","peak":4180.0,"download":"https://data.lpdaac.earthdatacloud.nasa.gov/lp-prod-protected/EMITL2BCH4PLM.002/EMIT_L2B_CH4PLM_002_20230608T162346_000350/EMIT_L2B_CH4PLM_002_20230608T162346_000350.tif"},"geometry":{"type":"Point","coordinates":[-101.98147079851715,32.26440901495702]}},{"type":"Feature","properties":{"id":"CH4_PlumeComplex-3500","date":"2024-08-25T06:44:23Z","scenes":"emit20240825t064423","peak":2303.0,"download":"https://data.lpdaac.earthdatacloud.nasa.gov/lp-prod-protected/EMITL2BCH4PLM.002/EMIT_L2B_CH4PLM_002_20240825T064423_003500/EMIT_L2B_CH4PLM_002_20240825T064423_003500.tif"},"geometry":{"type":"Point","coordinates":[55.79409455055877,25.642665477586323]}},{"type":"Feature","properties":{"id":"CH4_PlumeComplex-3501","date":"2024-08-25T06:44:23Z","scenes":"emit20240825t064423","peak":1584.0,"download":"https://data.lpdaac.earthdatacloud.nasa.gov/lp-prod-protected/EMITL2BCH4PLM.002/EMIT_L2B_CH4PLM_002_20240825T064423_003501/EMIT_L2B_CH4PLM_002_20240825T064423_003501.tif"},"geometry":{"type":"Point","coordinates":[55.65636749041364,25.300516757304553]}},{"type":"Feature","properties":{"id":"CH4_PlumeComplex-3502","date":"2024-08-25T06:45:09Z","scenes":"emit20240825t064509","peak":1916.0,"download":"https://data.lpdaac.earthdatacloud.nasa.gov/lp-prod-protected/EMITL2BCH4PLM.002/EMIT_L2B_CH4PLM_002_20240825T064509_003502/EMIT_L2B_CH4PLM_002_20240825T064509_003502.tif"},"geometry":{"type":"Point","coordinates":[57.88602761370786,23.60116003882105]}},{"type":"Feature","properties":{"id":"CH4_PlumeComplex-3503","date":"2024-08-25T05:06:32Z","scenes":"emit20240825t050632","peak":3053.0,"download":"https://data.lpdaac.earthdatacloud.nasa.gov/lp-prod-protected/EMITL2BCH4PLM.002/EMIT_L2B_CH4PLM_002_20240825T050632_003503/EMIT_L2B_CH4PLM_002_20240825T050632_003503.tif"},"geometry":{"type":"Point","coordinates":[63.10826901629689,38.6795619621101]}},{"type":"Feature","properties":{"id":"CH4_PlumeComplex-3507","date":"2024-08-03T19:04:27Z","scenes":"emit20240803t190427","peak":2986.0,"download":"https://data.lpdaac.earthdatacloud.nasa.gov/lp-prod-protected/EMITL2BCH4PLM.002/EMIT_L2B_CH4PLM_002_20240803T190427_003507/EMIT_L2B_CH4PLM_002_20240803T190427_003507.tif"},"geometry":{"type":"Point","coordinates":[-121.18951559607927,37.89061364513714]}},{"type":"Feature","properties":{"id":"CH4_PlumeComplex-3508","date":"2024-08-03T19:04:15Z","scenes":"emit20240803t190415","peak":2097.0,"download":"https://data.lpdaac.earthdatacloud.nasa.gov/lp-prod-protected/EMITL2BCH4PLM.002/EMIT_L2B_CH4PLM_002_20240803T190415_003508/EMIT_L2B_CH4PLM_002_20240803T190415_003508.tif"},"geometry":{"type":"Point","coordinates":[-121.82718103990078,38.308132685734535]}},{"type":"Feature","properties":{"id":"CH4_PlumeComplex-351","date":"2023-06-08T16:23:46Z","scenes":"emit20230608t162346","peak":4523.0,"download":"https://data.lpdaac.earthdatacloud.nasa.gov/lp-prod-protected/EMITL2BCH4PLM.002/EMIT_L2B_CH4PLM_002_20230608T162346_000351/EMIT_L2B_CH4PLM_002_20230608T162346_000351.tif"},"geometry":{"type":"Point","coordinates":[-101.90338931560024,32.24217748162651]}},{"type":"Feature","properties":{"id":"CH4_PlumeComplex-3510","date":"2024-08-30T13:44:29Z","scenes":"emit20240830t134429","peak":5448.0,"download":"https://data.lpdaac.earthdatacloud.nasa.gov/lp-prod-protected/EMITL2BCH4PLM.002/EMIT_L2B_CH4PLM_002_20240830T134429_003510/EMIT_L2B_CH4PLM_002_20240830T134429_003510.tif"},"geometry":{"type":"Point","coordinates":[-66.90065343549117,10.287182736446214]}},{"type":"Feature","properties":{"id":"CH4_PlumeComplex-3511","date":"2024-08-30T13:53:04Z","scenes":"emit20240830t135304","peak":3721.0,"download":"https://data.lpdaac.earthdatacloud.nasa.gov/lp-prod-protected/EMITL2BCH4PLM.002/EMIT_L2B_CH4PLM_002_20240830T135304_003511/EMIT_L2B_CH4PLM_002_20240830T135304_003511.tif"},"geometry":{"type":"Point","coordinates":[-48.15621744274889,-15.859269390315793]}},{"type":"Feature","properties":{"id":"CH4_PlumeComplex-3512","date":"2024-08-31T16:18:59Z","scenes":"emit20240831t161859","peak":2565.0,"download":"https://data.lpdaac.earthdatacloud.nasa.gov/lp-prod-protected/EMITL2BCH4PLM.002/EMIT_L2B_CH4PLM_002_20240831T161859_003512/EMIT_L2B_CH4PLM_002_20240831T161859_003512.tif"},"geometry":{"type":"Point","coordinates":[-70.7071257276909,-34.237156199364854]}},{"type":"Feature","properties":{"id":"CH4_PlumeComplex-3513","date":"2024-09-02T13:08:32Z","scenes":"emit20240902t130832","peak":5590.0,"download":"https://data.lpdaac.earthdatacloud.nasa.gov/lp-prod-protected/EMITL2BCH4PLM.002/EMIT_L2B_CH4PLM_002_20240902T130832_003513/EMIT_L2B_CH4PLM_002_20240902T130832_003513.tif"},"geometry":{"type":"Point","coordinates":[-47.54783255502124,-23.4277509080541]}},{"type":"Feature","properties":{"id":"CH4_PlumeComplex-3519","date":"2024-08-16T20:01:44Z","scenes":"emit20240816t200144","peak":4680.0,"download":"https://data.lpdaac.earthdatacloud.nasa.gov/lp-prod-protected/EMITL2BCH4PLM.002/EMIT_L2B_CH4PLM_002_20240816T200144_003519/EMIT_L2B_CH4PLM_002_20240816T200144_003519.tif"},"geometry":{"type":"Point","coordinates":[-101.52382655142138,32.515462671835785]}},{"type":"Feature","properties":{"id":"CH4_PlumeComplex-3520","date":"2024-04-16T13:20:03Z","scenes":"emit20240416t132003","peak":655.0,"download":"https://data.lpdaac.earthdatacloud.nasa.gov/lp-prod-protected/EMITL2BCH4PLM.002/EMIT_L2B_CH4PLM_002_20240416T132003_003520/EMIT_L2B_CH4PLM_002_20240416T132003_003520.tif"},"geometry":{"type":"Point","coordinates":[6.226450943843211,31.757963841037633]}},{"type":"Feature","properties":{"id":"CH4_PlumeComplex-3521","date":"2024-04-18T08:40:09Z","scenes":"emit20240418t084009","peak":2394.0,"download":"https://data.lpdaac.earthdatacloud.nasa.gov/lp-prod-protected/EMITL2BCH4PLM.002/EMIT_L2B_CH4PLM_002_20240418T084009_003521/EMIT_L2B_CH4PLM_002_20240418T084009_003521.tif"},"geometry":{"type":"Point","coordinates":[69.11512087569692,28.921003295056313]}},{"type":"Feature","properties":{"id":"CH4_PlumeComplex-3522","date":"2024-04-18T11:45:39Z","scenes":"emit20240418t114539","peak":1811.0,"download":"https://data.lpdaac.earthdatacloud.nasa.gov/lp-prod-protected/EMITL2BCH4PLM.002/EMIT_L2B_CH4PLM_002_20240418T114539_003522/EMIT_L2B_CH4PLM_002_20240418T114539_003522.tif"},"geometry":{"type":"Point","coordinates":[21.534759455720934,29.183443834860352]}},{"type":"Feature","properties":{"id":"CH4_PlumeComplex-3523","date":"2024-04-19T09:26:33Z","scenes":"emit20240419t092633","peak":1658.0,"download":"https://data.lpdaac.earthdatacloud.nasa.gov/lp-prod-protected/EMITL2BCH4PLM.002/EMIT_L2B_CH4PLM_002_20240419T092633_003523/EMIT_L2B_CH4PLM_002_20240419T092633_003523.tif"},"geometry":{"type":"Point","coordinates":[55.445981272554114,25.272320666251233]}},{"type":"Feature","properties":{"id":"CH4_PlumeComplex-3524","date":"2024-09-16T13:43:58Z","scenes":"emit20240916t134358","peak":2216.0,"download":"https://data.lpdaac.earthdatacloud.nasa.gov/lp-prod-protected/EMITL2BCH4PLM.002/EMIT_L2B_CH4PLM_002_20240916T134358_003524/EMIT_L2B_CH4PLM_002_20240916T134358_003524.tif"},"geometry":{"type":"Point","coordinates":[13.36114644537649,-8.843322810718625]}},{"type":"Feature","properties":{"id":"CH4_PlumeComplex-3525","date":"2024-09-18T16:45:18Z","scenes":"emit20240918t164518","peak":3700.0,"download":"https://data.lpdaac.earthdatacloud.nasa.gov/lp-prod-protected/EMITL2BCH4PLM.002/EMIT_L2B_CH4PLM_002_20240918T164518_003525/EMIT_L2B_CH4PLM_002_20240918T164518_003525.tif"},"geometry":{"type":"Point","coordinates":[-54.661923220784765,-20.563136503539752]}},{"type":"Feature","properties":{"id":"CH4_PlumeComplex-3528","date":"2024-09-30T20:03:54Z","scenes":"emit20240930t200354","peak":2433.0,"download":"https://data.lpdaac.earthdatacloud.nasa.gov/lp-prod-protected/EMITL2BCH4PLM.002/EMIT_L2B_CH4PLM_002_20240930T200354_003528/EMIT_L2B_CH4PLM_002_20240930T200354_003528.tif"},"geometry":{"type":"Point","coordinates":[-121.18300880583588,37.875431134569915]}},{"type":"Feature","properties":{"id":"CH4_PlumeComplex-353","date":"2023-06-08T16:23:46Z","scenes":"emit20230608t162346","peak":3523.0,"download":"https://data.lpdaac.earthdatacloud.nasa.gov/lp-prod-protected/EMITL2BCH4PLM.002/EMIT_L2B_CH4PLM_002_20230608T162346_000353/EMIT_L2B_CH4PLM_002_20230608T162346_000353.tif"},"geometry":{"type":"Point","coordinates":[-101.77162681317795,32.269831340159584]}},{"type":"Feature","properties":{"id":"CH4_PlumeComplex-3530","date":"2024-09-30T18:29:53Z","scenes":"emit20240930t182953","peak":16354.0,"download":"https://data.lpdaac.earthdatacloud.nasa.gov/lp-prod-protected/EMITL2BCH4PLM.002/EMIT_L2B_CH4PLM_002_20240930T182953_003530/EMIT_L2B_CH4PLM_002_20240930T182953_003530.tif"},"geometry":{"type":"Point","coordinates":[-102.07148139688002,35.140952534917126]}},{"type":"Feature","properties":{"id":"CH4_PlumeComplex-3533","date":"2024-09-28T18:28:21Z","scenes":"emit20240928t182821","peak":6083.0,"download":"https://data.lpdaac.earthdatacloud.nasa.gov/lp-prod-protected/EMITL2BCH4PLM.002/EMIT_L2B_CH4PLM_002_20240928T182821_003533/EMIT_L2B_CH4PLM_002_20240928T182821_003533.tif"},"geometry":{"type":"Point","coordinates":[-100.30705677596617,25.868776438533203]}},{"type":"Feature","properties":{"id":"CH4_PlumeComplex-3534","date":"2024-09-28T18:29:08Z","scenes":"emit20240928t182908","peak":2855.0,"download":"https://data.lpdaac.earthdatacloud.nasa.gov/lp-prod-protected/EMITL2BCH4PLM.002/EMIT_L2B_CH4PLM_002_20240928T182908_003534/EMIT_L2B_CH4PLM_002_20240928T182908_003534.tif"},"geometry":{"type":"Point","coordinates":[-98.2438620363907,28.253515062620703]}},{"type":"Feature","properties":{"id":"CH4_PlumeComplex-3538","date":"2024-09-29T17:42:36Z","scenes":"emit20240929t174236","peak":5214.0,"download":"https://data.lpdaac.earthdatacloud.nasa.gov/lp-prod-protected/EMITL2BCH4PLM.002/EMIT_L2B_CH4PLM_002_20240929T174236_003538/EMIT_L2B_CH4PLM_002_20240929T174236_003538.tif"},"geometry":{"type":"Point","coordinates":[-90.26599496585828,29.936062572976233]}},{"type":"Feature","properties":{"id":"CH4_PlumeComplex-3541","date":"2024-09-27T13:07:48Z","scenes":"emit20240927t130748","peak":1190.0,"download":"https://data.lpdaac.earthdatacloud.nasa.gov/lp-prod-protected/EMITL2BCH4PLM.002/EMIT_L2B_CH4PLM_002_20240927T130748_003541/EMIT_L2B_CH4PLM_002_20240927T130748_003541.tif"},"geometry":{"type":"Point","coordinates":[-0.4527692406747246,35.67884719501144]}},{"type":"Feature","properties":{"id":"CH4_PlumeComplex-3543","date":"2024-09-29T11:31:48Z","scenes":"emit20240929t113148","peak":1798.0,"download":"https://data.lpdaac.earthdatacloud.nasa.gov/lp-prod-protected/EMITL2BCH4PLM.002/EMIT_L2B_CH4PLM_002_20240929T113148_003543/EMIT_L2B_CH4PLM_002_20240929T113148_003543.tif"},"geometry":{"type":"Point","coordinates":[5.994375425173491,31.776941979246562]}},{"type":"Feature","properties":{"id":"CH4_PlumeComplex-3544","date":"2024-09-29T11:31:48Z","scenes":"emit20240929t113148","peak":2543.0,"download":"https://data.lpdaac.earthdatacloud.nasa.gov/lp-prod-protected/EMITL2BCH4PLM.002/EMIT_L2B_CH4PLM_002_20240929T113148_003544/EMIT_L2B_CH4PLM_002_20240929T113148_003544.tif"},"geometry":{"type":"Point","coordinates":[6.197170387749372,31.872374902811682]}},{"type":"Feature","properties":{"id":"CH4_PlumeComplex-3546","date":"2024-09-28T10:44:49Z","scenes":"emit20240928t104449","peak":1904.0,"download":"https://data.lpdaac.earthdatacloud.nasa.gov/lp-prod-protected/EMITL2BCH4PLM.002/EMIT_L2B_CH4PLM_002_20240928T104449_003546/EMIT_L2B_CH4PLM_002_20240928T104449_003546.tif"},"geometry":{"type":"Point","coordinates":[19.911857522593653,28.054515727686614]}},{"type":"Feature","properties":{"id":"CH4_PlumeComplex-3547","date":"2024-09-28T10:45:01Z","scenes":"emit20240928t104501","peak":1995.0,"download":"https://data.lpdaac.earthdatacloud.nasa.gov/lp-prod-protected/EMITL2BCH4PLM.002/EMIT_L2B_CH4PLM_002_20240928T104501_003547/EMIT_L2B_CH4PLM_002_20240928T104501_003547.tif"},"geometry":{"type":"Point","coordinates":[19.92758226568109,28.285506781315824]}},{"type":"Feature","properties":{"id":"CH4_PlumeComplex-3548","date":"2024-09-28T10:45:13Z","scenes":"emit20240928t104513","peak":1627.0,"download":"https://data.lpdaac.earthdatacloud.nasa.gov/lp-prod-protected/EMITL2BCH4PLM.002/EMIT_L2B_CH4PLM_002_20240928T104513_003548/EMIT_L2B_CH4PLM_002_20240928T104513_003548.tif"},"geometry":{"type":"Point","coordinates":[20.965415309451775,28.89389166904347]}},{"type":"Feature","properties":{"id":"CH4_PlumeComplex-3549","date":"2024-09-28T10:45:25Z","scenes":"emit20240928t104525","peak":1861.0,"download":"https://data.lpdaac.earthdatacloud.nasa.gov/lp-prod-protected/EMITL2BCH4PLM.002/EMIT_L2B_CH4PLM_002_20240928T104525_003549/EMIT_L2B_CH4PLM_002_20240928T104525_003549.tif"},"geometry":{"type":"Point","coordinates":[21.37317416468456,29.27725006086472]}},{"type":"Feature","properties":{"id":"CH4_PlumeComplex-355","date":"2023-06-08T16:23:46Z","scenes":"emit20230608t162346","peak":3822.0,"download":"https://data.lpdaac.earthdatacloud.nasa.gov/lp-prod-protected/EMITL2BCH4PLM.002/EMIT_L2B_CH4PLM_002_20230608T162346_000355/EMIT_L2B_CH4PLM_002_20230608T162346_000355.tif"},"geometry":{"type":"Point","coordinates":[-101.70601667822692,32.3392371027524]}},{"type":"Feature","properties":{"id":"CH4_PlumeComplex-3550","date":"2024-09-30T09:11:45Z","scenes":"emit20240930t091145","peak":4273.0,"download":"https://data.lpdaac.earthdatacloud.nasa.gov/lp-prod-protected/EMITL2BCH4PLM.002/EMIT_L2B_CH4PLM_002_20240930T091145_003550/EMIT_L2B_CH4PLM_002_20240930T091145_003550.tif"},"geometry":{"type":"Point","coordinates":[36.19401564085189,31.928767084918352]}},{"type":"Feature","properties":{"id":"CH4_PlumeComplex-3551","date":"2024-09-30T09:13:14Z","scenes":"emit20240930t091314","peak":3026.0,"download":"https://data.lpdaac.earthdatacloud.nasa.gov/lp-prod-protected/EMITL2BCH4PLM.002/EMIT_L2B_CH4PLM_002_20240930T091314_003551/EMIT_L2B_CH4PLM_002_20240930T091314_003551.tif"},"geometry":{"type":"Point","coordinates":[40.81004108579432,36.11751330389878]}},{"type":"Feature","properties":{"id":"CH4_PlumeComplex-3552","date":"2024-09-30T09:13:14Z","scenes":"emit20240930t091314","peak":7951.0,"download":"https://data.lpdaac.earthdatacloud.nasa.gov/lp-prod-protected/EMITL2BCH4PLM.002/EMIT_L2B_CH4PLM_002_20240930T091314_003552/EMIT_L2B_CH4PLM_002_20240930T091314_003552.tif"},"geometry":{"type":"Point","coordinates":[41.08820636868583,36.14137153479006]}},{"type":"Feature","properties":{"id":"CH4_PlumeComplex-3555","date":"2024-09-21T17:33:39Z","scenes":"emit20240921t173339","peak":3671.0,"download":"https://data.lpdaac.earthdatacloud.nasa.gov/lp-prod-protected/EMITL2BCH4PLM.002/EMIT_L2B_CH4PLM_002_20240921T173339_003555/EMIT_L2B_CH4PLM_002_20240921T173339_003555.tif"},"geometry":{"type":"Point","coordinates":[-76.78446781472428,-12.23390275988173]}},{"type":"Feature","properties":{"id":"CH4_PlumeComplex-3556","date":"2024-09-21T17:33:39Z","scenes":"emit20240921t173339","peak":4189.0,"download":"https://data.lpdaac.earthdatacloud.nasa.gov/lp-prod-protected/EMITL2BCH4PLM.002/EMIT_L2B_CH4PLM_002_20240921T173339_003556/EMIT_L2B_CH4PLM_002_20240921T173339_003556.tif"},"geometry":{"type":"Point","coordinates":[-76.87285171552607,-11.919950130653291]}},{"type":"Feature","properties":{"id":"CH4_PlumeComplex-3559","date":"2024-09-21T17:33:39Z","scenes":"emit20240921t173339","peak":3626.0,"download":"https://data.lpdaac.earthdatacloud.nasa.gov/lp-prod-protected/EMITL2BCH4PLM.002/EMIT_L2B_CH4PLM_002_20240921T173339_003559/EMIT_L2B_CH4PLM_002_20240921T173339_003559.tif"},"geometry":{"type":"Point","coordinates":[-77.12010974476297,-11.928625850977395]}},{"type":"Feature","properties":{"id":"CH4_PlumeComplex-3560","date":"2024-09-13T20:41:36Z","scenes":"emit20240913t204136","peak":3952.0,"download":"https://data.lpdaac.earthdatacloud.nasa.gov/lp-prod-protected/EMITL2BCH4PLM.002/EMIT_L2B_CH4PLM_002_20240913T204136_003560/EMIT_L2B_CH4PLM_002_20240913T204136_003560.tif"},"geometry":{"type":"Point","coordinates":[-76.86905608788432,-11.919407898133004]}},{"type":"Feature","properties":{"id":"CH4_PlumeComplex-3564","date":"2024-09-24T13:36:17Z","scenes":"emit20240924t133617","peak":2511.0,"download":"https://data.lpdaac.earthdatacloud.nasa.gov/lp-prod-protected/EMITL2BCH4PLM.002/EMIT_L2B_CH4PLM_002_20240924T133617_003564/EMIT_L2B_CH4PLM_002_20240924T133617_003564.tif"},"geometry":{"type":"Point","coordinates":[-43.751120448186136,-22.800387882117516]}},{"type":"Feature","properties":{"id":"CH4_PlumeComplex-3565","date":"2024-09-24T10:48:40Z","scenes":"emit20240924t104840","peak":1647.0,"download":"https://data.lpdaac.earthdatacloud.nasa.gov/lp-prod-protected/EMITL2BCH4PLM.002/EMIT_L2B_CH4PLM_002_20240924T104840_003565/EMIT_L2B_CH4PLM_002_20240924T104840_003565.tif"},"geometry":{"type":"Point","coordinates":[45.96450342335132,31.355627311007368]}},{"type":"Feature","properties":{"id":"CH4_PlumeComplex-3568","date":"2024-08-26T17:00:43Z","scenes":"emit20240826t170043","peak":2261.0,"download":"https://data.lpdaac.earthdatacloud.nasa.gov/lp-prod-protected/EMITL2BCH4PLM.002/EMIT_L2B_CH4PLM_002_20240826T170043_003568/EMIT_L2B_CH4PLM_002_20240826T170043_003568.tif"},"geometry":{"type":"Point","coordinates":[-71.64627245277494,-16.27570396587266]}},{"type":"Feature","properties":{"id":"CH4_PlumeComplex-357","date":"2023-06-08T05:31:35Z","scenes":"emit20230608t053135","peak":2298.0,"download":"https://data.lpdaac.earthdatacloud.nasa.gov/lp-prod-protected/EMITL2BCH4PLM.002/EMIT_L2B_CH4PLM_002_20230608T053135_000357/EMIT_L2B_CH4PLM_002_20230608T053135_000357.tif"},"geometry":{"type":"Point","coordinates":[55.43622108718956,25.278827456494337]}},{"type":"Feature","properties":{"id":"CH4_PlumeComplex-3570","date":"2024-08-26T05:53:24Z","scenes":"emit20240826t055324","peak":3338.0,"download":"https://data.lpdaac.earthdatacloud.nasa.gov/lp-prod-protected/EMITL2BCH4PLM.002/EMIT_L2B_CH4PLM_002_20240826T055324_003570/EMIT_L2B_CH4PLM_002_20240826T055324_003570.tif"},"geometry":{"type":"Point","coordinates":[51.324471886085526,35.4614119543886]}},{"type":"Feature","properties":{"id":"CH4_PlumeComplex-3576","date":"2024-08-21T08:19:38Z","scenes":"emit20240821t081938","peak":2575.0,"download":"https://data.lpdaac.earthdatacloud.nasa.gov/lp-prod-protected/EMITL2BCH4PLM.002/EMIT_L2B_CH4PLM_002_20240821T081938_003576/EMIT_L2B_CH4PLM_002_20240821T081938_003576.tif"},"geometry":{"type":"Point","coordinates":[48.64855439862033,31.414188423195093]}},{"type":"Feature","properties":{"id":"CH4_PlumeComplex-3577","date":"2024-08-21T08:19:38Z","scenes":"emit20240821t081938","peak":1528.0,"download":"https://data.lpdaac.earthdatacloud.nasa.gov/lp-prod-protected/EMITL2BCH4PLM.002/EMIT_L2B_CH4PLM_002_20240821T081938_003577/EMIT_L2B_CH4PLM_002_20240821T081938_003577.tif"},"geometry":{"type":"Point","coordinates":[49.109994273358495,31.317128802069202]}},{"type":"Feature","properties":{"id":"CH4_PlumeComplex-3578","date":"2024-08-21T08:19:49Z","scenes":"emit20240821t081949","peak":1535.0,"download":"https://data.lpdaac.earthdatacloud.nasa.gov/lp-prod-protected/EMITL2BCH4PLM.002/EMIT_L2B_CH4PLM_002_20240821T081949_003578/EMIT_L2B_CH4PLM_002_20240821T081949_003578.tif"},"geometry":{"type":"Point","coordinates":[49.312789235934375,31.13548090778332]}},{"type":"Feature","properties":{"id":"CH4_PlumeComplex-358","date":"2023-06-08T05:31:35Z","scenes":"emit20230608t053135","peak":1877.0,"download":"https://data.lpdaac.earthdatacloud.nasa.gov/lp-prod-protected/EMITL2BCH4PLM.002/EMIT_L2B_CH4PLM_002_20230608T053135_000358/EMIT_L2B_CH4PLM_002_20230608T053135_000358.tif"},"geometry":{"type":"Point","coordinates":[55.79951687576132,25.643749942626872]}},{"type":"Feature","properties":{"id":"CH4_PlumeComplex-3581","date":"2024-08-21T08:19:49Z","scenes":"emit20240821t081949","peak":1748.0,"download":"https://data.lpdaac.earthdatacloud.nasa.gov/lp-prod-protected/EMITL2BCH4PLM.002/EMIT_L2B_CH4PLM_002_20240821T081949_003581/EMIT_L2B_CH4PLM_002_20240821T081949_003581.tif"},"geometry":{"type":"Point","coordinates":[49.38815955625001,31.051434867143584]}},{"type":"Feature","properties":{"id":"CH4_PlumeComplex-3582","date":"2024-08-21T08:19:49Z","scenes":"emit20240821t081949","peak":1103.0,"download":"https://data.lpdaac.earthdatacloud.nasa.gov/lp-prod-protected/EMITL2BCH4PLM.002/EMIT_L2B_CH4PLM_002_20240821T081949_003582/EMIT_L2B_CH4PLM_002_20240821T081949_003582.tif"},"geometry":{"type":"Point","coordinates":[49.592581216386655,31.004802870401537]}},{"type":"Feature","properties":{"id":"CH4_PlumeComplex-3584","date":"2024-08-21T08:20:01Z","scenes":"emit20240821t082001","peak":3567.0,"download":"https://data.lpdaac.earthdatacloud.nasa.gov/lp-prod-protected/EMITL2BCH4PLM.002/EMIT_L2B_CH4PLM_002_20240821T082001_003584/EMIT_L2B_CH4PLM_002_20240821T082001_003584.tif"},"geometry":{"type":"Point","coordinates":[50.00738909438278,30.291224873744156]}},{"type":"Feature","properties":{"id":"CH4_PlumeComplex-3589","date":"2024-08-21T08:21:52Z","scenes":"emit20240821t082152","peak":1768.0,"download":"https://data.lpdaac.earthdatacloud.nasa.gov/lp-prod-protected/EMITL2BCH4PLM.002/EMIT_L2B_CH4PLM_002_20240821T082152_003589/EMIT_L2B_CH4PLM_002_20240821T082152_003589.tif"},"geometry":{"type":"Point","coordinates":[55.42374973922362,25.282080851615806]}},{"type":"Feature","properties":{"id":"CH4_PlumeComplex-3593","date":"2024-08-21T03:39:18Z","scenes":"emit20240821t033918","peak":20593.0,"download":"https://data.lpdaac.earthdatacloud.nasa.gov/lp-prod-protected/EMITL2BCH4PLM.002/EMIT_L2B_CH4PLM_002_20240821T033918_003593/EMIT_L2B_CH4PLM_002_20240821T033918_003593.tif"},"geometry":{"type":"Point","coordinates":[112.94811334818098,36.23300883071345]}},{"type":"Feature","properties":{"id":"CH4_PlumeComplex-3594","date":"2024-08-21T03:39:18Z","scenes":"emit20240821t033918","peak":11041.0,"download":"https://data.lpdaac.earthdatacloud.nasa.gov/lp-prod-protected/EMITL2BCH4PLM.002/EMIT_L2B_CH4PLM_002_20240821T033918_003594/EMIT_L2B_CH4PLM_002_20240821T033918_003594.tif"},"geometry":{"type":"Point","coordinates":[112.99040748476098,36.2449379461591]}},{"type":"Feature","properties":{"id":"CH4_PlumeComplex-3596","date":"2024-08-21T03:39:06Z","scenes":"emit20240821t033906","peak":8751.0,"download":"https://data.lpdaac.earthdatacloud.nasa.gov/lp-prod-protected/EMITL2BCH4PLM.002/EMIT_L2B_CH4PLM_002_20240821T033906_003596/EMIT_L2B_CH4PLM_002_20240821T033906_003596.tif"},"geometry":{"type":"Point","coordinates":[112.93509976769482,36.41465672499934]}},{"type":"Feature","properties":{"id":"CH4_PlumeComplex-3597","date":"2024-08-21T03:39:06Z","scenes":"emit20240821t033906","peak":7056.0,"download":"https://data.lpdaac.earthdatacloud.nasa.gov/lp-prod-protected/EMITL2BCH4PLM.002/EMIT_L2B_CH4PLM_002_20240821T033906_003597/EMIT_L2B_CH4PLM_002_20240821T033906_003597.tif"},"geometry":{"type":"Point","coordinates":[112.8597294473792,36.3604334729737]}},{"type":"Feature","properties":{"id":"CH4_PlumeComplex-3599","date":"2024-08-21T03:39:06Z","scenes":"emit20240821t033906","peak":7377.0,"download":"https://data.lpdaac.earthdatacloud.nasa.gov/lp-prod-protected/EMITL2BCH4PLM.002/EMIT_L2B_CH4PLM_002_20240821T033906_003599/EMIT_L2B_CH4PLM_002_20240821T033906_003599.tif"},"geometry":{"type":"Point","coordinates":[112.98769632215969,36.48243579003138]}},{"type":"Feature","properties":{"id":"CH4_PlumeComplex-3601","date":"2024-08-21T03:39:06Z","scenes":"emit20240821t033906","peak":14038.0,"download":"https://data.lpdaac.earthdatacloud.nasa.gov/lp-prod-protected/EMITL2BCH4PLM.002/EMIT_L2B_CH4PLM_002_20240821T033906_003601/EMIT_L2B_CH4PLM_002_20240821T033906_003601.tif"},"geometry":{"type":"Point","coordinates":[113.10861417417686,36.74758749243675]}},{"type":"Feature","properties":{"id":"CH4_PlumeComplex-3602","date":"2024-08-21T03:39:06Z","scenes":"emit20240821t033906","peak":4688.0,"download":"https://data.lpdaac.earthdatacloud.nasa.gov/lp-prod-protected/EMITL2BCH4PLM.002/EMIT_L2B_CH4PLM_002_20240821T033906_003602/EMIT_L2B_CH4PLM_002_20240821T033906_003602.tif"},"geometry":{"type":"Point","coordinates":[112.57831076936614,36.71071568105931]}},{"type":"Feature","properties":{"id":"CH4_PlumeComplex-3604","date":"2024-08-21T03:38:55Z","scenes":"emit20240821t033855","peak":4747.0,"download":"https://data.lpdaac.earthdatacloud.nasa.gov/lp-prod-protected/EMITL2BCH4PLM.002/EMIT_L2B_CH4PLM_002_20240821T033855_003604/EMIT_L2B_CH4PLM_002_20240821T033855_003604.tif"},"geometry":{"type":"Point","coordinates":[112.00625546049567,37.087025050117234]}},{"type":"Feature","properties":{"id":"CH4_PlumeComplex-3605","date":"2024-08-21T03:38:55Z","scenes":"emit20240821t033855","peak":12470.0,"download":"https://data.lpdaac.earthdatacloud.nasa.gov/lp-prod-protected/EMITL2BCH4PLM.002/EMIT_L2B_CH4PLM_002_20240821T033855_003605/EMIT_L2B_CH4PLM_002_20240821T033855_003605.tif"},"geometry":{"type":"Point","coordinates":[112.04746513203516,37.12335462897441]}},{"type":"Feature","properties":{"id":"CH4_PlumeComplex-3607","date":"2024-08-21T03:38:55Z","scenes":"emit20240821t033855","peak":11617.0,"download":"https://data.lpdaac.earthdatacloud.nasa.gov/lp-prod-protected/EMITL2BCH4PLM.002/EMIT_L2B_CH4PLM_002_20240821T033855_003607/EMIT_L2B_CH4PLM_002_20240821T033855_003607.tif"},"geometry":{"type":"Point","coordinates":[111.83979007677696,37.080518259874154]}},{"type":"Feature","properties":{"id":"CH4_PlumeComplex-3612","date":"2024-08-21T03:38:43Z","scenes":"emit20240821t033843","peak":4549.0,"download":"https://data.lpdaac.earthdatacloud.nasa.gov/lp-prod-protected/EMITL2BCH4PLM.002/EMIT_L2B_CH4PLM_002_20240821T033843_003612/EMIT_L2B_CH4PLM_002_20240821T033843_003612.tif"},"geometry":{"type":"Point","coordinates":[111.09422036142446,37.799518581734105]}},{"type":"Feature","properties":{"id":"CH4_PlumeComplex-3617","date":"2024-10-01T19:18:27Z","scenes":"emit20241001t191827","peak":2200.0,"download":"https://data.lpdaac.earthdatacloud.nasa.gov/lp-prod-protected/EMITL2BCH4PLM.002/EMIT_L2B_CH4PLM_002_20241001T191827_003617/EMIT_L2B_CH4PLM_002_20241001T191827_003617.tif"},"geometry":{"type":"Point","coordinates":[-108.16509045952053,41.89120517958859]}},{"type":"Feature","properties":{"id":"CH4_PlumeComplex-3618","date":"2024-10-01T19:18:03Z","scenes":"emit20241001t191803","peak":6418.0,"download":"https://data.lpdaac.earthdatacloud.nasa.gov/lp-prod-protected/EMITL2BCH4PLM.002/EMIT_L2B_CH4PLM_002_20241001T191803_003618/EMIT_L2B_CH4PLM_002_20241001T191803_003618.tif"},"geometry":{"type":"Point","coordinates":[-109.70286188696758,41.455792465822725]}},{"type":"Feature","properties":{"id":"CH4_PlumeComplex-3624","date":"2024-10-03T16:07:56Z","scenes":"emit20241003t160756","peak":4031.0,"download":"https://data.lpdaac.earthdatacloud.nasa.gov/lp-prod-protected/EMITL2BCH4PLM.002/EMIT_L2B_CH4PLM_002_20241003T160756_003624/EMIT_L2B_CH4PLM_002_20241003T160756_003624.tif"},"geometry":{"type":"Point","coordinates":[-82.62919215056759,35.726563656793985]}},{"type":"Feature","properties":{"id":"CH4_PlumeComplex-3625","date":"2024-10-03T16:06:56Z","scenes":"emit20241003t160656","peak":14537.0,"download":"https://data.lpdaac.earthdatacloud.nasa.gov/lp-prod-protected/EMITL2BCH4PLM.002/EMIT_L2B_CH4PLM_002_20241003T160656_003625/EMIT_L2B_CH4PLM_002_20241003T160656_003625.tif"},"geometry":{"type":"Point","coordinates":[-85.51386915833147,33.15312811565726]}},{"type":"Feature","properties":{"id":"CH4_PlumeComplex-3626","date":"2024-10-03T16:02:09Z","scenes":"emit20241003t160209","peak":3665.0,"download":"https://data.lpdaac.earthdatacloud.nasa.gov/lp-prod-protected/EMITL2BCH4PLM.002/EMIT_L2B_CH4PLM_002_20241003T160209_003626/EMIT_L2B_CH4PLM_002_20241003T160209_003626.tif"},"geometry":{"type":"Point","coordinates":[-99.2784416850394,19.65262282631423]}},{"type":"Feature","properties":{"id":"CH4_PlumeComplex-3629","date":"2024-10-03T08:21:29Z","scenes":"emit20241003t082129, emit20241003t082141","peak":1634.0,"download":"https://data.lpdaac.earthdatacloud.nasa.gov/lp-prod-protected/EMITL2BCH4PLM.002/EMIT_L2B_CH4PLM_002_20241003T082129_003629/EMIT_L2B_CH4PLM_002_20241003T082129_003629.tif"},"geometry":{"type":"Point","coordinates":[28.69710881578729,29.634039059193412]}},{"type":"Feature","properties":{"id":"CH4_PlumeComplex-3631","date":"2024-10-03T06:51:07Z","scenes":"emit20241003t065107","peak":2122.0,"download":"https://data.lpdaac.earthdatacloud.nasa.gov/lp-prod-protected/EMITL2BCH4PLM.002/EMIT_L2B_CH4PLM_002_20241003T065107_003631/EMIT_L2B_CH4PLM_002_20241003T065107_003631.tif"},"geometry":{"type":"Point","coordinates":[59.99314318742408,36.2340932957539]}},{"type":"Feature","properties":{"id":"CH4_PlumeComplex-3632","date":"2024-10-03T06:51:54Z","scenes":"emit20241003t065154, emit20241003t065206","peak":11956.0,"download":"https://data.lpdaac.earthdatacloud.nasa.gov/lp-prod-protected/EMITL2BCH4PLM.002/EMIT_L2B_CH4PLM_002_20241003T065154_003632/EMIT_L2B_CH4PLM_002_20241003T065154_003632.tif"},"geometry":{"type":"Point","coordinates":[62.593148122053364,38.25499389874945]}},{"type":"Feature","properties":{"id":"CH4_PlumeComplex-3633","date":"2024-10-03T06:52:06Z","scenes":"emit20241003t065206","peak":1513.0,"download":"https://data.lpdaac.earthdatacloud.nasa.gov/lp-prod-protected/EMITL2BCH4PLM.002/EMIT_L2B_CH4PLM_002_20241003T065206_003633/EMIT_L2B_CH4PLM_002_20241003T065206_003633.tif"},"geometry":{"type":"Point","coordinates":[62.643033513916954,38.50008299790533]}},{"type":"Feature","properties":{"id":"CH4_PlumeComplex-3634","date":"2024-10-04T18:27:15Z","scenes":"emit20241004t182715","peak":4391.0,"download":"https://data.lpdaac.earthdatacloud.nasa.gov/lp-prod-protected/EMITL2BCH4PLM.002/EMIT_L2B_CH4PLM_002_20241004T182715_003634/EMIT_L2B_CH4PLM_002_20241004T182715_003634.tif"},"geometry":{"type":"Point","coordinates":[-121.19493792128186,37.8781422971712]}},{"type":"Feature","properties":{"id":"CH4_PlumeComplex-3636","date":"2024-10-04T16:52:27Z","scenes":"emit20241004t165227","peak":1220.0,"download":"https://data.lpdaac.earthdatacloud.nasa.gov/lp-prod-protected/EMITL2BCH4PLM.002/EMIT_L2B_CH4PLM_002_20241004T165227_003636/EMIT_L2B_CH4PLM_002_20241004T165227_003636.tif"},"geometry":{"type":"Point","coordinates":[-104.22360226977767,32.756213910829565]}},{"type":"Feature","properties":{"id":"CH4_PlumeComplex-3637","date":"2024-10-04T16:52:15Z","scenes":"emit20241004t165215, emit20241004t165227","peak":1627.0,"download":"https://data.lpdaac.earthdatacloud.nasa.gov/lp-prod-protected/EMITL2BCH4PLM.002/EMIT_L2B_CH4PLM_002_20241004T165215_003637/EMIT_L2B_CH4PLM_002_20241004T165215_003637.tif"},"geometry":{"type":"Point","coordinates":[-103.94272582428488,32.290978408449604]}},{"type":"Feature","properties":{"id":"CH4_PlumeComplex-3638","date":"2024-10-04T16:52:27Z","scenes":"emit20241004t165227","peak":2365.0,"download":"https://data.lpdaac.earthdatacloud.nasa.gov/lp-prod-protected/EMITL2BCH4PLM.002/EMIT_L2B_CH4PLM_002_20241004T165227_003638/EMIT_L2B_CH4PLM_002_20241004T165227_003638.tif"},"geometry":{"type":"Point","coordinates":[-103.74535318691156,32.22699497105935]}},{"type":"Feature","properties":{"id":"CH4_PlumeComplex-3639","date":"2024-10-04T09:06:33Z","scenes":"emit20241004t090633","peak":1527.0,"download":"https://data.lpdaac.earthdatacloud.nasa.gov/lp-prod-protected/EMITL2BCH4PLM.002/EMIT_L2B_CH4PLM_002_20241004T090633_003639/EMIT_L2B_CH4PLM_002_20241004T090633_003639.tif"},"geometry":{"type":"Point","coordinates":[9.784038509245223,28.63958461704323]}},{"type":"Feature","properties":{"id":"CH4_PlumeComplex-364","date":"2023-07-30T12:20:47Z","scenes":"emit20230730t122047","peak":2568.0,"download":"https://data.lpdaac.earthdatacloud.nasa.gov/lp-prod-protected/EMITL2BCH4PLM.002/EMIT_L2B_CH4PLM_002_20230730T122047_000364/EMIT_L2B_CH4PLM_002_20230730T122047_000364.tif"},"geometry":{"type":"Point","coordinates":[6.966056101472888,29.64596817463904]}},{"type":"Feature","properties":{"id":"CH4_PlumeComplex-3640","date":"2024-10-04T07:36:09Z","scenes":"emit20241004t073609","peak":3556.0,"download":"https://data.lpdaac.earthdatacloud.nasa.gov/lp-prod-protected/EMITL2BCH4PLM.002/EMIT_L2B_CH4PLM_002_20241004T073609_003640/EMIT_L2B_CH4PLM_002_20241004T073609_003640.tif"},"geometry":{"type":"Point","coordinates":[40.455963250066894,35.30524898855479]}},{"type":"Feature","properties":{"id":"CH4_PlumeComplex-3642","date":"2024-10-04T07:36:09Z","scenes":"emit20241004t073609","peak":1930.0,"download":"https://data.lpdaac.earthdatacloud.nasa.gov/lp-prod-protected/EMITL2BCH4PLM.002/EMIT_L2B_CH4PLM_002_20241004T073609_003642/EMIT_L2B_CH4PLM_002_20241004T073609_003642.tif"},"geometry":{"type":"Point","coordinates":[40.48415934112022,35.181619973936336]}},{"type":"Feature","properties":{"id":"CH4_PlumeComplex-3643","date":"2024-10-04T07:36:09Z","scenes":"emit20241004t073609","peak":1322.0,"download":"https://data.lpdaac.earthdatacloud.nasa.gov/lp-prod-protected/EMITL2BCH4PLM.002/EMIT_L2B_CH4PLM_002_20241004T073609_003643/EMIT_L2B_CH4PLM_002_20241004T073609_003643.tif"},"geometry":{"type":"Point","coordinates":[40.684243141094825,35.11709430402583]}},{"type":"Feature","properties":{"id":"CH4_PlumeComplex-3644","date":"2024-10-04T07:36:09Z","scenes":"emit20241004t073609","peak":1345.0,"download":"https://data.lpdaac.earthdatacloud.nasa.gov/lp-prod-protected/EMITL2BCH4PLM.002/EMIT_L2B_CH4PLM_002_20241004T073609_003644/EMIT_L2B_CH4PLM_002_20241004T073609_003644.tif"},"geometry":{"type":"Point","coordinates":[40.612668448420976,35.09106714305352]}},{"type":"Feature","properties":{"id":"CH4_PlumeComplex-3645","date":"2024-10-04T07:36:09Z","scenes":"emit20241004t073609","peak":2550.0,"download":"https://data.lpdaac.earthdatacloud.nasa.gov/lp-prod-protected/EMITL2BCH4PLM.002/EMIT_L2B_CH4PLM_002_20241004T073609_003645/EMIT_L2B_CH4PLM_002_20241004T073609_003645.tif"},"geometry":{"type":"Point","coordinates":[40.69834118662149,35.03955505362917]}},{"type":"Feature","properties":{"id":"CH4_PlumeComplex-3647","date":"2024-10-04T02:57:47Z","scenes":"emit20241004t025747","peak":14723.0,"download":"https://data.lpdaac.earthdatacloud.nasa.gov/lp-prod-protected/EMITL2BCH4PLM.002/EMIT_L2B_CH4PLM_002_20241004T025747_003647/EMIT_L2B_CH4PLM_002_20241004T025747_003647.tif"},"geometry":{"type":"Point","coordinates":[112.52950984254356,35.61052589745915]}},{"type":"Feature","properties":{"id":"CH4_PlumeComplex-3648","date":"2024-10-04T02:57:47Z","scenes":"emit20241004t025747","peak":2704.0,"download":"https://data.lpdaac.earthdatacloud.nasa.gov/lp-prod-protected/EMITL2BCH4PLM.002/EMIT_L2B_CH4PLM_002_20241004T025747_003648/EMIT_L2B_CH4PLM_002_20241004T025747_003648.tif"},"geometry":{"type":"Point","coordinates":[112.48070891572048,35.59968124705402]}},{"type":"Feature","properties":{"id":"CH4_PlumeComplex-3651","date":"2024-10-04T02:57:59Z","scenes":"emit20241004t025759","peak":10491.0,"download":"https://data.lpdaac.earthdatacloud.nasa.gov/lp-prod-protected/EMITL2BCH4PLM.002/EMIT_L2B_CH4PLM_002_20241004T025759_003651/EMIT_L2B_CH4PLM_002_20241004T025759_003651.tif"},"geometry":{"type":"Point","coordinates":[112.94811334818148,36.234093295753965]}},{"type":"Feature","properties":{"id":"CH4_PlumeComplex-3652","date":"2024-10-04T02:57:59Z","scenes":"emit20241004t025759","peak":3003.0,"download":"https://data.lpdaac.earthdatacloud.nasa.gov/lp-prod-protected/EMITL2BCH4PLM.002/EMIT_L2B_CH4PLM_002_20241004T025759_003652/EMIT_L2B_CH4PLM_002_20241004T025759_003652.tif"},"geometry":{"type":"Point","coordinates":[112.91937502460789,36.259578224206024]}},{"type":"Feature","properties":{"id":"CH4_PlumeComplex-3653","date":"2024-10-04T02:57:59Z","scenes":"emit20241004t025759","peak":5816.0,"download":"https://data.lpdaac.earthdatacloud.nasa.gov/lp-prod-protected/EMITL2BCH4PLM.002/EMIT_L2B_CH4PLM_002_20241004T025759_003653/EMIT_L2B_CH4PLM_002_20241004T025759_003653.tif"},"geometry":{"type":"Point","coordinates":[112.99094971728172,36.24819134128063]}},{"type":"Feature","properties":{"id":"CH4_PlumeComplex-3654","date":"2024-10-04T02:57:59Z","scenes":"emit20241004t025759","peak":5474.0,"download":"https://data.lpdaac.earthdatacloud.nasa.gov/lp-prod-protected/EMITL2BCH4PLM.002/EMIT_L2B_CH4PLM_002_20241004T025759_003654/EMIT_L2B_CH4PLM_002_20241004T025759_003654.tif"},"geometry":{"type":"Point","coordinates":[112.93726869777635,36.41574119003985]}},{"type":"Feature","properties":{"id":"CH4_PlumeComplex-3656","date":"2024-10-10T20:10:28Z","scenes":"emit20241010t201028","peak":4417.0,"download":"https://data.lpdaac.earthdatacloud.nasa.gov/lp-prod-protected/EMITL2BCH4PLM.002/EMIT_L2B_CH4PLM_002_20241010T201028_003656/EMIT_L2B_CH4PLM_002_20241010T201028_003656.tif"},"geometry":{"type":"Point","coordinates":[-113.59066905720623,50.84780194918329]}},{"type":"Feature","properties":{"id":"CH4_PlumeComplex-3658","date":"2024-10-06T16:54:57Z","scenes":"emit20241006t165457","peak":12662.0,"download":"https://data.lpdaac.earthdatacloud.nasa.gov/lp-prod-protected/EMITL2BCH4PLM.002/EMIT_L2B_CH4PLM_002_20241006T165457_003658/EMIT_L2B_CH4PLM_002_20241006T165457_003658.tif"},"geometry":{"type":"Point","coordinates":[-104.60912959167976,40.27914789686644]}},{"type":"Feature","properties":{"id":"CH4_PlumeComplex-3661","date":"2024-10-07T16:08:51Z","scenes":"emit20241007t160851","peak":1811.0,"download":"https://data.lpdaac.earthdatacloud.nasa.gov/lp-prod-protected/EMITL2BCH4PLM.002/EMIT_L2B_CH4PLM_002_20241007T160851_003661/EMIT_L2B_CH4PLM_002_20241007T160851_003661.tif"},"geometry":{"type":"Point","coordinates":[-96.24410850168474,41.38964009835146]}},{"type":"Feature","properties":{"id":"CH4_PlumeComplex-3663","date":"2024-10-05T16:06:04Z","scenes":"emit20241005t160604","peak":3769.0,"download":"https://data.lpdaac.earthdatacloud.nasa.gov/lp-prod-protected/EMITL2BCH4PLM.002/EMIT_L2B_CH4PLM_002_20241005T160604_003663/EMIT_L2B_CH4PLM_002_20241005T160604_003663.tif"},"geometry":{"type":"Point","coordinates":[-96.52932280733963,33.297904198565696]}},{"type":"Feature","properties":{"id":"CH4_PlumeComplex-3666","date":"2024-10-11T22:36:25Z","scenes":"emit20241011t223625","peak":3034.0,"download":"https://data.lpdaac.earthdatacloud.nasa.gov/lp-prod-protected/EMITL2BCH4PLM.002/EMIT_L2B_CH4PLM_002_20241011T223625_003666/EMIT_L2B_CH4PLM_002_20241011T223625_003666.tif"},"geometry":{"type":"Point","coordinates":[-121.1857199684368,37.88031122725223]}},{"type":"Feature","properties":{"id":"CH4_PlumeComplex-3667","date":"2024-10-12T21:53:51Z","scenes":"emit20241012t215351","peak":4514.0,"download":"https://data.lpdaac.earthdatacloud.nasa.gov/lp-prod-protected/EMITL2BCH4PLM.002/EMIT_L2B_CH4PLM_002_20241012T215351_003667/EMIT_L2B_CH4PLM_002_20241012T215351_003667.tif"},"geometry":{"type":"Point","coordinates":[-100.3021766832837,25.872572066175003]}},{"type":"Feature","properties":{"id":"CH4_PlumeComplex-3668","date":"2024-10-12T12:34:36Z","scenes":"emit20241012t123436","peak":6494.0,"download":"https://data.lpdaac.earthdatacloud.nasa.gov/lp-prod-protected/EMITL2BCH4PLM.002/EMIT_L2B_CH4PLM_002_20241012T123436_003668/EMIT_L2B_CH4PLM_002_20241012T123436_003668.tif"},"geometry":{"type":"Point","coordinates":[35.23426407999806,31.615356688210174]}},{"type":"Feature","properties":{"id":"CH4_PlumeComplex-3674","date":"2024-10-17T08:39:46Z","scenes":"emit20241017t083946","peak":11371.0,"download":"https://data.lpdaac.earthdatacloud.nasa.gov/lp-prod-protected/EMITL2BCH4PLM.002/EMIT_L2B_CH4PLM_002_20241017T083946_003674/EMIT_L2B_CH4PLM_002_20241017T083946_003674.tif"},"geometry":{"type":"Point","coordinates":[69.81080519918582,27.967758524445593]}},{"type":"Feature","properties":{"id":"CH4_PlumeComplex-3675","date":"2024-10-19T10:09:41Z","scenes":"emit20241019t100941","peak":2404.0,"download":"https://data.lpdaac.earthdatacloud.nasa.gov/lp-prod-protected/EMITL2BCH4PLM.002/EMIT_L2B_CH4PLM_002_20241019T100941_003675/EMIT_L2B_CH4PLM_002_20241019T100941_003675.tif"},"geometry":{"type":"Point","coordinates":[31.55684312761944,30.253810829846465]}},{"type":"Feature","properties":{"id":"CH4_PlumeComplex-3676","date":"2024-10-19T10:13:02Z","scenes":"emit20241019t101302","peak":1775.0,"download":"https://data.lpdaac.earthdatacloud.nasa.gov/lp-prod-protected/EMITL2BCH4PLM.002/EMIT_L2B_CH4PLM_002_20241019T101302_003676/EMIT_L2B_CH4PLM_002_20241019T101302_003676.tif"},"geometry":{"type":"Point","coordinates":[40.48795496876206,21.27389806188077]}},{"type":"Feature","properties":{"id":"CH4_PlumeComplex-3677","date":"2024-10-20T17:05:04Z","scenes":"emit20241020t170504","peak":22890.0,"download":"https://data.lpdaac.earthdatacloud.nasa.gov/lp-prod-protected/EMITL2BCH4PLM.002/EMIT_L2B_CH4PLM_002_20241020T170504_003677/EMIT_L2B_CH4PLM_002_20241020T170504_003677.tif"},"geometry":{"type":"Point","coordinates":[-84.36325175034756,34.27988729274995]}},{"type":"Feature","properties":{"id":"CH4_PlumeComplex-3679","date":"2024-10-20T09:21:44Z","scenes":"emit20241020t092144","peak":2976.0,"download":"https://data.lpdaac.earthdatacloud.nasa.gov/lp-prod-protected/EMITL2BCH4PLM.002/EMIT_L2B_CH4PLM_002_20241020T092144_003679/EMIT_L2B_CH4PLM_002_20241020T092144_003679.tif"},"geometry":{"type":"Point","coordinates":[36.17449527012258,31.93418941012092]}},{"type":"Feature","properties":{"id":"CH4_PlumeComplex-368","date":"2023-07-30T12:20:47Z","scenes":"emit20230730t122047","peak":2974.0,"download":"https://data.lpdaac.earthdatacloud.nasa.gov/lp-prod-protected/EMITL2BCH4PLM.002/EMIT_L2B_CH4PLM_002_20230730T122047_000368/EMIT_L2B_CH4PLM_002_20230730T122047_000368.tif"},"geometry":{"type":"Point","coordinates":[6.963344938871606,29.624821106349042]}},{"type":"Feature","properties":{"id":"CH4_PlumeComplex-3680","date":"2024-10-20T07:51:29Z","scenes":"emit20241020t075129","peak":8711.0,"download":"https://data.lpdaac.earthdatacloud.nasa.gov/lp-prod-protected/EMITL2BCH4PLM.002/EMIT_L2B_CH4PLM_002_20241020T075129_003680/EMIT_L2B_CH4PLM_002_20241020T075129_003680.tif"},"geometry":{"type":"Point","coordinates":[67.03240576539218,25.030484962216867]}},{"type":"Feature","properties":{"id":"CH4_PlumeComplex-3683","date":"2024-10-05T09:54:54Z","scenes":"emit20241005t095454","peak":19772.0,"download":"https://data.lpdaac.earthdatacloud.nasa.gov/lp-prod-protected/EMITL2BCH4PLM.002/EMIT_L2B_CH4PLM_002_20241005T095454_003683/EMIT_L2B_CH4PLM_002_20241005T095454_003683.tif"},"geometry":{"type":"Point","coordinates":[-1.3143767153620893,34.89749013332198]}},{"type":"Feature","properties":{"id":"CH4_PlumeComplex-3685","date":"2024-10-06T09:07:38Z","scenes":"emit20241006t090738","peak":1242.0,"download":"https://data.lpdaac.earthdatacloud.nasa.gov/lp-prod-protected/EMITL2BCH4PLM.002/EMIT_L2B_CH4PLM_002_20241006T090738_003685/EMIT_L2B_CH4PLM_002_20241006T090738_003685.tif"},"geometry":{"type":"Point","coordinates":[3.3222535653501106,32.94436859535853]}},{"type":"Feature","properties":{"id":"CH4_PlumeComplex-3686","date":"2024-10-07T08:20:15Z","scenes":"emit20241007t082015","peak":1710.0,"download":"https://data.lpdaac.earthdatacloud.nasa.gov/lp-prod-protected/EMITL2BCH4PLM.002/EMIT_L2B_CH4PLM_002_20241007T082015_003686/EMIT_L2B_CH4PLM_002_20241007T082015_003686.tif"},"geometry":{"type":"Point","coordinates":[6.785492672227518,31.19349978745075]}},{"type":"Feature","properties":{"id":"CH4_PlumeComplex-3687","date":"2024-10-26T17:21:33Z","scenes":"emit20241026t172133","peak":3303.0,"download":"https://data.lpdaac.earthdatacloud.nasa.gov/lp-prod-protected/EMITL2BCH4PLM.002/EMIT_L2B_CH4PLM_002_20241026T172133_003687/EMIT_L2B_CH4PLM_002_20241026T172133_003687.tif"},"geometry":{"type":"Point","coordinates":[-58.58551773735982,-34.537010783066535]}},{"type":"Feature","properties":{"id":"CH4_PlumeComplex-3688","date":"2024-10-26T06:11:52Z","scenes":"emit20241026t061152","peak":1962.0,"download":"https://data.lpdaac.earthdatacloud.nasa.gov/lp-prod-protected/EMITL2BCH4PLM.002/EMIT_L2B_CH4PLM_002_20241026T061152_003688/EMIT_L2B_CH4PLM_002_20241026T061152_003688.tif"},"geometry":{"type":"Point","coordinates":[57.88873877630908,23.602786736381884]}},{"type":"Feature","properties":{"id":"CH4_PlumeComplex-3689","date":"2024-10-26T06:12:04Z","scenes":"emit20241026t061204","peak":2586.0,"download":"https://data.lpdaac.earthdatacloud.nasa.gov/lp-prod-protected/EMITL2BCH4PLM.002/EMIT_L2B_CH4PLM_002_20241026T061204_003689/EMIT_L2B_CH4PLM_002_20241026T061204_003689.tif"},"geometry":{"type":"Point","coordinates":[58.45537175997699,23.33871949901703]}},{"type":"Feature","properties":{"id":"CH4_PlumeComplex-3690","date":"2024-10-14T20:17:56Z","scenes":"emit20241014t201756","peak":3531.0,"download":"https://data.lpdaac.earthdatacloud.nasa.gov/lp-prod-protected/EMITL2BCH4PLM.002/EMIT_L2B_CH4PLM_002_20241014T201756_003690/EMIT_L2B_CH4PLM_002_20241014T201756_003690.tif"},"geometry":{"type":"Point","coordinates":[-92.87196445821043,30.438712119253886]}},{"type":"Feature","properties":{"id":"CH4_PlumeComplex-3697","date":"2024-10-15T11:49:23Z","scenes":"emit20241015t114923","peak":3258.0,"download":"https://data.lpdaac.earthdatacloud.nasa.gov/lp-prod-protected/EMITL2BCH4PLM.002/EMIT_L2B_CH4PLM_002_20241015T114923_003697/EMIT_L2B_CH4PLM_002_20241015T114923_003697.tif"},"geometry":{"type":"Point","coordinates":[39.40403216076953,21.64641180329689]}},{"type":"Feature","properties":{"id":"CH4_PlumeComplex-3699","date":"2024-10-23T08:37:41Z","scenes":"emit20241023t083741","peak":2154.0,"download":"https://data.lpdaac.earthdatacloud.nasa.gov/lp-prod-protected/EMITL2BCH4PLM.002/EMIT_L2B_CH4PLM_002_20241023T083741_003699/EMIT_L2B_CH4PLM_002_20241023T083741_003699.tif"},"geometry":{"type":"Point","coordinates":[45.78773562174778,15.55930953089886]}},{"type":"Feature","properties":{"id":"CH4_PlumeComplex-3700","date":"2024-10-23T08:37:41Z","scenes":"emit20241023t083741","peak":4502.0,"download":"https://data.lpdaac.earthdatacloud.nasa.gov/lp-prod-protected/EMITL2BCH4PLM.002/EMIT_L2B_CH4PLM_002_20241023T083741_003700/EMIT_L2B_CH4PLM_002_20241023T083741_003700.tif"},"geometry":{"type":"Point","coordinates":[46.03553588350494,15.58479445935091]}},{"type":"Feature","properties":{"id":"CH4_PlumeComplex-3701","date":"2024-10-22T07:49:13Z","scenes":"emit20241022t074913","peak":1724.0,"download":"https://data.lpdaac.earthdatacloud.nasa.gov/lp-prod-protected/EMITL2BCH4PLM.002/EMIT_L2B_CH4PLM_002_20241022T074913_003701/EMIT_L2B_CH4PLM_002_20241022T074913_003701.tif"},"geometry":{"type":"Point","coordinates":[55.43242545954774,25.28424978169684]}},{"type":"Feature","properties":{"id":"CH4_PlumeComplex-3702","date":"2024-10-22T07:49:13Z","scenes":"emit20241022t074913","peak":1571.0,"download":"https://data.lpdaac.earthdatacloud.nasa.gov/lp-prod-protected/EMITL2BCH4PLM.002/EMIT_L2B_CH4PLM_002_20241022T074913_003702/EMIT_L2B_CH4PLM_002_20241022T074913_003702.tif"},"geometry":{"type":"Point","coordinates":[55.425376436784404,25.154113976835312]}},{"type":"Feature","properties":{"id":"CH4_PlumeComplex-3703","date":"2024-10-23T07:00:38Z","scenes":"emit20241023t070038","peak":3914.0,"download":"https://data.lpdaac.earthdatacloud.nasa.gov/lp-prod-protected/EMITL2BCH4PLM.002/EMIT_L2B_CH4PLM_002_20241023T070038_003703/EMIT_L2B_CH4PLM_002_20241023T070038_003703.tif"},"geometry":{"type":"Point","coordinates":[59.13641580541899,27.700437891959258]}},{"type":"Feature","properties":{"id":"CH4_PlumeComplex-3704","date":"2024-10-14T09:22:23Z","scenes":"emit20241014t092223","peak":2471.0,"download":"https://data.lpdaac.earthdatacloud.nasa.gov/lp-prod-protected/EMITL2BCH4PLM.002/EMIT_L2B_CH4PLM_002_20241014T092223_003704/EMIT_L2B_CH4PLM_002_20241014T092223_003704.tif"},"geometry":{"type":"Point","coordinates":[52.731565276150796,43.29938303469438]}},{"type":"Feature","properties":{"id":"CH4_PlumeComplex-3705","date":"2024-10-05T06:51:06Z","scenes":"emit20241005t065106, emit20241005t065118","peak":3359.0,"download":"https://data.lpdaac.earthdatacloud.nasa.gov/lp-prod-protected/EMITL2BCH4PLM.002/EMIT_L2B_CH4PLM_002_20241005T065106_003705/EMIT_L2B_CH4PLM_002_20241005T065106_003705.tif"},"geometry":{"type":"Point","coordinates":[53.35187927932405,39.451158838434935]}},{"type":"Feature","properties":{"id":"CH4_PlumeComplex-3706","date":"2024-10-05T06:51:18Z","scenes":"emit20241005t065118","peak":1618.0,"download":"https://data.lpdaac.earthdatacloud.nasa.gov/lp-prod-protected/EMITL2BCH4PLM.002/EMIT_L2B_CH4PLM_002_20241005T065118_003706/EMIT_L2B_CH4PLM_002_20241005T065118_003706.tif"},"geometry":{"type":"Point","coordinates":[53.741202228868126,39.47501706932622]}},{"type":"Feature","properties":{"id":"CH4_PlumeComplex-3707","date":"2024-10-05T06:51:18Z","scenes":"emit20241005t065118","peak":2873.0,"download":"https://data.lpdaac.earthdatacloud.nasa.gov/lp-prod-protected/EMITL2BCH4PLM.002/EMIT_L2B_CH4PLM_002_20241005T065118_003707/EMIT_L2B_CH4PLM_002_20241005T065118_003707.tif"},"geometry":{"type":"Point","coordinates":[53.62624893457378,39.4603767912793]}},{"type":"Feature","properties":{"id":"CH4_PlumeComplex-3709","date":"2024-10-07T05:16:55Z","scenes":"emit20241007t051655","peak":3538.0,"download":"https://data.lpdaac.earthdatacloud.nasa.gov/lp-prod-protected/EMITL2BCH4PLM.002/EMIT_L2B_CH4PLM_002_20241007T051655_003709/EMIT_L2B_CH4PLM_002_20241007T051655_003709.tif"},"geometry":{"type":"Point","coordinates":[61.927286587178465,37.42104028259512]}},{"type":"Feature","properties":{"id":"CH4_PlumeComplex-3710","date":"2024-10-07T05:17:07Z","scenes":"emit20241007t051707","peak":1485.0,"download":"https://data.lpdaac.earthdatacloud.nasa.gov/lp-prod-protected/EMITL2BCH4PLM.002/EMIT_L2B_CH4PLM_002_20241007T051707_003710/EMIT_L2B_CH4PLM_002_20241007T051707_003710.tif"},"geometry":{"type":"Point","coordinates":[62.617006352944564,38.266380781674805]}},{"type":"Feature","properties":{"id":"CH4_PlumeComplex-3711","date":"2024-10-07T05:17:30Z","scenes":"emit20241007t051730","peak":4474.0,"download":"https://data.lpdaac.earthdatacloud.nasa.gov/lp-prod-protected/EMITL2BCH4PLM.002/EMIT_L2B_CH4PLM_002_20241007T051730_003711/EMIT_L2B_CH4PLM_002_20241007T051730_003711.tif"},"geometry":{"type":"Point","coordinates":[64.05609146170497,39.03092863523628]}},{"type":"Feature","properties":{"id":"CH4_PlumeComplex-3712","date":"2024-10-07T05:17:30Z","scenes":"emit20241007t051730","peak":1954.0,"download":"https://data.lpdaac.earthdatacloud.nasa.gov/lp-prod-protected/EMITL2BCH4PLM.002/EMIT_L2B_CH4PLM_002_20241007T051730_003712/EMIT_L2B_CH4PLM_002_20241007T051730_003712.tif"},"geometry":{"type":"Point","coordinates":[64.07669629747471,39.02333737995269]}},{"type":"Feature","properties":{"id":"CH4_PlumeComplex-3714","date":"2024-10-07T05:17:54Z","scenes":"emit20241007t051754","peak":11361.0,"download":"https://data.lpdaac.earthdatacloud.nasa.gov/lp-prod-protected/EMITL2BCH4PLM.002/EMIT_L2B_CH4PLM_002_20241007T051754_003714/EMIT_L2B_CH4PLM_002_20241007T051754_003714.tif"},"geometry":{"type":"Point","coordinates":[65.89751310049559,39.91856327089595]}},{"type":"Feature","properties":{"id":"CH4_PlumeComplex-3715","date":"2024-10-07T05:17:54Z","scenes":"emit20241007t051754","peak":3018.0,"download":"https://data.lpdaac.earthdatacloud.nasa.gov/lp-prod-protected/EMITL2BCH4PLM.002/EMIT_L2B_CH4PLM_002_20241007T051754_003715/EMIT_L2B_CH4PLM_002_20241007T051754_003715.tif"},"geometry":{"type":"Point","coordinates":[65.77659524847842,39.92940792130108]}},{"type":"Feature","properties":{"id":"CH4_PlumeComplex-3716","date":"2024-10-05T06:51:18Z","scenes":"emit20241005t065118","peak":2304.0,"download":"https://data.lpdaac.earthdatacloud.nasa.gov/lp-prod-protected/EMITL2BCH4PLM.002/EMIT_L2B_CH4PLM_002_20241005T065118_003716/EMIT_L2B_CH4PLM_002_20241005T065118_003716.tif"},"geometry":{"type":"Point","coordinates":[53.64793823538403,39.46254572136033]}},{"type":"Feature","properties":{"id":"CH4_PlumeComplex-3717","date":"2024-10-05T06:51:18Z","scenes":"emit20241005t065118","peak":3456.0,"download":"https://data.lpdaac.earthdatacloud.nasa.gov/lp-prod-protected/EMITL2BCH4PLM.002/EMIT_L2B_CH4PLM_002_20241005T065118_003717/EMIT_L2B_CH4PLM_002_20241005T065118_003717.tif"},"geometry":{"type":"Point","coordinates":[53.66637414107275,39.48043939452878]}},{"type":"Feature","properties":{"id":"CH4_PlumeComplex-3720","date":"2024-10-07T05:11:59Z","scenes":"emit20241007t051159","peak":4029.0,"download":"https://data.lpdaac.earthdatacloud.nasa.gov/lp-prod-protected/EMITL2BCH4PLM.002/EMIT_L2B_CH4PLM_002_20241007T051159_003720/EMIT_L2B_CH4PLM_002_20241007T051159_003720.tif"},"geometry":{"type":"Point","coordinates":[46.88250308014539,24.652548895598223]}},{"type":"Feature","properties":{"id":"CH4_PlumeComplex-3721","date":"2024-10-07T05:13:46Z","scenes":"emit20241007t051346","peak":5407.0,"download":"https://data.lpdaac.earthdatacloud.nasa.gov/lp-prod-protected/EMITL2BCH4PLM.002/EMIT_L2B_CH4PLM_002_20241007T051346_003721/EMIT_L2B_CH4PLM_002_20241007T051346_003721.tif"},"geometry":{"type":"Point","coordinates":[51.93827909901576,28.989866825128903]}},{"type":"Feature","properties":{"id":"CH4_PlumeComplex-3723","date":"2024-11-30T18:03:10Z","scenes":"emit20241130t180310","peak":4990.0,"download":"https://data.lpdaac.earthdatacloud.nasa.gov/lp-prod-protected/EMITL2BCH4PLM.002/EMIT_L2B_CH4PLM_002_20241130T180310_003723/EMIT_L2B_CH4PLM_002_20241130T180310_003723.tif"},"geometry":{"type":"Point","coordinates":[-102.98676989107277,30.987993662273574]}},{"type":"Feature","properties":{"id":"CH4_PlumeComplex-3724","date":"2024-11-30T18:03:10Z","scenes":"emit20241130t180310","peak":1590.0,"download":"https://data.lpdaac.earthdatacloud.nasa.gov/lp-prod-protected/EMITL2BCH4PLM.002/EMIT_L2B_CH4PLM_002_20241130T180310_003724/EMIT_L2B_CH4PLM_002_20241130T180310_003724.tif"},"geometry":{"type":"Point","coordinates":[-102.92495538376353,30.99612715007742]}},{"type":"Feature","properties":{"id":"CH4_PlumeComplex-3725","date":"2024-11-30T18:03:10Z","scenes":"emit20241130t180310","peak":2050.0,"download":"https://data.lpdaac.earthdatacloud.nasa.gov/lp-prod-protected/EMITL2BCH4PLM.002/EMIT_L2B_CH4PLM_002_20241130T180310_003725/EMIT_L2B_CH4PLM_002_20241130T180310_003725.tif"},"geometry":{"type":"Point","coordinates":[-102.92007529108123,30.97714901186845]}},{"type":"Feature","properties":{"id":"CH4_PlumeComplex-373","date":"2023-07-30T10:48:00Z","scenes":"emit20230730t104800","peak":2071.0,"download":"https://data.lpdaac.earthdatacloud.nasa.gov/lp-prod-protected/EMITL2BCH4PLM.002/EMIT_L2B_CH4PLM_002_20230730T104800_000373/EMIT_L2B_CH4PLM_002_20230730T104800_000373.tif"},"geometry":{"type":"Point","coordinates":[31.356759327644806,29.78857532746654]}},{"type":"Feature","properties":{"id":"CH4_PlumeComplex-374","date":"2023-07-30T09:14:51Z","scenes":"emit20230730t091451","peak":3447.0,"download":"https://data.lpdaac.earthdatacloud.nasa.gov/lp-prod-protected/EMITL2BCH4PLM.002/EMIT_L2B_CH4PLM_002_20230730T091451_000374/EMIT_L2B_CH4PLM_002_20230730T091451_000374.tif"},"geometry":{"type":"Point","coordinates":[53.323683188270685,29.039752216992472]}},{"type":"Feature","properties":{"id":"CH4_PlumeComplex-38","date":"2023-06-14T19:37:06Z","scenes":"emit20230614t193706","peak":3162.0,"download":"https://data.lpdaac.earthdatacloud.nasa.gov/lp-prod-protected/EMITL2BCH4PLM.002/EMIT_L2B_CH4PLM_002_20230614T193706_000038/EMIT_L2B_CH4PLM_002_20230614T193706_000038.tif"},"geometry":{"type":"Point","coordinates":[-96.64915619431632,47.760329978843494]}},{"type":"Feature","properties":{"id":"CH4_PlumeComplex-394","date":"2023-07-31T19:18:46Z","scenes":"emit20230731t191846","peak":3977.0,"download":"https://data.lpdaac.earthdatacloud.nasa.gov/lp-prod-protected/EMITL2BCH4PLM.002/EMIT_L2B_CH4PLM_002_20230731T191846_000394/EMIT_L2B_CH4PLM_002_20230731T191846_000394.tif"},"geometry":{"type":"Point","coordinates":[-101.52219985386054,32.516004904356066]}},{"type":"Feature","properties":{"id":"CH4_PlumeComplex-395","date":"2023-07-31T19:18:46Z","scenes":"emit20230731t191846","peak":6449.0,"download":"https://data.lpdaac.earthdatacloud.nasa.gov/lp-prod-protected/EMITL2BCH4PLM.002/EMIT_L2B_CH4PLM_002_20230731T191846_000395/EMIT_L2B_CH4PLM_002_20230731T191846_000395.tif"},"geometry":{"type":"Point","coordinates":[-101.32862284412901,32.364722031204536]}},{"type":"Feature","properties":{"id":"CH4_PlumeComplex-396","date":"2023-07-31T19:18:46Z","scenes":"emit20230731t191846","peak":5545.0,"download":"https://data.lpdaac.earthdatacloud.nasa.gov/lp-prod-protected/EMITL2BCH4PLM.002/EMIT_L2B_CH4PLM_002_20230731T191846_000396/EMIT_L2B_CH4PLM_002_20230731T191846_000396.tif"},"geometry":{"type":"Point","coordinates":[-101.45713195142977,32.324596824705566]}},{"type":"Feature","properties":{"id":"CH4_PlumeComplex-398","date":"2023-07-31T19:18:34Z","scenes":"emit20230731t191834, emit20230731t191846","peak":2905.0,"download":"https://data.lpdaac.earthdatacloud.nasa.gov/lp-prod-protected/EMITL2BCH4PLM.002/EMIT_L2B_CH4PLM_002_20230731T191834_000398/EMIT_L2B_CH4PLM_002_20230731T191834_000398.tif"},"geometry":{"type":"Point","coordinates":[-101.92128298876924,32.388580262095815]}},{"type":"Feature","properties":{"id":"CH4_PlumeComplex-399","date":"2023-07-31T19:18:34Z","scenes":"emit20230731t191834","peak":2459.0,"download":"https://data.lpdaac.earthdatacloud.nasa.gov/lp-prod-protected/EMITL2BCH4PLM.002/EMIT_L2B_CH4PLM_002_20230731T191834_000399/EMIT_L2B_CH4PLM_002_20230731T191834_000399.tif"},"geometry":{"type":"Point","coordinates":[-101.73421276928077,32.08547228327251]}},{"type":"Feature","properties":{"id":"CH4_PlumeComplex-4","date":"2023-06-20T08:44:14Z","scenes":"emit20230620t084414","peak":8839.0,"download":"https://data.lpdaac.earthdatacloud.nasa.gov/lp-prod-protected/EMITL2BCH4PLM.002/EMIT_L2B_CH4PLM_002_20230620T084414_000004/EMIT_L2B_CH4PLM_002_20230620T084414_000004.tif"},"geometry":{"type":"Point","coordinates":[53.80247450365707,39.3573526124306]}},{"type":"Feature","properties":{"id":"CH4_PlumeComplex-400","date":"2023-07-31T19:18:34Z","scenes":"emit20230731t191834","peak":3136.0,"download":"https://data.lpdaac.earthdatacloud.nasa.gov/lp-prod-protected/EMITL2BCH4PLM.002/EMIT_L2B_CH4PLM_002_20230731T191834_000400/EMIT_L2B_CH4PLM_002_20230731T191834_000400.tif"},"geometry":{"type":"Point","coordinates":[-101.69734095790334,31.969434523937647]}},{"type":"Feature","properties":{"id":"CH4_PlumeComplex-401","date":"2023-07-31T19:18:34Z","scenes":"emit20230731t191834","peak":3568.0,"download":"https://data.lpdaac.earthdatacloud.nasa.gov/lp-prod-protected/EMITL2BCH4PLM.002/EMIT_L2B_CH4PLM_002_20230731T191834_000401/EMIT_L2B_CH4PLM_002_20230731T191834_000401.tif"},"geometry":{"type":"Point","coordinates":[-101.77216904569872,31.845805509319195]}},{"type":"Feature","properties":{"id":"CH4_PlumeComplex-403","date":"2023-07-31T19:18:34Z","scenes":"emit20230731t191834","peak":1595.0,"download":"https://data.lpdaac.earthdatacloud.nasa.gov/lp-prod-protected/EMITL2BCH4PLM.002/EMIT_L2B_CH4PLM_002_20230731T191834_000403/EMIT_L2B_CH4PLM_002_20230731T191834_000403.tif"},"geometry":{"type":"Point","coordinates":[-102.51123197080815,32.01823545076072]}},{"type":"Feature","properties":{"id":"CH4_PlumeComplex-404","date":"2023-07-31T19:18:22Z","scenes":"emit20230731t191822","peak":4526.0,"download":"https://data.lpdaac.earthdatacloud.nasa.gov/lp-prod-protected/EMITL2BCH4PLM.002/EMIT_L2B_CH4PLM_002_20230731T191822_000404/EMIT_L2B_CH4PLM_002_20230731T191822_000404.tif"},"geometry":{"type":"Point","coordinates":[-103.05021109594298,31.450518002052306]}},{"type":"Feature","properties":{"id":"CH4_PlumeComplex-405","date":"2023-07-31T19:18:10Z","scenes":"emit20230731t191810","peak":1748.0,"download":"https://data.lpdaac.earthdatacloud.nasa.gov/lp-prod-protected/EMITL2BCH4PLM.002/EMIT_L2B_CH4PLM_002_20230731T191810_000405/EMIT_L2B_CH4PLM_002_20230731T191810_000405.tif"},"geometry":{"type":"Point","coordinates":[-103.18522699348681,31.338818102879493]}},{"type":"Feature","properties":{"id":"CH4_PlumeComplex-406","date":"2023-07-31T19:18:10Z","scenes":"emit20230731t191810","peak":2436.0,"download":"https://data.lpdaac.earthdatacloud.nasa.gov/lp-prod-protected/EMITL2BCH4PLM.002/EMIT_L2B_CH4PLM_002_20230731T191810_000406/EMIT_L2B_CH4PLM_002_20230731T191810_000406.tif"},"geometry":{"type":"Point","coordinates":[-102.97375631058682,30.992331522435673]}},{"type":"Feature","properties":{"id":"CH4_PlumeComplex-407","date":"2023-07-31T13:07:06Z","scenes":"emit20230731t130706","peak":1987.0,"download":"https://data.lpdaac.earthdatacloud.nasa.gov/lp-prod-protected/EMITL2BCH4PLM.002/EMIT_L2B_CH4PLM_002_20230731T130706_000407/EMIT_L2B_CH4PLM_002_20230731T130706_000407.tif"},"geometry":{"type":"Point","coordinates":[-8.083065265722317,31.901655458905505]}},{"type":"Feature","properties":{"id":"CH4_PlumeComplex-415","date":"2023-07-31T06:58:04Z","scenes":"emit20230731t065804","peak":1811.0,"download":"https://data.lpdaac.earthdatacloud.nasa.gov/lp-prod-protected/EMITL2BCH4PLM.002/EMIT_L2B_CH4PLM_002_20230731T065804_000415/EMIT_L2B_CH4PLM_002_20230731T065804_000415.tif"},"geometry":{"type":"Point","coordinates":[94.14674294081178,37.35271898504284]}},{"type":"Feature","properties":{"id":"CH4_PlumeComplex-43","date":"2023-06-14T10:24:03Z","scenes":"emit20230614t102403","peak":1425.0,"download":"https://data.lpdaac.earthdatacloud.nasa.gov/lp-prod-protected/EMITL2BCH4PLM.002/EMIT_L2B_CH4PLM_002_20230614T102403_000043/EMIT_L2B_CH4PLM_002_20230614T102403_000043.tif"},"geometry":{"type":"Point","coordinates":[61.29233230595826,40.79860665127202]}},{"type":"Feature","properties":{"id":"CH4_PlumeComplex-433","date":"2023-08-01T09:16:36Z","scenes":"emit20230801t091636","peak":5748.0,"download":"https://data.lpdaac.earthdatacloud.nasa.gov/lp-prod-protected/EMITL2BCH4PLM.002/EMIT_L2B_CH4PLM_002_20230801T091636_000433/EMIT_L2B_CH4PLM_002_20230801T091636_000433.tif"},"geometry":{"type":"Point","coordinates":[53.89899189226275,37.9079650857853]}},{"type":"Feature","properties":{"id":"CH4_PlumeComplex-434","date":"2023-08-01T09:16:36Z","scenes":"emit20230801t091636","peak":2317.0,"download":"https://data.lpdaac.earthdatacloud.nasa.gov/lp-prod-protected/EMITL2BCH4PLM.002/EMIT_L2B_CH4PLM_002_20230801T091636_000434/EMIT_L2B_CH4PLM_002_20230801T091636_000434.tif"},"geometry":{"type":"Point","coordinates":[53.918512262991975,37.92694322399427]}},{"type":"Feature","properties":{"id":"CH4_PlumeComplex-436","date":"2023-08-01T09:16:36Z","scenes":"emit20230801t091636","peak":2109.0,"download":"https://data.lpdaac.earthdatacloud.nasa.gov/lp-prod-protected/EMITL2BCH4PLM.002/EMIT_L2B_CH4PLM_002_20230801T091636_000436/EMIT_L2B_CH4PLM_002_20230801T091636_000436.tif"},"geometry":{"type":"Point","coordinates":[54.082266484109404,38.22571334265553]}},{"type":"Feature","properties":{"id":"CH4_PlumeComplex-438","date":"2023-08-01T09:16:36Z","scenes":"emit20230801t091636","peak":5030.0,"download":"https://data.lpdaac.earthdatacloud.nasa.gov/lp-prod-protected/EMITL2BCH4PLM.002/EMIT_L2B_CH4PLM_002_20230801T091636_000438/EMIT_L2B_CH4PLM_002_20230801T091636_000438.tif"},"geometry":{"type":"Point","coordinates":[54.03183885972556,38.33036421906501]}},{"type":"Feature","properties":{"id":"CH4_PlumeComplex-439","date":"2023-08-01T09:16:48Z","scenes":"emit20230801t091648","peak":2498.0,"download":"https://data.lpdaac.earthdatacloud.nasa.gov/lp-prod-protected/EMITL2BCH4PLM.002/EMIT_L2B_CH4PLM_002_20230801T091648_000439/EMIT_L2B_CH4PLM_002_20230801T091648_000439.tif"},"geometry":{"type":"Point","coordinates":[54.20372656864683,38.49845630034448]}},{"type":"Feature","properties":{"id":"CH4_PlumeComplex-44","date":"2023-06-14T10:24:15Z","scenes":"emit20230614t102415","peak":3824.0,"download":"https://data.lpdaac.earthdatacloud.nasa.gov/lp-prod-protected/EMITL2BCH4PLM.002/EMIT_L2B_CH4PLM_002_20230614T102415_000044/EMIT_L2B_CH4PLM_002_20230614T102415_000044.tif"},"geometry":{"type":"Point","coordinates":[62.13604610747717,40.45428900090922]}},{"type":"Feature","properties":{"id":"CH4_PlumeComplex-440","date":"2023-08-01T09:16:48Z","scenes":"emit20230801t091648","peak":8689.0,"download":"https://data.lpdaac.earthdatacloud.nasa.gov/lp-prod-protected/EMITL2BCH4PLM.002/EMIT_L2B_CH4PLM_002_20230801T091648_000440/EMIT_L2B_CH4PLM_002_20230801T091648_000440.tif"},"geometry":{"type":"Point","coordinates":[54.28289251660426,38.649196940975756]}},{"type":"Feature","properties":{"id":"CH4_PlumeComplex-441","date":"2023-08-01T09:16:48Z","scenes":"emit20230801t091648","peak":7337.0,"download":"https://data.lpdaac.earthdatacloud.nasa.gov/lp-prod-protected/EMITL2BCH4PLM.002/EMIT_L2B_CH4PLM_002_20230801T091648_000441/EMIT_L2B_CH4PLM_002_20230801T091648_000441.tif"},"geometry":{"type":"Point","coordinates":[54.316510932860155,38.679561962110114]}},{"type":"Feature","properties":{"id":"CH4_PlumeComplex-442","date":"2023-08-01T09:16:48Z","scenes":"emit20230801t091648","peak":6368.0,"download":"https://data.lpdaac.earthdatacloud.nasa.gov/lp-prod-protected/EMITL2BCH4PLM.002/EMIT_L2B_CH4PLM_002_20230801T091648_000442/EMIT_L2B_CH4PLM_002_20230801T091648_000442.tif"},"geometry":{"type":"Point","coordinates":[54.23788721742298,38.8536186011124]}},{"type":"Feature","properties":{"id":"CH4_PlumeComplex-45","date":"2023-06-14T10:24:03Z","scenes":"emit20230614t102403, emit20230614t102415","peak":2394.0,"download":"https://data.lpdaac.earthdatacloud.nasa.gov/lp-prod-protected/EMITL2BCH4PLM.002/EMIT_L2B_CH4PLM_002_20230614T102403_000045/EMIT_L2B_CH4PLM_002_20230614T102403_000045.tif"},"geometry":{"type":"Point","coordinates":[61.6832819530631,39.97603991804311]}},{"type":"Feature","properties":{"id":"CH4_PlumeComplex-451","date":"2023-08-02T11:34:11Z","scenes":"emit20230802t113411","peak":7742.0,"download":"https://data.lpdaac.earthdatacloud.nasa.gov/lp-prod-protected/EMITL2BCH4PLM.002/EMIT_L2B_CH4PLM_002_20230802T113411_000451/EMIT_L2B_CH4PLM_002_20230802T113411_000451.tif"},"geometry":{"type":"Point","coordinates":[10.077928535224173,36.7345739119506]}},{"type":"Feature","properties":{"id":"CH4_PlumeComplex-454","date":"2023-08-02T08:25:47Z","scenes":"emit20230802t082547","peak":1571.0,"download":"https://data.lpdaac.earthdatacloud.nasa.gov/lp-prod-protected/EMITL2BCH4PLM.002/EMIT_L2B_CH4PLM_002_20230802T082547_000454/EMIT_L2B_CH4PLM_002_20230802T082547_000454.tif"},"geometry":{"type":"Point","coordinates":[48.82098434006179,29.630785664071908]}},{"type":"Feature","properties":{"id":"CH4_PlumeComplex-455","date":"2023-08-02T08:25:47Z","scenes":"emit20230802t082547","peak":2880.0,"download":"https://data.lpdaac.earthdatacloud.nasa.gov/lp-prod-protected/EMITL2BCH4PLM.002/EMIT_L2B_CH4PLM_002_20230802T082547_000455/EMIT_L2B_CH4PLM_002_20230802T082547_000455.tif"},"geometry":{"type":"Point","coordinates":[48.84646926851385,29.655728360003703]}},{"type":"Feature","properties":{"id":"CH4_PlumeComplex-456","date":"2023-08-02T08:26:10Z","scenes":"emit20230802t082610","peak":1317.0,"download":"https://data.lpdaac.earthdatacloud.nasa.gov/lp-prod-protected/EMITL2BCH4PLM.002/EMIT_L2B_CH4PLM_002_20230802T082610_000456/EMIT_L2B_CH4PLM_002_20230802T082610_000456.tif"},"geometry":{"type":"Point","coordinates":[50.0090157919435,30.774896281812847]}},{"type":"Feature","properties":{"id":"CH4_PlumeComplex-457","date":"2023-08-02T08:26:10Z","scenes":"emit20230802t082610","peak":23290.0,"download":"https://data.lpdaac.earthdatacloud.nasa.gov/lp-prod-protected/EMITL2BCH4PLM.002/EMIT_L2B_CH4PLM_002_20230802T082610_000457/EMIT_L2B_CH4PLM_002_20230802T082610_000457.tif"},"geometry":{"type":"Point","coordinates":[50.70470011543241,30.834541859041042]}},{"type":"Feature","properties":{"id":"CH4_PlumeComplex-458","date":"2023-08-02T08:29:53Z","scenes":"emit20230802t082953","peak":1352.0,"download":"https://data.lpdaac.earthdatacloud.nasa.gov/lp-prod-protected/EMITL2BCH4PLM.002/EMIT_L2B_CH4PLM_002_20230802T082953_000458/EMIT_L2B_CH4PLM_002_20230802T082953_000458.tif"},"geometry":{"type":"Point","coordinates":[62.530791382223875,40.07743739933105]}},{"type":"Feature","properties":{"id":"CH4_PlumeComplex-46","date":"2023-06-14T10:24:15Z","scenes":"emit20230614t102415","peak":10734.0,"download":"https://data.lpdaac.earthdatacloud.nasa.gov/lp-prod-protected/EMITL2BCH4PLM.002/EMIT_L2B_CH4PLM_002_20230614T102415_000046/EMIT_L2B_CH4PLM_002_20230614T102415_000046.tif"},"geometry":{"type":"Point","coordinates":[62.33884107005304,40.23251590012437]}},{"type":"Feature","properties":{"id":"CH4_PlumeComplex-466","date":"2023-08-03T10:48:31Z","scenes":"emit20230803t104831","peak":4731.0,"download":"https://data.lpdaac.earthdatacloud.nasa.gov/lp-prod-protected/EMITL2BCH4PLM.002/EMIT_L2B_CH4PLM_002_20230803T104831_000466/EMIT_L2B_CH4PLM_002_20230803T104831_000466.tif"},"geometry":{"type":"Point","coordinates":[23.079579905931304,40.84957650817613]}},{"type":"Feature","properties":{"id":"CH4_PlumeComplex-47","date":"2023-06-14T10:24:15Z","scenes":"emit20230614t102415","peak":1405.0,"download":"https://data.lpdaac.earthdatacloud.nasa.gov/lp-prod-protected/EMITL2BCH4PLM.002/EMIT_L2B_CH4PLM_002_20230614T102415_000047/EMIT_L2B_CH4PLM_002_20230614T102415_000047.tif"},"geometry":{"type":"Point","coordinates":[62.35998813834305,40.21407999443565]}},{"type":"Feature","properties":{"id":"CH4_PlumeComplex-48","date":"2023-06-14T10:24:15Z","scenes":"emit20230614t102415","peak":3240.0,"download":"https://data.lpdaac.earthdatacloud.nasa.gov/lp-prod-protected/EMITL2BCH4PLM.002/EMIT_L2B_CH4PLM_002_20230614T102415_000048/EMIT_L2B_CH4PLM_002_20230614T102415_000048.tif"},"geometry":{"type":"Point","coordinates":[62.48253268792098,40.258000828576414]}},{"type":"Feature","properties":{"id":"CH4_PlumeComplex-480","date":"2023-08-03T09:21:03Z","scenes":"emit20230803t092103","peak":2257.0,"download":"https://data.lpdaac.earthdatacloud.nasa.gov/lp-prod-protected/EMITL2BCH4PLM.002/EMIT_L2B_CH4PLM_002_20230803T092103_000480/EMIT_L2B_CH4PLM_002_20230803T092103_000480.tif"},"geometry":{"type":"Point","coordinates":[72.21777535660381,49.901063968815656]}},{"type":"Feature","properties":{"id":"CH4_PlumeComplex-485","date":"2022-08-10T06:49:57Z","scenes":"emit20220810t064957","peak":3038.0,"download":"https://data.lpdaac.earthdatacloud.nasa.gov/lp-prod-protected/EMITL2BCH4PLM.002/EMIT_L2B_CH4PLM_002_20220810T064957_000485/EMIT_L2B_CH4PLM_002_20220810T064957_000485.tif"},"geometry":{"type":"Point","coordinates":[35.20281459382318,31.127889652499693]}},{"type":"Feature","properties":{"id":"CH4_PlumeComplex-486","date":"2022-08-10T06:50:21Z","scenes":"emit20220810t065021","peak":1368.0,"download":"https://data.lpdaac.earthdatacloud.nasa.gov/lp-prod-protected/EMITL2BCH4PLM.002/EMIT_L2B_CH4PLM_002_20220810T065021_000486/EMIT_L2B_CH4PLM_002_20220810T065021_000486.tif"},"geometry":{"type":"Point","coordinates":[36.22763405710771,31.908162249148603]}},{"type":"Feature","properties":{"id":"CH4_PlumeComplex-487","date":"2022-08-10T06:51:32Z","scenes":"emit20220810t065132","peak":3560.0,"download":"https://data.lpdaac.earthdatacloud.nasa.gov/lp-prod-protected/EMITL2BCH4PLM.002/EMIT_L2B_CH4PLM_002_20220810T065132_000487/EMIT_L2B_CH4PLM_002_20220810T065132_000487.tif"},"geometry":{"type":"Point","coordinates":[40.45650548258711,35.299284430831925]}},{"type":"Feature","properties":{"id":"CH4_PlumeComplex-49","date":"2023-06-14T10:24:39Z","scenes":"emit20230614t102439","peak":3545.0,"download":"https://data.lpdaac.earthdatacloud.nasa.gov/lp-prod-protected/EMITL2BCH4PLM.002/EMIT_L2B_CH4PLM_002_20230614T102439_000049/EMIT_L2B_CH4PLM_002_20230614T102439_000049.tif"},"geometry":{"type":"Point","coordinates":[64.10001229584573,39.26354638642624]}},{"type":"Feature","properties":{"id":"CH4_PlumeComplex-490","date":"2022-08-11T04:26:30Z","scenes":"emit20220811t042630","peak":1299.0,"download":"https://data.lpdaac.earthdatacloud.nasa.gov/lp-prod-protected/EMITL2BCH4PLM.002/EMIT_L2B_CH4PLM_002_20220811T042630_000490/EMIT_L2B_CH4PLM_002_20220811T042630_000490.tif"},"geometry":{"type":"Point","coordinates":[56.40627506592814,22.33125147638067]}},{"type":"Feature","properties":{"id":"CH4_PlumeComplex-491","date":"2022-08-14T05:14:12Z","scenes":"emit20220814t051412","peak":1388.0,"download":"https://data.lpdaac.earthdatacloud.nasa.gov/lp-prod-protected/EMITL2BCH4PLM.002/EMIT_L2B_CH4PLM_002_20220814T051412_000491/EMIT_L2B_CH4PLM_002_20220814T051412_000491.tif"},"geometry":{"type":"Point","coordinates":[41.13809176054937,34.89369450568018]}},{"type":"Feature","properties":{"id":"CH4_PlumeComplex-492","date":"2022-08-15T04:28:26Z","scenes":"emit20220815t042826, emit20220815t042838","peak":4843.0,"download":"https://data.lpdaac.earthdatacloud.nasa.gov/lp-prod-protected/EMITL2BCH4PLM.002/EMIT_L2B_CH4PLM_002_20220815T042826_000492/EMIT_L2B_CH4PLM_002_20220815T042826_000492.tif"},"geometry":{"type":"Point","coordinates":[53.774278412603756,39.462545721360314]}},{"type":"Feature","properties":{"id":"CH4_PlumeComplex-493","date":"2022-08-15T04:28:26Z","scenes":"emit20220815t042826, emit20220815t042838","peak":4855.0,"download":"https://data.lpdaac.earthdatacloud.nasa.gov/lp-prod-protected/EMITL2BCH4PLM.002/EMIT_L2B_CH4PLM_002_20220815T042826_000493/EMIT_L2B_CH4PLM_002_20220815T042826_000493.tif"},"geometry":{"type":"Point","coordinates":[53.765060459759404,39.36060600755212]}},{"type":"Feature","properties":{"id":"CH4_PlumeComplex-494","date":"2022-08-15T04:28:38Z","scenes":"emit20220815t042838","peak":1750.0,"download":"https://data.lpdaac.earthdatacloud.nasa.gov/lp-prod-protected/EMITL2BCH4PLM.002/EMIT_L2B_CH4PLM_002_20220815T042838_000494/EMIT_L2B_CH4PLM_002_20220815T042838_000494.tif"},"geometry":{"type":"Point","coordinates":[53.872964731290416,39.35409921730904]}},{"type":"Feature","properties":{"id":"CH4_PlumeComplex-495","date":"2022-08-15T07:46:45Z","scenes":"emit20220815t074645","peak":2407.0,"download":"https://data.lpdaac.earthdatacloud.nasa.gov/lp-prod-protected/EMITL2BCH4PLM.002/EMIT_L2B_CH4PLM_002_20220815T074645_000495/EMIT_L2B_CH4PLM_002_20220815T074645_000495.tif"},"geometry":{"type":"Point","coordinates":[72.21560642652278,49.90919745661948]}},{"type":"Feature","properties":{"id":"CH4_PlumeComplex-496","date":"2022-08-10T06:51:32Z","scenes":"emit20220810t065132","peak":1409.0,"download":"https://data.lpdaac.earthdatacloud.nasa.gov/lp-prod-protected/EMITL2BCH4PLM.002/EMIT_L2B_CH4PLM_002_20220810T065132_000496/EMIT_L2B_CH4PLM_002_20220810T065132_000496.tif"},"geometry":{"type":"Point","coordinates":[40.512897664693774,35.277052897501406]}},{"type":"Feature","properties":{"id":"CH4_PlumeComplex-497","date":"2022-08-15T14:08:23Z","scenes":"emit20220815t140823","peak":4257.0,"download":"https://data.lpdaac.earthdatacloud.nasa.gov/lp-prod-protected/EMITL2BCH4PLM.002/EMIT_L2B_CH4PLM_002_20220815T140823_000497/EMIT_L2B_CH4PLM_002_20220815T140823_000497.tif"},"geometry":{"type":"Point","coordinates":[20.851546480197996,28.82285920888986]}},{"type":"Feature","properties":{"id":"CH4_PlumeComplex-498","date":"2022-08-16T11:45:05Z","scenes":"emit20220816t114505","peak":1569.0,"download":"https://data.lpdaac.earthdatacloud.nasa.gov/lp-prod-protected/EMITL2BCH4PLM.002/EMIT_L2B_CH4PLM_002_20220816T114505_000498/EMIT_L2B_CH4PLM_002_20220816T114505_000498.tif"},"geometry":{"type":"Point","coordinates":[41.073566090638906,36.16089190551928]}},{"type":"Feature","properties":{"id":"CH4_PlumeComplex-5","date":"2023-06-20T08:44:14Z","scenes":"emit20230620t084414","peak":5715.0,"download":"https://data.lpdaac.earthdatacloud.nasa.gov/lp-prod-protected/EMITL2BCH4PLM.002/EMIT_L2B_CH4PLM_002_20230620T084414_000005/EMIT_L2B_CH4PLM_002_20230620T084414_000005.tif"},"geometry":{"type":"Point","coordinates":[53.59859507604068,39.44519428071213]}},{"type":"Feature","properties":{"id":"CH4_PlumeComplex-50","date":"2023-06-14T10:24:51Z","scenes":"emit20230614t102451","peak":3220.0,"download":"https://data.lpdaac.earthdatacloud.nasa.gov/lp-prod-protected/EMITL2BCH4PLM.002/EMIT_L2B_CH4PLM_002_20230614T102451_000050/EMIT_L2B_CH4PLM_002_20230614T102451_000050.tif"},"geometry":{"type":"Point","coordinates":[64.61838658521081,38.734869679176285]}},{"type":"Feature","properties":{"id":"CH4_PlumeComplex-500","date":"2022-08-16T10:10:58Z","scenes":"emit20220816t101058","peak":1699.0,"download":"https://data.lpdaac.earthdatacloud.nasa.gov/lp-prod-protected/EMITL2BCH4PLM.002/EMIT_L2B_CH4PLM_002_20220816T101058_000500/EMIT_L2B_CH4PLM_002_20220816T101058_000500.tif"},"geometry":{"type":"Point","coordinates":[60.196480382520214,39.67564310182112]}},{"type":"Feature","properties":{"id":"CH4_PlumeComplex-502","date":"2022-08-16T10:10:35Z","scenes":"emit20220816t101035","peak":1226.0,"download":"https://data.lpdaac.earthdatacloud.nasa.gov/lp-prod-protected/EMITL2BCH4PLM.002/EMIT_L2B_CH4PLM_002_20220816T101035_000502/EMIT_L2B_CH4PLM_002_20220816T101035_000502.tif"},"geometry":{"type":"Point","coordinates":[58.4369358542883,40.24986734077262]}},{"type":"Feature","properties":{"id":"CH4_PlumeComplex-503","date":"2022-08-17T09:20:38Z","scenes":"emit20220817t092038","peak":2004.0,"download":"https://data.lpdaac.earthdatacloud.nasa.gov/lp-prod-protected/EMITL2BCH4PLM.002/EMIT_L2B_CH4PLM_002_20220817T092038_000503/EMIT_L2B_CH4PLM_002_20220817T092038_000503.tif"},"geometry":{"type":"Point","coordinates":[55.18842082543235,45.344141868581104]}},{"type":"Feature","properties":{"id":"CH4_PlumeComplex-505","date":"2022-08-18T11:44:40Z","scenes":"emit20220818t114440","peak":4325.0,"download":"https://data.lpdaac.earthdatacloud.nasa.gov/lp-prod-protected/EMITL2BCH4PLM.002/EMIT_L2B_CH4PLM_002_20220818T114440_000505/EMIT_L2B_CH4PLM_002_20220818T114440_000505.tif"},"geometry":{"type":"Point","coordinates":[36.19618457093288,31.928767084918412]}},{"type":"Feature","properties":{"id":"CH4_PlumeComplex-506","date":"2022-08-18T08:35:06Z","scenes":"emit20220818t083506","peak":1370.0,"download":"https://data.lpdaac.earthdatacloud.nasa.gov/lp-prod-protected/EMITL2BCH4PLM.002/EMIT_L2B_CH4PLM_002_20220818T083506_000506/EMIT_L2B_CH4PLM_002_20220818T083506_000506.tif"},"geometry":{"type":"Point","coordinates":[69.49468363987636,41.10225686261557]}},{"type":"Feature","properties":{"id":"CH4_PlumeComplex-507","date":"2022-08-18T03:42:31Z","scenes":"emit20220818t034231","peak":2459.0,"download":"https://data.lpdaac.earthdatacloud.nasa.gov/lp-prod-protected/EMITL2BCH4PLM.002/EMIT_L2B_CH4PLM_002_20220818T034231_000507/EMIT_L2B_CH4PLM_002_20220818T034231_000507.tif"},"geometry":{"type":"Point","coordinates":[64.67098313967578,46.549524761111066]}},{"type":"Feature","properties":{"id":"CH4_PlumeComplex-508","date":"2022-08-18T07:01:05Z","scenes":"emit20220818t070105","peak":4657.0,"download":"https://data.lpdaac.earthdatacloud.nasa.gov/lp-prod-protected/EMITL2BCH4PLM.002/EMIT_L2B_CH4PLM_002_20220818T070105_000508/EMIT_L2B_CH4PLM_002_20220818T070105_000508.tif"},"geometry":{"type":"Point","coordinates":[87.8698592863241,44.037903727283506]}},{"type":"Feature","properties":{"id":"CH4_PlumeComplex-51","date":"2023-06-14T10:24:51Z","scenes":"emit20230614t102451","peak":1687.0,"download":"https://data.lpdaac.earthdatacloud.nasa.gov/lp-prod-protected/EMITL2BCH4PLM.002/EMIT_L2B_CH4PLM_002_20230614T102451_000051/EMIT_L2B_CH4PLM_002_20230614T102451_000051.tif"},"geometry":{"type":"Point","coordinates":[64.62055551529184,38.78746623364115]}},{"type":"Feature","properties":{"id":"CH4_PlumeComplex-510","date":"2022-08-19T09:22:31Z","scenes":"emit20220819t092231","peak":1932.0,"download":"https://data.lpdaac.earthdatacloud.nasa.gov/lp-prod-protected/EMITL2BCH4PLM.002/EMIT_L2B_CH4PLM_002_20220819T092231_000510/EMIT_L2B_CH4PLM_002_20220819T092231_000510.tif"},"geometry":{"type":"Point","coordinates":[59.98121407197843,36.231924365672924]}},{"type":"Feature","properties":{"id":"CH4_PlumeComplex-511","date":"2022-08-19T12:30:47Z","scenes":"emit20220819t123047","peak":996.0,"download":"https://data.lpdaac.earthdatacloud.nasa.gov/lp-prod-protected/EMITL2BCH4PLM.002/EMIT_L2B_CH4PLM_002_20220819T123047_000511/EMIT_L2B_CH4PLM_002_20220819T123047_000511.tif"},"geometry":{"type":"Point","coordinates":[21.546688571166552,29.246885039730337]}},{"type":"Feature","properties":{"id":"CH4_PlumeComplex-512","date":"2022-08-20T08:33:24Z","scenes":"emit20220820t083324","peak":3146.0,"download":"https://data.lpdaac.earthdatacloud.nasa.gov/lp-prod-protected/EMITL2BCH4PLM.002/EMIT_L2B_CH4PLM_002_20220820T083324_000512/EMIT_L2B_CH4PLM_002_20220820T083324_000512.tif"},"geometry":{"type":"Point","coordinates":[61.04453204420112,40.047614610716906]}},{"type":"Feature","properties":{"id":"CH4_PlumeComplex-513","date":"2022-08-20T08:33:24Z","scenes":"emit20220820t083324","peak":1577.0,"download":"https://data.lpdaac.earthdatacloud.nasa.gov/lp-prod-protected/EMITL2BCH4PLM.002/EMIT_L2B_CH4PLM_002_20220820T083324_000513/EMIT_L2B_CH4PLM_002_20220820T083324_000513.tif"},"geometry":{"type":"Point","coordinates":[60.79022499220088,40.16907469525434]}},{"type":"Feature","properties":{"id":"CH4_PlumeComplex-514","date":"2022-08-20T05:28:04Z","scenes":"emit20220820t052804","peak":4655.0,"download":"https://data.lpdaac.earthdatacloud.nasa.gov/lp-prod-protected/EMITL2BCH4PLM.002/EMIT_L2B_CH4PLM_002_20220820T052804_000514/EMIT_L2B_CH4PLM_002_20220820T052804_000514.tif"},"geometry":{"type":"Point","coordinates":[109.47890968358047,39.090031979944264]}},{"type":"Feature","properties":{"id":"CH4_PlumeComplex-516","date":"2022-08-22T10:06:53Z","scenes":"emit20220822t100653","peak":1584.0,"download":"https://data.lpdaac.earthdatacloud.nasa.gov/lp-prod-protected/EMITL2BCH4PLM.002/EMIT_L2B_CH4PLM_002_20220822T100653_000516/EMIT_L2B_CH4PLM_002_20220822T100653_000516.tif"},"geometry":{"type":"Point","coordinates":[36.20974038393924,31.933104945080476]}},{"type":"Feature","properties":{"id":"CH4_PlumeComplex-517","date":"2022-08-22T06:57:13Z","scenes":"emit20220822t065713","peak":1281.0,"download":"https://data.lpdaac.earthdatacloud.nasa.gov/lp-prod-protected/EMITL2BCH4PLM.002/EMIT_L2B_CH4PLM_002_20220822T065713_000517/EMIT_L2B_CH4PLM_002_20220822T065713_000517.tif"},"geometry":{"type":"Point","coordinates":[69.5396889390576,41.626053477183206]}},{"type":"Feature","properties":{"id":"CH4_PlumeComplex-519","date":"2022-08-23T07:45:04Z","scenes":"emit20220823t074504","peak":9820.0,"download":"https://data.lpdaac.earthdatacloud.nasa.gov/lp-prod-protected/EMITL2BCH4PLM.002/EMIT_L2B_CH4PLM_002_20220823T074504_000519/EMIT_L2B_CH4PLM_002_20220823T074504_000519.tif"},"geometry":{"type":"Point","coordinates":[61.52061219698625,36.20860836730191]}},{"type":"Feature","properties":{"id":"CH4_PlumeComplex-52","date":"2023-06-14T10:24:51Z","scenes":"emit20230614t102451","peak":1852.0,"download":"https://data.lpdaac.earthdatacloud.nasa.gov/lp-prod-protected/EMITL2BCH4PLM.002/EMIT_L2B_CH4PLM_002_20230614T102451_000052/EMIT_L2B_CH4PLM_002_20230614T102451_000052.tif"},"geometry":{"type":"Point","coordinates":[64.77454955104464,38.66275275398218]}},{"type":"Feature","properties":{"id":"CH4_PlumeComplex-520","date":"2022-08-23T07:45:04Z","scenes":"emit20220823t074504","peak":2140.0,"download":"https://data.lpdaac.earthdatacloud.nasa.gov/lp-prod-protected/EMITL2BCH4PLM.002/EMIT_L2B_CH4PLM_002_20220823T074504_000520/EMIT_L2B_CH4PLM_002_20220823T074504_000520.tif"},"geometry":{"type":"Point","coordinates":[61.57700437909291,36.20481273966012]}},{"type":"Feature","properties":{"id":"CH4_PlumeComplex-522","date":"2022-08-23T07:45:04Z","scenes":"emit20220823t074504","peak":1178.0,"download":"https://data.lpdaac.earthdatacloud.nasa.gov/lp-prod-protected/EMITL2BCH4PLM.002/EMIT_L2B_CH4PLM_002_20220823T074504_000522/EMIT_L2B_CH4PLM_002_20220823T074504_000522.tif"},"geometry":{"type":"Point","coordinates":[61.91535747173288,35.977617313672695]}},{"type":"Feature","properties":{"id":"CH4_PlumeComplex-523","date":"2022-08-23T07:45:04Z","scenes":"emit20220823t074504","peak":834.0,"download":"https://data.lpdaac.earthdatacloud.nasa.gov/lp-prod-protected/EMITL2BCH4PLM.002/EMIT_L2B_CH4PLM_002_20220823T074504_000523/EMIT_L2B_CH4PLM_002_20220823T074504_000523.tif"},"geometry":{"type":"Point","coordinates":[61.94680695790776,35.83392569580476]}},{"type":"Feature","properties":{"id":"CH4_PlumeComplex-524","date":"2022-08-26T17:46:42Z","scenes":"emit20220826t174642","peak":5632.0,"download":"https://data.lpdaac.earthdatacloud.nasa.gov/lp-prod-protected/EMITL2BCH4PLM.002/EMIT_L2B_CH4PLM_002_20220826T174642_000524/EMIT_L2B_CH4PLM_002_20220826T174642_000524.tif"},"geometry":{"type":"Point","coordinates":[-104.09238199987585,32.356588543400676]}},{"type":"Feature","properties":{"id":"CH4_PlumeComplex-525","date":"2022-08-26T17:46:42Z","scenes":"emit20220826t174642","peak":2273.0,"download":"https://data.lpdaac.earthdatacloud.nasa.gov/lp-prod-protected/EMITL2BCH4PLM.002/EMIT_L2B_CH4PLM_002_20220826T174642_000525/EMIT_L2B_CH4PLM_002_20220826T174642_000525.tif"},"geometry":{"type":"Point","coordinates":[-104.05388349093766,32.24055078406582]}},{"type":"Feature","properties":{"id":"CH4_PlumeComplex-526","date":"2022-08-27T10:49:27Z","scenes":"emit20220827t104927","peak":1605.0,"download":"https://data.lpdaac.earthdatacloud.nasa.gov/lp-prod-protected/EMITL2BCH4PLM.002/EMIT_L2B_CH4PLM_002_20220827T104927_000526/EMIT_L2B_CH4PLM_002_20220827T104927_000526.tif"},"geometry":{"type":"Point","coordinates":[0.3166587055690681,28.118499165076894]}},{"type":"Feature","properties":{"id":"CH4_PlumeComplex-527","date":"2022-08-26T08:29:15Z","scenes":"emit20220826t082915","peak":1731.0,"download":"https://data.lpdaac.earthdatacloud.nasa.gov/lp-prod-protected/EMITL2BCH4PLM.002/EMIT_L2B_CH4PLM_002_20220826T082915_000527/EMIT_L2B_CH4PLM_002_20220826T082915_000527.tif"},"geometry":{"type":"Point","coordinates":[36.43205571724444,33.33640270750391]}},{"type":"Feature","properties":{"id":"CH4_PlumeComplex-528","date":"2022-08-26T06:54:35Z","scenes":"emit20220826t065435","peak":5415.0,"download":"https://data.lpdaac.earthdatacloud.nasa.gov/lp-prod-protected/EMITL2BCH4PLM.002/EMIT_L2B_CH4PLM_002_20220826T065435_000528/EMIT_L2B_CH4PLM_002_20220826T065435_000528.tif"},"geometry":{"type":"Point","coordinates":[53.914716635350175,37.92856992155512]}},{"type":"Feature","properties":{"id":"CH4_PlumeComplex-529","date":"2022-08-26T06:54:35Z","scenes":"emit20220826t065435","peak":3970.0,"download":"https://data.lpdaac.earthdatacloud.nasa.gov/lp-prod-protected/EMITL2BCH4PLM.002/EMIT_L2B_CH4PLM_002_20220826T065435_000529/EMIT_L2B_CH4PLM_002_20220826T065435_000529.tif"},"geometry":{"type":"Point","coordinates":[53.896822962181716,37.90796508578538]}},{"type":"Feature","properties":{"id":"CH4_PlumeComplex-53","date":"2023-06-27T07:52:01Z","scenes":"emit20230627t075201","peak":2026.0,"download":"https://data.lpdaac.earthdatacloud.nasa.gov/lp-prod-protected/EMITL2BCH4PLM.002/EMIT_L2B_CH4PLM_002_20230627T075201_000053/EMIT_L2B_CH4PLM_002_20230627T075201_000053.tif"},"geometry":{"type":"Point","coordinates":[36.20919815141897,31.92280252719557]}},{"type":"Feature","properties":{"id":"CH4_PlumeComplex-530","date":"2022-08-26T06:54:35Z","scenes":"emit20220826t065435","peak":1571.0,"download":"https://data.lpdaac.earthdatacloud.nasa.gov/lp-prod-protected/EMITL2BCH4PLM.002/EMIT_L2B_CH4PLM_002_20220826T065435_000530/EMIT_L2B_CH4PLM_002_20220826T065435_000530.tif"},"geometry":{"type":"Point","coordinates":[53.91580110039069,37.8927825752182]}},{"type":"Feature","properties":{"id":"CH4_PlumeComplex-531","date":"2022-08-26T06:54:35Z","scenes":"emit20220826t065435","peak":3701.0,"download":"https://data.lpdaac.earthdatacloud.nasa.gov/lp-prod-protected/EMITL2BCH4PLM.002/EMIT_L2B_CH4PLM_002_20220826T065435_000531/EMIT_L2B_CH4PLM_002_20220826T065435_000531.tif"},"geometry":{"type":"Point","coordinates":[53.92935691339709,37.73553514434385]}},{"type":"Feature","properties":{"id":"CH4_PlumeComplex-533","date":"2022-08-27T06:07:30Z","scenes":"emit20220827t060730","peak":2351.0,"download":"https://data.lpdaac.earthdatacloud.nasa.gov/lp-prod-protected/EMITL2BCH4PLM.002/EMIT_L2B_CH4PLM_002_20220827T060730_000533/EMIT_L2B_CH4PLM_002_20220827T060730_000533.tif"},"geometry":{"type":"Point","coordinates":[60.487117013377585,37.340247637076956]}},{"type":"Feature","properties":{"id":"CH4_PlumeComplex-534","date":"2022-08-27T06:07:53Z","scenes":"emit20220827t060753","peak":3578.0,"download":"https://data.lpdaac.earthdatacloud.nasa.gov/lp-prod-protected/EMITL2BCH4PLM.002/EMIT_L2B_CH4PLM_002_20220827T060753_000534/EMIT_L2B_CH4PLM_002_20220827T060753_000534.tif"},"geometry":{"type":"Point","coordinates":[61.63990335144262,36.63534536074367]}},{"type":"Feature","properties":{"id":"CH4_PlumeComplex-535","date":"2022-08-27T06:07:53Z","scenes":"emit20220827t060753","peak":5756.0,"download":"https://data.lpdaac.earthdatacloud.nasa.gov/lp-prod-protected/EMITL2BCH4PLM.002/EMIT_L2B_CH4PLM_002_20220827T060753_000535/EMIT_L2B_CH4PLM_002_20220827T060753_000535.tif"},"geometry":{"type":"Point","coordinates":[61.45825545715674,36.471048907105995]}},{"type":"Feature","properties":{"id":"CH4_PlumeComplex-536","date":"2022-08-27T06:07:53Z","scenes":"emit20220827t060753","peak":2774.0,"download":"https://data.lpdaac.earthdatacloud.nasa.gov/lp-prod-protected/EMITL2BCH4PLM.002/EMIT_L2B_CH4PLM_002_20220827T060753_000536/EMIT_L2B_CH4PLM_002_20220827T060753_000536.tif"},"geometry":{"type":"Point","coordinates":[61.5444704278775,36.417910120120865]}},{"type":"Feature","properties":{"id":"CH4_PlumeComplex-537","date":"2022-08-27T06:07:53Z","scenes":"emit20220827t060753","peak":4243.0,"download":"https://data.lpdaac.earthdatacloud.nasa.gov/lp-prod-protected/EMITL2BCH4PLM.002/EMIT_L2B_CH4PLM_002_20220827T060753_000537/EMIT_L2B_CH4PLM_002_20220827T060753_000537.tif"},"geometry":{"type":"Point","coordinates":[61.55639954332314,36.372362588419335]}},{"type":"Feature","properties":{"id":"CH4_PlumeComplex-538","date":"2022-08-27T06:07:53Z","scenes":"emit20220827t060753","peak":9014.0,"download":"https://data.lpdaac.earthdatacloud.nasa.gov/lp-prod-protected/EMITL2BCH4PLM.002/EMIT_L2B_CH4PLM_002_20220827T060753_000538/EMIT_L2B_CH4PLM_002_20220827T060753_000538.tif"},"geometry":{"type":"Point","coordinates":[61.63664995632109,36.47918239490984]}},{"type":"Feature","properties":{"id":"CH4_PlumeComplex-539","date":"2022-08-27T06:07:53Z","scenes":"emit20220827t060753","peak":4304.0,"download":"https://data.lpdaac.earthdatacloud.nasa.gov/lp-prod-protected/EMITL2BCH4PLM.002/EMIT_L2B_CH4PLM_002_20220827T060753_000539/EMIT_L2B_CH4PLM_002_20220827T060753_000539.tif"},"geometry":{"type":"Point","coordinates":[61.57863107665365,36.40055867947267]}},{"type":"Feature","properties":{"id":"CH4_PlumeComplex-54","date":"2023-06-27T07:52:01Z","scenes":"emit20230627t075201","peak":1389.0,"download":"https://data.lpdaac.earthdatacloud.nasa.gov/lp-prod-protected/EMITL2BCH4PLM.002/EMIT_L2B_CH4PLM_002_20230627T075201_000054/EMIT_L2B_CH4PLM_002_20230627T075201_000054.tif"},"geometry":{"type":"Point","coordinates":[36.23522531239127,31.907077784108136]}},{"type":"Feature","properties":{"id":"CH4_PlumeComplex-540","date":"2022-08-27T06:07:53Z","scenes":"emit20220827t060753","peak":2287.0,"download":"https://data.lpdaac.earthdatacloud.nasa.gov/lp-prod-protected/EMITL2BCH4PLM.002/EMIT_L2B_CH4PLM_002_20220827T060753_000540/EMIT_L2B_CH4PLM_002_20220827T060753_000540.tif"},"geometry":{"type":"Point","coordinates":[61.63285432867929,36.485146952632654]}},{"type":"Feature","properties":{"id":"CH4_PlumeComplex-541","date":"2022-08-27T06:07:53Z","scenes":"emit20220827t060753","peak":1132.0,"download":"https://data.lpdaac.earthdatacloud.nasa.gov/lp-prod-protected/EMITL2BCH4PLM.002/EMIT_L2B_CH4PLM_002_20220827T060753_000541/EMIT_L2B_CH4PLM_002_20220827T060753_000541.tif"},"geometry":{"type":"Point","coordinates":[61.91698416929363,36.378869378662415]}},{"type":"Feature","properties":{"id":"CH4_PlumeComplex-542","date":"2022-08-27T07:40:30Z","scenes":"emit20220827t074030","peak":2377.0,"download":"https://data.lpdaac.earthdatacloud.nasa.gov/lp-prod-protected/EMITL2BCH4PLM.002/EMIT_L2B_CH4PLM_002_20220827T074030_000542/EMIT_L2B_CH4PLM_002_20220827T074030_000542.tif"},"geometry":{"type":"Point","coordinates":[37.40156746346275,36.98400087126844]}},{"type":"Feature","properties":{"id":"CH4_PlumeComplex-543","date":"2022-08-29T06:06:27Z","scenes":"emit20220829t060627","peak":4400.0,"download":"https://data.lpdaac.earthdatacloud.nasa.gov/lp-prod-protected/EMITL2BCH4PLM.002/EMIT_L2B_CH4PLM_002_20220829T060627_000543/EMIT_L2B_CH4PLM_002_20220829T060627_000543.tif"},"geometry":{"type":"Point","coordinates":[51.326098583646285,35.460869721868356]}},{"type":"Feature","properties":{"id":"CH4_PlumeComplex-544","date":"2022-08-29T06:09:13Z","scenes":"emit20220829t060913","peak":2547.0,"download":"https://data.lpdaac.earthdatacloud.nasa.gov/lp-prod-protected/EMITL2BCH4PLM.002/EMIT_L2B_CH4PLM_002_20220829T060913_000544/EMIT_L2B_CH4PLM_002_20220829T060913_000544.tif"},"geometry":{"type":"Point","coordinates":[60.27835749307893,27.306777082253078]}},{"type":"Feature","properties":{"id":"CH4_PlumeComplex-545","date":"2022-08-29T06:09:13Z","scenes":"emit20220829t060913","peak":2985.0,"download":"https://data.lpdaac.earthdatacloud.nasa.gov/lp-prod-protected/EMITL2BCH4PLM.002/EMIT_L2B_CH4PLM_002_20220829T060913_000545/EMIT_L2B_CH4PLM_002_20220829T060913_000545.tif"},"geometry":{"type":"Point","coordinates":[60.69370760359531,27.263940713152824]}},{"type":"Feature","properties":{"id":"CH4_PlumeComplex-546","date":"2022-08-30T06:52:44Z","scenes":"emit20220830t065244","peak":1344.0,"download":"https://data.lpdaac.earthdatacloud.nasa.gov/lp-prod-protected/EMITL2BCH4PLM.002/EMIT_L2B_CH4PLM_002_20220830T065244_000546/EMIT_L2B_CH4PLM_002_20220830T065244_000546.tif"},"geometry":{"type":"Point","coordinates":[36.44127367008872,33.32284689449749]}},{"type":"Feature","properties":{"id":"CH4_PlumeComplex-547","date":"2022-08-31T06:07:02Z","scenes":"emit20220831t060702","peak":1310.0,"download":"https://data.lpdaac.earthdatacloud.nasa.gov/lp-prod-protected/EMITL2BCH4PLM.002/EMIT_L2B_CH4PLM_002_20220831T060702_000547/EMIT_L2B_CH4PLM_002_20220831T060702_000547.tif"},"geometry":{"type":"Point","coordinates":[47.585236426397636,29.04951240235703]}},{"type":"Feature","properties":{"id":"CH4_PlumeComplex-548","date":"2022-08-31T06:07:02Z","scenes":"emit20220831t060702","peak":1808.0,"download":"https://data.lpdaac.earthdatacloud.nasa.gov/lp-prod-protected/EMITL2BCH4PLM.002/EMIT_L2B_CH4PLM_002_20220831T060702_000548/EMIT_L2B_CH4PLM_002_20220831T060702_000548.tif"},"geometry":{"type":"Point","coordinates":[47.92413175155786,29.170430254374203]}},{"type":"Feature","properties":{"id":"CH4_PlumeComplex-549","date":"2022-09-01T08:25:25Z","scenes":"emit20220901t082525","peak":4148.0,"download":"https://data.lpdaac.earthdatacloud.nasa.gov/lp-prod-protected/EMITL2BCH4PLM.002/EMIT_L2B_CH4PLM_002_20220901T082525_000549/EMIT_L2B_CH4PLM_002_20220901T082525_000549.tif"},"geometry":{"type":"Point","coordinates":[7.191082597379277,28.6905544739473]}},{"type":"Feature","properties":{"id":"CH4_PlumeComplex-55","date":"2023-06-27T07:52:01Z","scenes":"emit20230627t075201","peak":1165.0,"download":"https://data.lpdaac.earthdatacloud.nasa.gov/lp-prod-protected/EMITL2BCH4PLM.002/EMIT_L2B_CH4PLM_002_20230627T075201_000055/EMIT_L2B_CH4PLM_002_20230627T075201_000055.tif"},"geometry":{"type":"Point","coordinates":[36.251492287998964,31.895148668662497]}},{"type":"Feature","properties":{"id":"CH4_PlumeComplex-550","date":"2022-09-01T05:17:09Z","scenes":"emit20220901t051709","peak":3167.0,"download":"https://data.lpdaac.earthdatacloud.nasa.gov/lp-prod-protected/EMITL2BCH4PLM.002/EMIT_L2B_CH4PLM_002_20220901T051709_000550/EMIT_L2B_CH4PLM_002_20220901T051709_000550.tif"},"geometry":{"type":"Point","coordinates":[45.43962234374311,35.48635465032044]}},{"type":"Feature","properties":{"id":"CH4_PlumeComplex-551","date":"2022-09-01T05:17:20Z","scenes":"emit20220901t051720","peak":3762.0,"download":"https://data.lpdaac.earthdatacloud.nasa.gov/lp-prod-protected/EMITL2BCH4PLM.002/EMIT_L2B_CH4PLM_002_20220901T051720_000551/EMIT_L2B_CH4PLM_002_20220901T051720_000551.tif"},"geometry":{"type":"Point","coordinates":[47.00775879232452,35.17782434629457]}},{"type":"Feature","properties":{"id":"CH4_PlumeComplex-552","date":"2022-09-01T05:19:20Z","scenes":"emit20220901t051920, emit20220901t051932","peak":10280.0,"download":"https://data.lpdaac.earthdatacloud.nasa.gov/lp-prod-protected/EMITL2BCH4PLM.002/EMIT_L2B_CH4PLM_002_20220901T051920_000552/EMIT_L2B_CH4PLM_002_20220901T051920_000552.tif"},"geometry":{"type":"Point","coordinates":[53.24777063543486,29.741401098204207]}},{"type":"Feature","properties":{"id":"CH4_PlumeComplex-554","date":"2022-09-01T03:43:18Z","scenes":"emit20220901t034318","peak":2707.0,"download":"https://data.lpdaac.earthdatacloud.nasa.gov/lp-prod-protected/EMITL2BCH4PLM.002/EMIT_L2B_CH4PLM_002_20220901T034318_000554/EMIT_L2B_CH4PLM_002_20220901T034318_000554.tif"},"geometry":{"type":"Point","coordinates":[66.01463532487094,38.26095845647222]}},{"type":"Feature","properties":{"id":"CH4_PlumeComplex-555","date":"2022-09-01T03:43:18Z","scenes":"emit20220901t034318","peak":2039.0,"download":"https://data.lpdaac.earthdatacloud.nasa.gov/lp-prod-protected/EMITL2BCH4PLM.002/EMIT_L2B_CH4PLM_002_20220901T034318_000555/EMIT_L2B_CH4PLM_002_20220901T034318_000555.tif"},"geometry":{"type":"Point","coordinates":[66.07048527445735,38.31463947597759]}},{"type":"Feature","properties":{"id":"CH4_PlumeComplex-556","date":"2022-09-01T03:43:18Z","scenes":"emit20220901t034318","peak":4706.0,"download":"https://data.lpdaac.earthdatacloud.nasa.gov/lp-prod-protected/EMITL2BCH4PLM.002/EMIT_L2B_CH4PLM_002_20220901T034318_000556/EMIT_L2B_CH4PLM_002_20220901T034318_000556.tif"},"geometry":{"type":"Point","coordinates":[65.98915039641889,38.48923834750014]}},{"type":"Feature","properties":{"id":"CH4_PlumeComplex-557","date":"2022-09-01T03:43:18Z","scenes":"emit20220901t034318","peak":2720.0,"download":"https://data.lpdaac.earthdatacloud.nasa.gov/lp-prod-protected/EMITL2BCH4PLM.002/EMIT_L2B_CH4PLM_002_20220901T034318_000557/EMIT_L2B_CH4PLM_002_20220901T034318_000557.tif"},"geometry":{"type":"Point","coordinates":[66.0102974647089,38.49737183530399]}},{"type":"Feature","properties":{"id":"CH4_PlumeComplex-558","date":"2022-09-01T03:43:18Z","scenes":"emit20220901t034318","peak":6173.0,"download":"https://data.lpdaac.earthdatacloud.nasa.gov/lp-prod-protected/EMITL2BCH4PLM.002/EMIT_L2B_CH4PLM_002_20220901T034318_000558/EMIT_L2B_CH4PLM_002_20220901T034318_000558.tif"},"geometry":{"type":"Point","coordinates":[66.00216397690505,38.51689220603322]}},{"type":"Feature","properties":{"id":"CH4_PlumeComplex-559","date":"2022-09-01T03:43:18Z","scenes":"emit20220901t034318","peak":6754.0,"download":"https://data.lpdaac.earthdatacloud.nasa.gov/lp-prod-protected/EMITL2BCH4PLM.002/EMIT_L2B_CH4PLM_002_20220901T034318_000559/EMIT_L2B_CH4PLM_002_20220901T034318_000559.tif"},"geometry":{"type":"Point","coordinates":[66.00379067446582,38.54129266944475]}},{"type":"Feature","properties":{"id":"CH4_PlumeComplex-56","date":"2023-06-27T04:42:31Z","scenes":"emit20230627t044231","peak":4096.0,"download":"https://data.lpdaac.earthdatacloud.nasa.gov/lp-prod-protected/EMITL2BCH4PLM.002/EMIT_L2B_CH4PLM_002_20230627T044231_000056/EMIT_L2B_CH4PLM_002_20230627T044231_000056.tif"},"geometry":{"type":"Point","coordinates":[69.48329675695103,41.10117239757506]}},{"type":"Feature","properties":{"id":"CH4_PlumeComplex-560","date":"2022-09-01T03:43:18Z","scenes":"emit20220901t034318","peak":3720.0,"download":"https://data.lpdaac.earthdatacloud.nasa.gov/lp-prod-protected/EMITL2BCH4PLM.002/EMIT_L2B_CH4PLM_002_20220901T034318_000560/EMIT_L2B_CH4PLM_002_20220901T034318_000560.tif"},"geometry":{"type":"Point","coordinates":[66.018973185033,38.536412576762444]}},{"type":"Feature","properties":{"id":"CH4_PlumeComplex-561","date":"2022-09-01T03:43:18Z","scenes":"emit20220901t034318","peak":1164.0,"download":"https://data.lpdaac.earthdatacloud.nasa.gov/lp-prod-protected/EMITL2BCH4PLM.002/EMIT_L2B_CH4PLM_002_20220901T034318_000561/EMIT_L2B_CH4PLM_002_20220901T034318_000561.tif"},"geometry":{"type":"Point","coordinates":[65.9257091915489,38.53424364668142]}},{"type":"Feature","properties":{"id":"CH4_PlumeComplex-562","date":"2022-09-01T03:43:18Z","scenes":"emit20220901t034318","peak":4082.0,"download":"https://data.lpdaac.earthdatacloud.nasa.gov/lp-prod-protected/EMITL2BCH4PLM.002/EMIT_L2B_CH4PLM_002_20220901T034318_000562/EMIT_L2B_CH4PLM_002_20220901T034318_000562.tif"},"geometry":{"type":"Point","coordinates":[65.94631402731865,38.5407504369245]}},{"type":"Feature","properties":{"id":"CH4_PlumeComplex-563","date":"2022-09-01T03:43:18Z","scenes":"emit20220901t034318","peak":1282.0,"download":"https://data.lpdaac.earthdatacloud.nasa.gov/lp-prod-protected/EMITL2BCH4PLM.002/EMIT_L2B_CH4PLM_002_20220901T034318_000563/EMIT_L2B_CH4PLM_002_20220901T034318_000563.tif"},"geometry":{"type":"Point","coordinates":[65.95065188748069,38.56081304017398]}},{"type":"Feature","properties":{"id":"CH4_PlumeComplex-564","date":"2022-09-01T03:43:18Z","scenes":"emit20220901t034318","peak":1204.0,"download":"https://data.lpdaac.earthdatacloud.nasa.gov/lp-prod-protected/EMITL2BCH4PLM.002/EMIT_L2B_CH4PLM_002_20220901T034318_000564/EMIT_L2B_CH4PLM_002_20220901T034318_000564.tif"},"geometry":{"type":"Point","coordinates":[65.88937961269173,38.53803927432322]}},{"type":"Feature","properties":{"id":"CH4_PlumeComplex-565","date":"2022-09-01T03:43:18Z","scenes":"emit20220901t034318","peak":1708.0,"download":"https://data.lpdaac.earthdatacloud.nasa.gov/lp-prod-protected/EMITL2BCH4PLM.002/EMIT_L2B_CH4PLM_002_20220901T034318_000565/EMIT_L2B_CH4PLM_002_20220901T034318_000565.tif"},"geometry":{"type":"Point","coordinates":[65.88449952000943,38.52014560115475]}},{"type":"Feature","properties":{"id":"CH4_PlumeComplex-566","date":"2022-09-03T08:25:37Z","scenes":"emit20220903t082537","peak":1199.0,"download":"https://data.lpdaac.earthdatacloud.nasa.gov/lp-prod-protected/EMITL2BCH4PLM.002/EMIT_L2B_CH4PLM_002_20220903T082537_000566/EMIT_L2B_CH4PLM_002_20220903T082537_000566.tif"},"geometry":{"type":"Point","coordinates":[1.0909667444951543,22.954818874675446]}},{"type":"Feature","properties":{"id":"CH4_PlumeComplex-567","date":"2022-09-03T06:52:42Z","scenes":"emit20220903t065242","peak":773.0,"download":"https://data.lpdaac.earthdatacloud.nasa.gov/lp-prod-protected/EMITL2BCH4PLM.002/EMIT_L2B_CH4PLM_002_20220903T065242_000567/EMIT_L2B_CH4PLM_002_20220903T065242_000567.tif"},"geometry":{"type":"Point","coordinates":[24.669405655323054,22.695089497472747]}},{"type":"Feature","properties":{"id":"CH4_PlumeComplex-568","date":"2022-09-03T05:19:24Z","scenes":"emit20220903t051924","peak":3033.0,"download":"https://data.lpdaac.earthdatacloud.nasa.gov/lp-prod-protected/EMITL2BCH4PLM.002/EMIT_L2B_CH4PLM_002_20220903T051924_000568/EMIT_L2B_CH4PLM_002_20220903T051924_000568.tif"},"geometry":{"type":"Point","coordinates":[46.89714335819229,24.608085828937142]}},{"type":"Feature","properties":{"id":"CH4_PlumeComplex-569","date":"2022-09-09T07:02:54Z","scenes":"emit20220909t070254","peak":2013.0,"download":"https://data.lpdaac.earthdatacloud.nasa.gov/lp-prod-protected/EMITL2BCH4PLM.002/EMIT_L2B_CH4PLM_002_20220909T070254_000569/EMIT_L2B_CH4PLM_002_20220909T070254_000569.tif"},"geometry":{"type":"Point","coordinates":[28.131560297159915,-25.461122859015497]}},{"type":"Feature","properties":{"id":"CH4_PlumeComplex-570","date":"2022-09-09T07:03:06Z","scenes":"emit20220909t070306","peak":2927.0,"download":"https://data.lpdaac.earthdatacloud.nasa.gov/lp-prod-protected/EMITL2BCH4PLM.002/EMIT_L2B_CH4PLM_002_20220909T070306_000570/EMIT_L2B_CH4PLM_002_20220909T070306_000570.tif"},"geometry":{"type":"Point","coordinates":[29.103783205979582,-26.213741597131335]}},{"type":"Feature","properties":{"id":"CH4_PlumeComplex-571","date":"2022-09-09T07:03:06Z","scenes":"emit20220909t070306","peak":3246.0,"download":"https://data.lpdaac.earthdatacloud.nasa.gov/lp-prod-protected/EMITL2BCH4PLM.002/EMIT_L2B_CH4PLM_002_20220909T070306_000571/EMIT_L2B_CH4PLM_002_20220909T070306_000571.tif"},"geometry":{"type":"Point","coordinates":[29.117881251506248,-26.257120198751846]}},{"type":"Feature","properties":{"id":"CH4_PlumeComplex-572","date":"2022-09-09T07:03:06Z","scenes":"emit20220909t070306","peak":3577.0,"download":"https://data.lpdaac.earthdatacloud.nasa.gov/lp-prod-protected/EMITL2BCH4PLM.002/EMIT_L2B_CH4PLM_002_20220909T070306_000572/EMIT_L2B_CH4PLM_002_20220909T070306_000572.tif"},"geometry":{"type":"Point","coordinates":[29.286515565305976,-26.463168556449265]}},{"type":"Feature","properties":{"id":"CH4_PlumeComplex-574","date":"2023-01-07T14:38:18Z","scenes":"emit20230107t143818","peak":3341.0,"download":"https://data.lpdaac.earthdatacloud.nasa.gov/lp-prod-protected/EMITL2BCH4PLM.002/EMIT_L2B_CH4PLM_002_20230107T143818_000574/EMIT_L2B_CH4PLM_002_20230107T143818_000574.tif"},"geometry":{"type":"Point","coordinates":[-70.70658349517062,-34.23390280424329]}},{"type":"Feature","properties":{"id":"CH4_PlumeComplex-575","date":"2023-01-11T13:02:18Z","scenes":"emit20230111t130218","peak":1413.0,"download":"https://data.lpdaac.earthdatacloud.nasa.gov/lp-prod-protected/EMITL2BCH4PLM.002/EMIT_L2B_CH4PLM_002_20230111T130218_000575/EMIT_L2B_CH4PLM_002_20230111T130218_000575.tif"},"geometry":{"type":"Point","coordinates":[-67.07362560945303,-36.36541884137104]}},{"type":"Feature","properties":{"id":"CH4_PlumeComplex-576","date":"2023-01-11T13:01:07Z","scenes":"emit20230111t130107","peak":4057.0,"download":"https://data.lpdaac.earthdatacloud.nasa.gov/lp-prod-protected/EMITL2BCH4PLM.002/EMIT_L2B_CH4PLM_002_20230111T130107_000576/EMIT_L2B_CH4PLM_002_20230111T130107_000576.tif"},"geometry":{"type":"Point","coordinates":[-70.78629167564837,-32.94447387107362]}},{"type":"Feature","properties":{"id":"CH4_PlumeComplex-578","date":"2023-01-19T04:02:23Z","scenes":"emit20230119t040223","peak":12524.0,"download":"https://data.lpdaac.earthdatacloud.nasa.gov/lp-prod-protected/EMITL2BCH4PLM.002/EMIT_L2B_CH4PLM_002_20230119T040223_000578/EMIT_L2B_CH4PLM_002_20230119T040223_000578.tif"},"geometry":{"type":"Point","coordinates":[148.57929671926743,-22.987458101605927]}},{"type":"Feature","properties":{"id":"CH4_PlumeComplex-579","date":"2023-01-19T04:02:23Z","scenes":"emit20230119t040223","peak":2446.0,"download":"https://data.lpdaac.earthdatacloud.nasa.gov/lp-prod-protected/EMITL2BCH4PLM.002/EMIT_L2B_CH4PLM_002_20230119T040223_000579/EMIT_L2B_CH4PLM_002_20230119T040223_000579.tif"},"geometry":{"type":"Point","coordinates":[148.6953344786023,-22.980409078842595]}},{"type":"Feature","properties":{"id":"CH4_PlumeComplex-581","date":"2023-01-21T16:18:34Z","scenes":"emit20230121t161834","peak":1117.0,"download":"https://data.lpdaac.earthdatacloud.nasa.gov/lp-prod-protected/EMITL2BCH4PLM.002/EMIT_L2B_CH4PLM_002_20230121T161834_000581/EMIT_L2B_CH4PLM_002_20230121T161834_000581.tif"},"geometry":{"type":"Point","coordinates":[-67.0741678419732,-36.36487660885085]}},{"type":"Feature","properties":{"id":"CH4_PlumeComplex-582","date":"2023-01-22T15:31:51Z","scenes":"emit20230122t153151","peak":5505.0,"download":"https://data.lpdaac.earthdatacloud.nasa.gov/lp-prod-protected/EMITL2BCH4PLM.002/EMIT_L2B_CH4PLM_002_20230122T153151_000582/EMIT_L2B_CH4PLM_002_20230122T153151_000582.tif"},"geometry":{"type":"Point","coordinates":[-58.619136153615685,-34.52399720258047]}},{"type":"Feature","properties":{"id":"CH4_PlumeComplex-583","date":"2023-01-23T08:53:11Z","scenes":"emit20230123t085311","peak":7453.0,"download":"https://data.lpdaac.earthdatacloud.nasa.gov/lp-prod-protected/EMITL2BCH4PLM.002/EMIT_L2B_CH4PLM_002_20230123T085311_000583/EMIT_L2B_CH4PLM_002_20230123T085311_000583.tif"},"geometry":{"type":"Point","coordinates":[91.59228553788405,24.635197454950017]}},{"type":"Feature","properties":{"id":"CH4_PlumeComplex-584","date":"2023-01-25T00:47:44Z","scenes":"emit20230125t004744","peak":3911.0,"download":"https://data.lpdaac.earthdatacloud.nasa.gov/lp-prod-protected/EMITL2BCH4PLM.002/EMIT_L2B_CH4PLM_002_20230125T004744_000584/EMIT_L2B_CH4PLM_002_20230125T004744_000584.tif"},"geometry":{"type":"Point","coordinates":[151.07519301000707,-32.68528672639112]}},{"type":"Feature","properties":{"id":"CH4_PlumeComplex-586","date":"2023-01-25T00:47:44Z","scenes":"emit20230125t004744","peak":22434.0,"download":"https://data.lpdaac.earthdatacloud.nasa.gov/lp-prod-protected/EMITL2BCH4PLM.002/EMIT_L2B_CH4PLM_002_20230125T004744_000586/EMIT_L2B_CH4PLM_002_20230125T004744_000586.tif"},"geometry":{"type":"Point","coordinates":[151.07410854496655,-32.46947818332909]}},{"type":"Feature","properties":{"id":"CH4_PlumeComplex-587","date":"2023-01-26T06:27:16Z","scenes":"emit20230126t062716","peak":5612.0,"download":"https://data.lpdaac.earthdatacloud.nasa.gov/lp-prod-protected/EMITL2BCH4PLM.002/EMIT_L2B_CH4PLM_002_20230126T062716_000587/EMIT_L2B_CH4PLM_002_20230126T062716_000587.tif"},"geometry":{"type":"Point","coordinates":[100.66980015949592,13.58070306448341]}},{"type":"Feature","properties":{"id":"CH4_PlumeComplex-590","date":"2023-01-26T12:43:35Z","scenes":"emit20230126t124335","peak":2022.0,"download":"https://data.lpdaac.earthdatacloud.nasa.gov/lp-prod-protected/EMITL2BCH4PLM.002/EMIT_L2B_CH4PLM_002_20230126T124335_000590/EMIT_L2B_CH4PLM_002_20230126T124335_000590.tif"},"geometry":{"type":"Point","coordinates":[18.792147368264278,28.12663265288068]}},{"type":"Feature","properties":{"id":"CH4_PlumeComplex-591","date":"2023-01-27T16:21:04Z","scenes":"emit20230127t162104","peak":2630.0,"download":"https://data.lpdaac.earthdatacloud.nasa.gov/lp-prod-protected/EMITL2BCH4PLM.002/EMIT_L2B_CH4PLM_002_20230127T162104_000591/EMIT_L2B_CH4PLM_002_20230127T162104_000591.tif"},"geometry":{"type":"Point","coordinates":[-77.11902527972246,-11.921576828213984]}},{"type":"Feature","properties":{"id":"CH4_PlumeComplex-592","date":"2023-01-27T16:21:04Z","scenes":"emit20230127t162104","peak":3311.0,"download":"https://data.lpdaac.earthdatacloud.nasa.gov/lp-prod-protected/EMITL2BCH4PLM.002/EMIT_L2B_CH4PLM_002_20230127T162104_000592/EMIT_L2B_CH4PLM_002_20230127T162104_000592.tif"},"geometry":{"type":"Point","coordinates":[-77.06371756265632,-11.80879246400066]}},{"type":"Feature","properties":{"id":"CH4_PlumeComplex-593","date":"2023-01-28T12:41:18Z","scenes":"emit20230128t124118","peak":1253.0,"download":"https://data.lpdaac.earthdatacloud.nasa.gov/lp-prod-protected/EMITL2BCH4PLM.002/EMIT_L2B_CH4PLM_002_20230128T124118_000593/EMIT_L2B_CH4PLM_002_20230128T124118_000593.tif"},"geometry":{"type":"Point","coordinates":[7.516964342053367,28.482879418689127]}},{"type":"Feature","properties":{"id":"CH4_PlumeComplex-594","date":"2023-01-28T12:41:18Z","scenes":"emit20230128t124118","peak":1453.0,"download":"https://data.lpdaac.earthdatacloud.nasa.gov/lp-prod-protected/EMITL2BCH4PLM.002/EMIT_L2B_CH4PLM_002_20230128T124118_000594/EMIT_L2B_CH4PLM_002_20230128T124118_000594.tif"},"geometry":{"type":"Point","coordinates":[7.253981569729029,28.6086773633886]}},{"type":"Feature","properties":{"id":"CH4_PlumeComplex-595","date":"2023-01-28T12:41:30Z","scenes":"emit20230128t124130","peak":1905.0,"download":"https://data.lpdaac.earthdatacloud.nasa.gov/lp-prod-protected/EMITL2BCH4PLM.002/EMIT_L2B_CH4PLM_002_20230128T124130_000595/EMIT_L2B_CH4PLM_002_20230128T124130_000595.tif"},"geometry":{"type":"Point","coordinates":[7.68071856317079,28.65205596500911]}},{"type":"Feature","properties":{"id":"CH4_PlumeComplex-596","date":"2023-01-29T13:03:21Z","scenes":"emit20230129t130321, emit20230129t130333","peak":3565.0,"download":"https://data.lpdaac.earthdatacloud.nasa.gov/lp-prod-protected/EMITL2BCH4PLM.002/EMIT_L2B_CH4PLM_002_20230129T130321_000596/EMIT_L2B_CH4PLM_002_20230129T130321_000596.tif"},"geometry":{"type":"Point","coordinates":[-68.19984255402547,-38.749073000418036]}},{"type":"Feature","properties":{"id":"CH4_PlumeComplex-597","date":"2023-01-29T13:03:33Z","scenes":"emit20230129t130333","peak":2035.0,"download":"https://data.lpdaac.earthdatacloud.nasa.gov/lp-prod-protected/EMITL2BCH4PLM.002/EMIT_L2B_CH4PLM_002_20230129T130333_000597/EMIT_L2B_CH4PLM_002_20230129T130333_000597.tif"},"geometry":{"type":"Point","coordinates":[-67.82624434756885,-38.05935323465194]}},{"type":"Feature","properties":{"id":"CH4_PlumeComplex-598","date":"2023-01-30T09:35:55Z","scenes":"emit20230130t093555","peak":2620.0,"download":"https://data.lpdaac.earthdatacloud.nasa.gov/lp-prod-protected/EMITL2BCH4PLM.002/EMIT_L2B_CH4PLM_002_20230130T093555_000598/EMIT_L2B_CH4PLM_002_20230130T093555_000598.tif"},"geometry":{"type":"Point","coordinates":[51.34236555925393,35.45707409422658]}},{"type":"Feature","properties":{"id":"CH4_PlumeComplex-599","date":"2023-01-31T08:49:13Z","scenes":"emit20230131t084913","peak":3435.0,"download":"https://data.lpdaac.earthdatacloud.nasa.gov/lp-prod-protected/EMITL2BCH4PLM.002/EMIT_L2B_CH4PLM_002_20230131T084913_000599/EMIT_L2B_CH4PLM_002_20230131T084913_000599.tif"},"geometry":{"type":"Point","coordinates":[61.026096138512465,37.474721302100455]}},{"type":"Feature","properties":{"id":"CH4_PlumeComplex-6","date":"2023-06-20T08:44:14Z","scenes":"emit20230620t084414","peak":4096.0,"download":"https://data.lpdaac.earthdatacloud.nasa.gov/lp-prod-protected/EMITL2BCH4PLM.002/EMIT_L2B_CH4PLM_002_20230620T084414_000006/EMIT_L2B_CH4PLM_002_20230620T084414_000006.tif"},"geometry":{"type":"Point","coordinates":[53.6381780500194,39.4641724189211]}},{"type":"Feature","properties":{"id":"CH4_PlumeComplex-60","date":"2023-06-27T03:08:22Z","scenes":"emit20230627t030822","peak":4815.0,"download":"https://data.lpdaac.earthdatacloud.nasa.gov/lp-prod-protected/EMITL2BCH4PLM.002/EMIT_L2B_CH4PLM_002_20230627T030822_000060/EMIT_L2B_CH4PLM_002_20230627T030822_000060.tif"},"geometry":{"type":"Point","coordinates":[87.8622680310405,44.037361494763346]}},{"type":"Feature","properties":{"id":"CH4_PlumeComplex-600","date":"2023-01-31T05:39:24Z","scenes":"emit20230131t053924","peak":2936.0,"download":"https://data.lpdaac.earthdatacloud.nasa.gov/lp-prod-protected/EMITL2BCH4PLM.002/EMIT_L2B_CH4PLM_002_20230131T053924_000600/EMIT_L2B_CH4PLM_002_20230131T053924_000600.tif"},"geometry":{"type":"Point","coordinates":[94.68680653098714,26.79436735061078]}},{"type":"Feature","properties":{"id":"CH4_PlumeComplex-601","date":"2023-01-31T05:39:36Z","scenes":"emit20230131t053936","peak":4392.0,"download":"https://data.lpdaac.earthdatacloud.nasa.gov/lp-prod-protected/EMITL2BCH4PLM.002/EMIT_L2B_CH4PLM_002_20230131T053936_000601/EMIT_L2B_CH4PLM_002_20230131T053936_000601.tif"},"geometry":{"type":"Point","coordinates":[95.4453898268258,27.36913382208253]}},{"type":"Feature","properties":{"id":"CH4_PlumeComplex-602","date":"2023-01-31T05:43:17Z","scenes":"emit20230131t054317","peak":2596.0,"download":"https://data.lpdaac.earthdatacloud.nasa.gov/lp-prod-protected/EMITL2BCH4PLM.002/EMIT_L2B_CH4PLM_002_20230131T054317_000602/EMIT_L2B_CH4PLM_002_20230131T054317_000602.tif"},"geometry":{"type":"Point","coordinates":[106.75202233921112,37.17703564847979]}},{"type":"Feature","properties":{"id":"CH4_PlumeComplex-603","date":"2023-01-31T05:43:40Z","scenes":"emit20230131t054340","peak":4721.0,"download":"https://data.lpdaac.earthdatacloud.nasa.gov/lp-prod-protected/EMITL2BCH4PLM.002/EMIT_L2B_CH4PLM_002_20230131T054340_000603/EMIT_L2B_CH4PLM_002_20230131T054340_000603.tif"},"geometry":{"type":"Point","coordinates":[108.59127504792072,37.85265736871922]}},{"type":"Feature","properties":{"id":"CH4_PlumeComplex-604","date":"2023-01-31T05:43:40Z","scenes":"emit20230131t054340","peak":1233.0,"download":"https://data.lpdaac.earthdatacloud.nasa.gov/lp-prod-protected/EMITL2BCH4PLM.002/EMIT_L2B_CH4PLM_002_20230131T054340_000604/EMIT_L2B_CH4PLM_002_20230131T054340_000604.tif"},"geometry":{"type":"Point","coordinates":[108.34455925120407,38.17311678819073]}},{"type":"Feature","properties":{"id":"CH4_PlumeComplex-605","date":"2023-02-01T07:53:26Z","scenes":"emit20230201t075326","peak":3411.0,"download":"https://data.lpdaac.earthdatacloud.nasa.gov/lp-prod-protected/EMITL2BCH4PLM.002/EMIT_L2B_CH4PLM_002_20230201T075326_000605/EMIT_L2B_CH4PLM_002_20230201T075326_000605.tif"},"geometry":{"type":"Point","coordinates":[44.14802448049245,15.479059117900919]}},{"type":"Feature","properties":{"id":"CH4_PlumeComplex-606","date":"2023-02-02T07:08:03Z","scenes":"emit20230202t070803","peak":1148.0,"download":"https://data.lpdaac.earthdatacloud.nasa.gov/lp-prod-protected/EMITL2BCH4PLM.002/EMIT_L2B_CH4PLM_002_20230202T070803_000606/EMIT_L2B_CH4PLM_002_20230202T070803_000606.tif"},"geometry":{"type":"Point","coordinates":[55.98550263020921,21.87631839188559]}},{"type":"Feature","properties":{"id":"CH4_PlumeComplex-610","date":"2023-02-02T07:08:03Z","scenes":"emit20230202t070803","peak":1324.0,"download":"https://data.lpdaac.earthdatacloud.nasa.gov/lp-prod-protected/EMITL2BCH4PLM.002/EMIT_L2B_CH4PLM_002_20230202T070803_000610/EMIT_L2B_CH4PLM_002_20230202T070803_000610.tif"},"geometry":{"type":"Point","coordinates":[56.02833899930946,22.15502590729736]}},{"type":"Feature","properties":{"id":"CH4_PlumeComplex-611","date":"2023-02-02T19:38:21Z","scenes":"emit20230202t193821","peak":2575.0,"download":"https://data.lpdaac.earthdatacloud.nasa.gov/lp-prod-protected/EMITL2BCH4PLM.002/EMIT_L2B_CH4PLM_002_20230202T193821_000611/EMIT_L2B_CH4PLM_002_20230202T193821_000611.tif"},"geometry":{"type":"Point","coordinates":[-108.29143063674103,41.97254005762701]}},{"type":"Feature","properties":{"id":"CH4_PlumeComplex-613","date":"2023-02-03T17:14:34Z","scenes":"emit20230203t171434, emit20230203t171446","peak":15401.0,"download":"https://data.lpdaac.earthdatacloud.nasa.gov/lp-prod-protected/EMITL2BCH4PLM.002/EMIT_L2B_CH4PLM_002_20230203T171434_000613/EMIT_L2B_CH4PLM_002_20230203T171434_000613.tif"},"geometry":{"type":"Point","coordinates":[-90.63905093979469,34.13999130252381]}},{"type":"Feature","properties":{"id":"CH4_PlumeComplex-614","date":"2023-02-03T06:22:56Z","scenes":"emit20230203t062256","peak":11942.0,"download":"https://data.lpdaac.earthdatacloud.nasa.gov/lp-prod-protected/EMITL2BCH4PLM.002/EMIT_L2B_CH4PLM_002_20230203T062256_000614/EMIT_L2B_CH4PLM_002_20230203T062256_000614.tif"},"geometry":{"type":"Point","coordinates":[69.04951074074584,28.943777060907067]}},{"type":"Feature","properties":{"id":"CH4_PlumeComplex-615","date":"2023-02-03T06:26:29Z","scenes":"emit20230203t062629","peak":2111.0,"download":"https://data.lpdaac.earthdatacloud.nasa.gov/lp-prod-protected/EMITL2BCH4PLM.002/EMIT_L2B_CH4PLM_002_20230203T062629_000615/EMIT_L2B_CH4PLM_002_20230203T062629_000615.tif"},"geometry":{"type":"Point","coordinates":[80.47706110514878,38.660583823901156]}},{"type":"Feature","properties":{"id":"CH4_PlumeComplex-616","date":"2023-02-03T06:26:29Z","scenes":"emit20230203t062629","peak":1077.0,"download":"https://data.lpdaac.earthdatacloud.nasa.gov/lp-prod-protected/EMITL2BCH4PLM.002/EMIT_L2B_CH4PLM_002_20230203T062629_000616/EMIT_L2B_CH4PLM_002_20230203T062629_000616.tif"},"geometry":{"type":"Point","coordinates":[80.48899022059442,38.65299256861757]}},{"type":"Feature","properties":{"id":"CH4_PlumeComplex-617","date":"2023-02-04T04:06:49Z","scenes":"emit20230204t040649","peak":3908.0,"download":"https://data.lpdaac.earthdatacloud.nasa.gov/lp-prod-protected/EMITL2BCH4PLM.002/EMIT_L2B_CH4PLM_002_20230204T040649_000617/EMIT_L2B_CH4PLM_002_20230204T040649_000617.tif"},"geometry":{"type":"Point","coordinates":[111.09313589638445,38.9490515246776]}},{"type":"Feature","properties":{"id":"CH4_PlumeComplex-618","date":"2023-02-04T04:10:09Z","scenes":"emit20230204t041009","peak":7015.0,"download":"https://data.lpdaac.earthdatacloud.nasa.gov/lp-prod-protected/EMITL2BCH4PLM.002/EMIT_L2B_CH4PLM_002_20230204T041009_000618/EMIT_L2B_CH4PLM_002_20230204T041009_000618.tif"},"geometry":{"type":"Point","coordinates":[125.24703137263576,46.09676060669697]}},{"type":"Feature","properties":{"id":"CH4_PlumeComplex-619","date":"2023-02-04T08:41:39Z","scenes":"emit20230204t084139","peak":1711.0,"download":"https://data.lpdaac.earthdatacloud.nasa.gov/lp-prod-protected/EMITL2BCH4PLM.002/EMIT_L2B_CH4PLM_002_20230204T084139_000619/EMIT_L2B_CH4PLM_002_20230204T084139_000619.tif"},"geometry":{"type":"Point","coordinates":[28.40809888249063,29.69260017138115]}},{"type":"Feature","properties":{"id":"CH4_PlumeComplex-620","date":"2023-02-04T08:42:03Z","scenes":"emit20230204t084203","peak":2726.0,"download":"https://data.lpdaac.earthdatacloud.nasa.gov/lp-prod-protected/EMITL2BCH4PLM.002/EMIT_L2B_CH4PLM_002_20230204T084203_000620/EMIT_L2B_CH4PLM_002_20230204T084203_000620.tif"},"geometry":{"type":"Point","coordinates":[29.42641155553209,30.7483268883203]}},{"type":"Feature","properties":{"id":"CH4_PlumeComplex-621","date":"2023-02-04T07:07:01Z","scenes":"emit20230204t070701","peak":2282.0,"download":"https://data.lpdaac.earthdatacloud.nasa.gov/lp-prod-protected/EMITL2BCH4PLM.002/EMIT_L2B_CH4PLM_002_20230204T070701_000621/EMIT_L2B_CH4PLM_002_20230204T070701_000621.tif"},"geometry":{"type":"Point","coordinates":[46.89226326550993,24.614592619180247]}},{"type":"Feature","properties":{"id":"CH4_PlumeComplex-622","date":"2023-02-04T07:11:17Z","scenes":"emit20230204t071117","peak":2897.0,"download":"https://data.lpdaac.earthdatacloud.nasa.gov/lp-prod-protected/EMITL2BCH4PLM.002/EMIT_L2B_CH4PLM_002_20230204T071117_000622/EMIT_L2B_CH4PLM_002_20230204T071117_000622.tif"},"geometry":{"type":"Point","coordinates":[59.99151648986322,36.23951562095646]}},{"type":"Feature","properties":{"id":"CH4_PlumeComplex-623","date":"2023-02-04T07:11:44Z","scenes":"emit20230204t071144","peak":3437.0,"download":"https://data.lpdaac.earthdatacloud.nasa.gov/lp-prod-protected/EMITL2BCH4PLM.002/EMIT_L2B_CH4PLM_002_20230204T071144_000623/EMIT_L2B_CH4PLM_002_20230204T071144_000623.tif"},"geometry":{"type":"Point","coordinates":[61.027180603552935,37.47417906958028]}},{"type":"Feature","properties":{"id":"CH4_PlumeComplex-624","date":"2023-02-05T17:12:44Z","scenes":"emit20230205t171244","peak":7677.0,"download":"https://data.lpdaac.earthdatacloud.nasa.gov/lp-prod-protected/EMITL2BCH4PLM.002/EMIT_L2B_CH4PLM_002_20230205T171244_000624/EMIT_L2B_CH4PLM_002_20230205T171244_000624.tif"},"geometry":{"type":"Point","coordinates":[-104.4930918323446,32.084930050752206]}},{"type":"Feature","properties":{"id":"CH4_PlumeComplex-625","date":"2023-02-05T17:12:55Z","scenes":"emit20230205t171255","peak":2790.0,"download":"https://data.lpdaac.earthdatacloud.nasa.gov/lp-prod-protected/EMITL2BCH4PLM.002/EMIT_L2B_CH4PLM_002_20230205T171255_000625/EMIT_L2B_CH4PLM_002_20230205T171255_000625.tif"},"geometry":{"type":"Point","coordinates":[-104.07177716410543,32.15162465074374]}},{"type":"Feature","properties":{"id":"CH4_PlumeComplex-626","date":"2023-02-05T17:12:55Z","scenes":"emit20230205t171255","peak":2378.0,"download":"https://data.lpdaac.earthdatacloud.nasa.gov/lp-prod-protected/EMITL2BCH4PLM.002/EMIT_L2B_CH4PLM_002_20230205T171255_000626/EMIT_L2B_CH4PLM_002_20230205T171255_000626.tif"},"geometry":{"type":"Point","coordinates":[-103.99586461126952,32.15108241822349]}},{"type":"Feature","properties":{"id":"CH4_PlumeComplex-627","date":"2023-02-05T17:12:55Z","scenes":"emit20230205t171255","peak":1949.0,"download":"https://data.lpdaac.earthdatacloud.nasa.gov/lp-prod-protected/EMITL2BCH4PLM.002/EMIT_L2B_CH4PLM_002_20230205T171255_000627/EMIT_L2B_CH4PLM_002_20230205T171255_000627.tif"},"geometry":{"type":"Point","coordinates":[-104.01375828443798,32.20584790276938]}},{"type":"Feature","properties":{"id":"CH4_PlumeComplex-628","date":"2023-02-05T17:12:55Z","scenes":"emit20230205t171255","peak":2041.0,"download":"https://data.lpdaac.earthdatacloud.nasa.gov/lp-prod-protected/EMITL2BCH4PLM.002/EMIT_L2B_CH4PLM_002_20230205T171255_000628/EMIT_L2B_CH4PLM_002_20230205T171255_000628.tif"},"geometry":{"type":"Point","coordinates":[-103.78493616088981,32.3224278946245]}},{"type":"Feature","properties":{"id":"CH4_PlumeComplex-629","date":"2023-02-05T17:12:55Z","scenes":"emit20230205t171255","peak":1495.0,"download":"https://data.lpdaac.earthdatacloud.nasa.gov/lp-prod-protected/EMITL2BCH4PLM.002/EMIT_L2B_CH4PLM_002_20230205T171255_000629/EMIT_L2B_CH4PLM_002_20230205T171255_000629.tif"},"geometry":{"type":"Point","coordinates":[-104.05225679337619,32.3099565466586]}},{"type":"Feature","properties":{"id":"CH4_PlumeComplex-630","date":"2023-02-05T17:12:55Z","scenes":"emit20230205t171255","peak":5090.0,"download":"https://data.lpdaac.earthdatacloud.nasa.gov/lp-prod-protected/EMITL2BCH4PLM.002/EMIT_L2B_CH4PLM_002_20230205T171255_000630/EMIT_L2B_CH4PLM_002_20230205T171255_000630.tif"},"geometry":{"type":"Point","coordinates":[-104.06364367630157,32.41298072550732]}},{"type":"Feature","properties":{"id":"CH4_PlumeComplex-631","date":"2023-02-05T17:12:55Z","scenes":"emit20230205t171255","peak":2414.0,"download":"https://data.lpdaac.earthdatacloud.nasa.gov/lp-prod-protected/EMITL2BCH4PLM.002/EMIT_L2B_CH4PLM_002_20230205T171255_000631/EMIT_L2B_CH4PLM_002_20230205T171255_000631.tif"},"geometry":{"type":"Point","coordinates":[-104.17642804051489,32.57727717914499]}},{"type":"Feature","properties":{"id":"CH4_PlumeComplex-635","date":"2023-02-06T16:25:14Z","scenes":"emit20230206t162514","peak":4437.0,"download":"https://data.lpdaac.earthdatacloud.nasa.gov/lp-prod-protected/EMITL2BCH4PLM.002/EMIT_L2B_CH4PLM_002_20230206T162514_000635/EMIT_L2B_CH4PLM_002_20230206T162514_000635.tif"},"geometry":{"type":"Point","coordinates":[-99.90309354837436,30.4105160282005]}},{"type":"Feature","properties":{"id":"CH4_PlumeComplex-636","date":"2023-02-14T10:34:57Z","scenes":"emit20230214t103457","peak":2913.0,"download":"https://data.lpdaac.earthdatacloud.nasa.gov/lp-prod-protected/EMITL2BCH4PLM.002/EMIT_L2B_CH4PLM_002_20230214T103457_000636/EMIT_L2B_CH4PLM_002_20230214T103457_000636.tif"},"geometry":{"type":"Point","coordinates":[71.57360312253924,25.90347931982962]}},{"type":"Feature","properties":{"id":"CH4_PlumeComplex-637","date":"2023-02-14T10:34:22Z","scenes":"emit20230214t103422","peak":4048.0,"download":"https://data.lpdaac.earthdatacloud.nasa.gov/lp-prod-protected/EMITL2BCH4PLM.002/EMIT_L2B_CH4PLM_002_20230214T103422_000637/EMIT_L2B_CH4PLM_002_20230214T103422_000637.tif"},"geometry":{"type":"Point","coordinates":[69.71808343822195,27.035118589604657]}},{"type":"Feature","properties":{"id":"CH4_PlumeComplex-638","date":"2023-02-14T10:34:22Z","scenes":"emit20230214t103422","peak":1753.0,"download":"https://data.lpdaac.earthdatacloud.nasa.gov/lp-prod-protected/EMITL2BCH4PLM.002/EMIT_L2B_CH4PLM_002_20230214T103422_000638/EMIT_L2B_CH4PLM_002_20230214T103422_000638.tif"},"geometry":{"type":"Point","coordinates":[69.75387078455887,27.141396163574903]}},{"type":"Feature","properties":{"id":"CH4_PlumeComplex-639","date":"2023-02-14T08:57:15Z","scenes":"emit20230214t085715","peak":1894.0,"download":"https://data.lpdaac.earthdatacloud.nasa.gov/lp-prod-protected/EMITL2BCH4PLM.002/EMIT_L2B_CH4PLM_002_20230214T085715_000639/EMIT_L2B_CH4PLM_002_20230214T085715_000639.tif"},"geometry":{"type":"Point","coordinates":[80.05683090195016,38.750052189743506]}},{"type":"Feature","properties":{"id":"CH4_PlumeComplex-640","date":"2023-02-14T07:24:57Z","scenes":"emit20230214t072457","peak":3161.0,"download":"https://data.lpdaac.earthdatacloud.nasa.gov/lp-prod-protected/EMITL2BCH4PLM.002/EMIT_L2B_CH4PLM_002_20230214T072457_000640/EMIT_L2B_CH4PLM_002_20230214T072457_000640.tif"},"geometry":{"type":"Point","coordinates":[105.26359407110762,37.00026784687614]}},{"type":"Feature","properties":{"id":"CH4_PlumeComplex-641","date":"2023-02-15T11:19:33Z","scenes":"emit20230215t111933","peak":2886.0,"download":"https://data.lpdaac.earthdatacloud.nasa.gov/lp-prod-protected/EMITL2BCH4PLM.002/EMIT_L2B_CH4PLM_002_20230215T111933_000641/EMIT_L2B_CH4PLM_002_20230215T111933_000641.tif"},"geometry":{"type":"Point","coordinates":[52.16655899004363,27.747069888701233]}},{"type":"Feature","properties":{"id":"CH4_PlumeComplex-643","date":"2023-02-15T06:36:26Z","scenes":"emit20230215t063626","peak":3372.0,"download":"https://data.lpdaac.earthdatacloud.nasa.gov/lp-prod-protected/EMITL2BCH4PLM.002/EMIT_L2B_CH4PLM_002_20230215T063626_000643/EMIT_L2B_CH4PLM_002_20230215T063626_000643.tif"},"geometry":{"type":"Point","coordinates":[107.13700742859407,39.474474836806]}},{"type":"Feature","properties":{"id":"CH4_PlumeComplex-644","date":"2023-02-15T20:33:54Z","scenes":"emit20230215t203354","peak":2300.0,"download":"https://data.lpdaac.earthdatacloud.nasa.gov/lp-prod-protected/EMITL2BCH4PLM.002/EMIT_L2B_CH4PLM_002_20230215T203354_000644/EMIT_L2B_CH4PLM_002_20230215T203354_000644.tif"},"geometry":{"type":"Point","coordinates":[-97.98955498439004,35.26403931701526]}},{"type":"Feature","properties":{"id":"CH4_PlumeComplex-646","date":"2023-02-17T06:32:21Z","scenes":"emit20230217t063221","peak":6205.0,"download":"https://data.lpdaac.earthdatacloud.nasa.gov/lp-prod-protected/EMITL2BCH4PLM.002/EMIT_L2B_CH4PLM_002_20230217T063221_000646/EMIT_L2B_CH4PLM_002_20230217T063221_000646.tif"},"geometry":{"type":"Point","coordinates":[87.85521900827725,44.036819262243014]}},{"type":"Feature","properties":{"id":"CH4_PlumeComplex-647","date":"2023-02-17T20:31:34Z","scenes":"emit20230217t203134","peak":2380.0,"download":"https://data.lpdaac.earthdatacloud.nasa.gov/lp-prod-protected/EMITL2BCH4PLM.002/EMIT_L2B_CH4PLM_002_20230217T203134_000647/EMIT_L2B_CH4PLM_002_20230217T203134_000647.tif"},"geometry":{"type":"Point","coordinates":[-110.33239384298538,35.38712609911347]}},{"type":"Feature","properties":{"id":"CH4_PlumeComplex-648","date":"2023-02-17T20:34:32Z","scenes":"emit20230217t203432","peak":5378.0,"download":"https://data.lpdaac.earthdatacloud.nasa.gov/lp-prod-protected/EMITL2BCH4PLM.002/EMIT_L2B_CH4PLM_002_20230217T203432_000648/EMIT_L2B_CH4PLM_002_20230217T203432_000648.tif"},"geometry":{"type":"Point","coordinates":[-101.18167783113893,27.81756011633459]}},{"type":"Feature","properties":{"id":"CH4_PlumeComplex-649","date":"2023-02-18T12:02:10Z","scenes":"emit20230218t120210","peak":1268.0,"download":"https://data.lpdaac.earthdatacloud.nasa.gov/lp-prod-protected/EMITL2BCH4PLM.002/EMIT_L2B_CH4PLM_002_20230218T120210_000649/EMIT_L2B_CH4PLM_002_20230218T120210_000649.tif"},"geometry":{"type":"Point","coordinates":[21.452340112641952,29.14277639584116]}},{"type":"Feature","properties":{"id":"CH4_PlumeComplex-65","date":"2023-06-30T07:06:49Z","scenes":"emit20230630t070649","peak":2663.0,"download":"https://data.lpdaac.earthdatacloud.nasa.gov/lp-prod-protected/EMITL2BCH4PLM.002/EMIT_L2B_CH4PLM_002_20230630T070649_000065/EMIT_L2B_CH4PLM_002_20230630T070649_000065.tif"},"geometry":{"type":"Point","coordinates":[46.032824720903605,15.595096877235857]}},{"type":"Feature","properties":{"id":"CH4_PlumeComplex-650","date":"2023-02-18T12:02:10Z","scenes":"emit20230218t120210","peak":2245.0,"download":"https://data.lpdaac.earthdatacloud.nasa.gov/lp-prod-protected/EMITL2BCH4PLM.002/EMIT_L2B_CH4PLM_002_20230218T120210_000650/EMIT_L2B_CH4PLM_002_20230218T120210_000650.tif"},"geometry":{"type":"Point","coordinates":[21.425228486629134,29.183443834860388]}},{"type":"Feature","properties":{"id":"CH4_PlumeComplex-651","date":"2023-02-18T12:02:10Z","scenes":"emit20230218t120210","peak":1339.0,"download":"https://data.lpdaac.earthdatacloud.nasa.gov/lp-prod-protected/EMITL2BCH4PLM.002/EMIT_L2B_CH4PLM_002_20230218T120210_000651/EMIT_L2B_CH4PLM_002_20230218T120210_000651.tif"},"geometry":{"type":"Point","coordinates":[21.544519641085532,29.25176513241269]}},{"type":"Feature","properties":{"id":"CH4_PlumeComplex-652","date":"2023-02-18T10:27:23Z","scenes":"emit20230218t102723","peak":2473.0,"download":"https://data.lpdaac.earthdatacloud.nasa.gov/lp-prod-protected/EMITL2BCH4PLM.002/EMIT_L2B_CH4PLM_002_20230218T102723_000652/EMIT_L2B_CH4PLM_002_20230218T102723_000652.tif"},"geometry":{"type":"Point","coordinates":[38.62430179664086,34.68168159025989]}},{"type":"Feature","properties":{"id":"CH4_PlumeComplex-653","date":"2023-02-17T11:16:03Z","scenes":"emit20230217t111603","peak":3118.0,"download":"https://data.lpdaac.earthdatacloud.nasa.gov/lp-prod-protected/EMITL2BCH4PLM.002/EMIT_L2B_CH4PLM_002_20230217T111603_000653/EMIT_L2B_CH4PLM_002_20230217T111603_000653.tif"},"geometry":{"type":"Point","coordinates":[36.185882153048006,31.936358340201966]}},{"type":"Feature","properties":{"id":"CH4_PlumeComplex-654","date":"2023-02-18T08:57:39Z","scenes":"emit20230218t085739","peak":3288.0,"download":"https://data.lpdaac.earthdatacloud.nasa.gov/lp-prod-protected/EMITL2BCH4PLM.002/EMIT_L2B_CH4PLM_002_20230218T085739_000654/EMIT_L2B_CH4PLM_002_20230218T085739_000654.tif"},"geometry":{"type":"Point","coordinates":[71.57306089001901,25.900768157228327]}},{"type":"Feature","properties":{"id":"CH4_PlumeComplex-655","date":"2023-02-18T08:57:03Z","scenes":"emit20230218t085703","peak":6522.0,"download":"https://data.lpdaac.earthdatacloud.nasa.gov/lp-prod-protected/EMITL2BCH4PLM.002/EMIT_L2B_CH4PLM_002_20230218T085703_000655/EMIT_L2B_CH4PLM_002_20230218T085703_000655.tif"},"geometry":{"type":"Point","coordinates":[69.81026296666555,27.96125173420252]}},{"type":"Feature","properties":{"id":"CH4_PlumeComplex-656","date":"2023-02-18T08:56:51Z","scenes":"emit20230218t085651","peak":2453.0,"download":"https://data.lpdaac.earthdatacloud.nasa.gov/lp-prod-protected/EMITL2BCH4PLM.002/EMIT_L2B_CH4PLM_002_20230218T085651_000656/EMIT_L2B_CH4PLM_002_20230218T085651_000656.tif"},"geometry":{"type":"Point","coordinates":[69.90135803006864,28.411304726015302]}},{"type":"Feature","properties":{"id":"CH4_PlumeComplex-657","date":"2023-02-18T08:56:51Z","scenes":"emit20230218t085651","peak":2287.0,"download":"https://data.lpdaac.earthdatacloud.nasa.gov/lp-prod-protected/EMITL2BCH4PLM.002/EMIT_L2B_CH4PLM_002_20230218T085651_000657/EMIT_L2B_CH4PLM_002_20230218T085651_000657.tif"},"geometry":{"type":"Point","coordinates":[69.68500725448634,28.43136732926479]}},{"type":"Feature","properties":{"id":"CH4_PlumeComplex-658","date":"2023-02-16T13:36:26Z","scenes":"emit20230216t133626","peak":3411.0,"download":"https://data.lpdaac.earthdatacloud.nasa.gov/lp-prod-protected/EMITL2BCH4PLM.002/EMIT_L2B_CH4PLM_002_20230216T133626_000658/EMIT_L2B_CH4PLM_002_20230216T133626_000658.tif"},"geometry":{"type":"Point","coordinates":[5.994375425173483,31.778026444287086]}},{"type":"Feature","properties":{"id":"CH4_PlumeComplex-659","date":"2023-02-16T13:36:26Z","scenes":"emit20230216t133626","peak":4749.0,"download":"https://data.lpdaac.earthdatacloud.nasa.gov/lp-prod-protected/EMITL2BCH4PLM.002/EMIT_L2B_CH4PLM_002_20230216T133626_000659/EMIT_L2B_CH4PLM_002_20230216T133626_000659.tif"},"geometry":{"type":"Point","coordinates":[5.99925551785579,31.747661423152735]}},{"type":"Feature","properties":{"id":"CH4_PlumeComplex-66","date":"2023-06-28T16:19:24Z","scenes":"emit20230628t161924","peak":1459.0,"download":"https://data.lpdaac.earthdatacloud.nasa.gov/lp-prod-protected/EMITL2BCH4PLM.002/EMIT_L2B_CH4PLM_002_20230628T161924_000066/EMIT_L2B_CH4PLM_002_20230628T161924_000066.tif"},"geometry":{"type":"Point","coordinates":[-104.61292521932157,36.248733573800884]}},{"type":"Feature","properties":{"id":"CH4_PlumeComplex-660","date":"2023-02-16T13:36:26Z","scenes":"emit20230216t133626","peak":2373.0,"download":"https://data.lpdaac.earthdatacloud.nasa.gov/lp-prod-protected/EMITL2BCH4PLM.002/EMIT_L2B_CH4PLM_002_20230216T133626_000660/EMIT_L2B_CH4PLM_002_20230216T133626_000660.tif"},"geometry":{"type":"Point","coordinates":[6.194459225148083,31.669579940235817]}},{"type":"Feature","properties":{"id":"CH4_PlumeComplex-661","date":"2023-02-16T13:36:26Z","scenes":"emit20230216t133626","peak":1148.0,"download":"https://data.lpdaac.earthdatacloud.nasa.gov/lp-prod-protected/EMITL2BCH4PLM.002/EMIT_L2B_CH4PLM_002_20230216T133626_000661/EMIT_L2B_CH4PLM_002_20230216T133626_000661.tif"},"geometry":{"type":"Point","coordinates":[6.213437363357055,31.781822071928886]}},{"type":"Feature","properties":{"id":"CH4_PlumeComplex-662","date":"2023-02-16T13:37:01Z","scenes":"emit20230216t133701","peak":1094.0,"download":"https://data.lpdaac.earthdatacloud.nasa.gov/lp-prod-protected/EMITL2BCH4PLM.002/EMIT_L2B_CH4PLM_002_20230216T133701_000662/EMIT_L2B_CH4PLM_002_20230216T133701_000662.tif"},"geometry":{"type":"Point","coordinates":[8.09010411596434,30.260317620089516]}},{"type":"Feature","properties":{"id":"CH4_PlumeComplex-663","date":"2023-02-18T18:10:54Z","scenes":"emit20230218t181054","peak":3819.0,"download":"https://data.lpdaac.earthdatacloud.nasa.gov/lp-prod-protected/EMITL2BCH4PLM.002/EMIT_L2B_CH4PLM_002_20230218T181054_000663/EMIT_L2B_CH4PLM_002_20230218T181054_000663.tif"},"geometry":{"type":"Point","coordinates":[-80.65655024187504,35.33995186985121]}},{"type":"Feature","properties":{"id":"CH4_PlumeComplex-664","date":"2023-02-19T19:05:39Z","scenes":"emit20230219t190539","peak":2869.0,"download":"https://data.lpdaac.earthdatacloud.nasa.gov/lp-prod-protected/EMITL2BCH4PLM.002/EMIT_L2B_CH4PLM_002_20230219T190539_000664/EMIT_L2B_CH4PLM_002_20230219T190539_000664.tif"},"geometry":{"type":"Point","coordinates":[-73.50396106717324,9.73139440318345]}},{"type":"Feature","properties":{"id":"CH4_PlumeComplex-667","date":"2023-02-19T09:39:08Z","scenes":"emit20230219t093908","peak":1900.0,"download":"https://data.lpdaac.earthdatacloud.nasa.gov/lp-prod-protected/EMITL2BCH4PLM.002/EMIT_L2B_CH4PLM_002_20230219T093908_000667/EMIT_L2B_CH4PLM_002_20230219T093908_000667.tif"},"geometry":{"type":"Point","coordinates":[42.12603941245647,36.94224896720875]}},{"type":"Feature","properties":{"id":"CH4_PlumeComplex-668","date":"2023-02-19T09:39:43Z","scenes":"emit20230219t093943","peak":5124.0,"download":"https://data.lpdaac.earthdatacloud.nasa.gov/lp-prod-protected/EMITL2BCH4PLM.002/EMIT_L2B_CH4PLM_002_20230219T093943_000668/EMIT_L2B_CH4PLM_002_20230219T093943_000668.tif"},"geometry":{"type":"Point","coordinates":[44.1973676398358,35.414237725126306]}},{"type":"Feature","properties":{"id":"CH4_PlumeComplex-669","date":"2023-02-19T09:41:18Z","scenes":"emit20230219t094118","peak":3596.0,"download":"https://data.lpdaac.earthdatacloud.nasa.gov/lp-prod-protected/EMITL2BCH4PLM.002/EMIT_L2B_CH4PLM_002_20230219T094118_000669/EMIT_L2B_CH4PLM_002_20230219T094118_000669.tif"},"geometry":{"type":"Point","coordinates":[48.99070311890208,31.238505086632024]}},{"type":"Feature","properties":{"id":"CH4_PlumeComplex-670","date":"2023-02-19T09:41:18Z","scenes":"emit20230219t094118","peak":6930.0,"download":"https://data.lpdaac.earthdatacloud.nasa.gov/lp-prod-protected/EMITL2BCH4PLM.002/EMIT_L2B_CH4PLM_002_20230219T094118_000670/EMIT_L2B_CH4PLM_002_20230219T094118_000670.tif"},"geometry":{"type":"Point","coordinates":[48.88388331241158,31.269954572806892]}},{"type":"Feature","properties":{"id":"CH4_PlumeComplex-671","date":"2023-02-19T09:41:18Z","scenes":"emit20230219t094118","peak":1538.0,"download":"https://data.lpdaac.earthdatacloud.nasa.gov/lp-prod-protected/EMITL2BCH4PLM.002/EMIT_L2B_CH4PLM_002_20230219T094118_000671/EMIT_L2B_CH4PLM_002_20230219T094118_000671.tif"},"geometry":{"type":"Point","coordinates":[48.91424833354593,31.25097643459792]}},{"type":"Feature","properties":{"id":"CH4_PlumeComplex-672","date":"2023-02-19T09:41:18Z","scenes":"emit20230219t094118","peak":1735.0,"download":"https://data.lpdaac.earthdatacloud.nasa.gov/lp-prod-protected/EMITL2BCH4PLM.002/EMIT_L2B_CH4PLM_002_20230219T094118_000672/EMIT_L2B_CH4PLM_002_20230219T094118_000672.tif"},"geometry":{"type":"Point","coordinates":[49.1371058993713,31.125178489898442]}},{"type":"Feature","properties":{"id":"CH4_PlumeComplex-673","date":"2023-02-19T09:41:18Z","scenes":"emit20230219t094118","peak":2297.0,"download":"https://data.lpdaac.earthdatacloud.nasa.gov/lp-prod-protected/EMITL2BCH4PLM.002/EMIT_L2B_CH4PLM_002_20230219T094118_000673/EMIT_L2B_CH4PLM_002_20230219T094118_000673.tif"},"geometry":{"type":"Point","coordinates":[49.32580281642052,31.12951635006049]}},{"type":"Feature","properties":{"id":"CH4_PlumeComplex-674","date":"2023-02-19T09:41:30Z","scenes":"emit20230219t094130","peak":7147.0,"download":"https://data.lpdaac.earthdatacloud.nasa.gov/lp-prod-protected/EMITL2BCH4PLM.002/EMIT_L2B_CH4PLM_002_20230219T094130_000674/EMIT_L2B_CH4PLM_002_20230219T094130_000674.tif"},"geometry":{"type":"Point","coordinates":[49.881591149683295,30.944072828132818]}},{"type":"Feature","properties":{"id":"CH4_PlumeComplex-675","date":"2023-02-19T09:41:30Z","scenes":"emit20230219t094130","peak":2762.0,"download":"https://data.lpdaac.earthdatacloud.nasa.gov/lp-prod-protected/EMITL2BCH4PLM.002/EMIT_L2B_CH4PLM_002_20230219T094130_000675/EMIT_L2B_CH4PLM_002_20230219T094130_000675.tif"},"geometry":{"type":"Point","coordinates":[49.985699793572515,30.761882701326677]}},{"type":"Feature","properties":{"id":"CH4_PlumeComplex-677","date":"2023-02-19T09:41:30Z","scenes":"emit20230219t094130","peak":9573.0,"download":"https://data.lpdaac.earthdatacloud.nasa.gov/lp-prod-protected/EMITL2BCH4PLM.002/EMIT_L2B_CH4PLM_002_20230219T094130_000677/EMIT_L2B_CH4PLM_002_20230219T094130_000677.tif"},"geometry":{"type":"Point","coordinates":[49.88213338220355,30.360630636336964]}},{"type":"Feature","properties":{"id":"CH4_PlumeComplex-678","date":"2023-02-19T08:05:39Z","scenes":"emit20230219t080539","peak":2896.0,"download":"https://data.lpdaac.earthdatacloud.nasa.gov/lp-prod-protected/EMITL2BCH4PLM.002/EMIT_L2B_CH4PLM_002_20230219T080539_000678/EMIT_L2B_CH4PLM_002_20230219T080539_000678.tif"},"geometry":{"type":"Point","coordinates":[63.52904145201577,37.95297038496664]}},{"type":"Feature","properties":{"id":"CH4_PlumeComplex-679","date":"2023-02-19T08:05:39Z","scenes":"emit20230219t080539","peak":1574.0,"download":"https://data.lpdaac.earthdatacloud.nasa.gov/lp-prod-protected/EMITL2BCH4PLM.002/EMIT_L2B_CH4PLM_002_20230219T080539_000679/EMIT_L2B_CH4PLM_002_20230219T080539_000679.tif"},"geometry":{"type":"Point","coordinates":[63.496507500800384,37.94429466464254]}},{"type":"Feature","properties":{"id":"CH4_PlumeComplex-680","date":"2023-02-19T08:05:39Z","scenes":"emit20230219t080539","peak":1328.0,"download":"https://data.lpdaac.earthdatacloud.nasa.gov/lp-prod-protected/EMITL2BCH4PLM.002/EMIT_L2B_CH4PLM_002_20230219T080539_000680/EMIT_L2B_CH4PLM_002_20230219T080539_000680.tif"},"geometry":{"type":"Point","coordinates":[63.479156060152185,37.951343687405874]}},{"type":"Feature","properties":{"id":"CH4_PlumeComplex-681","date":"2023-02-19T08:05:27Z","scenes":"emit20230219t080527","peak":6184.0,"download":"https://data.lpdaac.earthdatacloud.nasa.gov/lp-prod-protected/EMITL2BCH4PLM.002/EMIT_L2B_CH4PLM_002_20230219T080527_000681/EMIT_L2B_CH4PLM_002_20230219T080527_000681.tif"},"geometry":{"type":"Point","coordinates":[62.78401396918352,38.56460866781583]}},{"type":"Feature","properties":{"id":"CH4_PlumeComplex-682","date":"2023-02-19T08:05:27Z","scenes":"emit20230219t080527","peak":2622.0,"download":"https://data.lpdaac.earthdatacloud.nasa.gov/lp-prod-protected/EMITL2BCH4PLM.002/EMIT_L2B_CH4PLM_002_20230219T080527_000682/EMIT_L2B_CH4PLM_002_20230219T080527_000682.tif"},"geometry":{"type":"Point","coordinates":[62.72924848463763,38.56840429545762]}},{"type":"Feature","properties":{"id":"CH4_PlumeComplex-683","date":"2023-02-19T08:05:03Z","scenes":"emit20230219t080503","peak":3561.0,"download":"https://data.lpdaac.earthdatacloud.nasa.gov/lp-prod-protected/EMITL2BCH4PLM.002/EMIT_L2B_CH4PLM_002_20230219T080503_000683/EMIT_L2B_CH4PLM_002_20230219T080503_000683.tif"},"geometry":{"type":"Point","coordinates":[61.0445320442011,40.051410238358784]}},{"type":"Feature","properties":{"id":"CH4_PlumeComplex-685","date":"2023-02-20T07:15:30Z","scenes":"emit20230220t071530","peak":8787.0,"download":"https://data.lpdaac.earthdatacloud.nasa.gov/lp-prod-protected/EMITL2BCH4PLM.002/EMIT_L2B_CH4PLM_002_20230220T071530_000685/EMIT_L2B_CH4PLM_002_20230220T071530_000685.tif"},"geometry":{"type":"Point","coordinates":[58.66792690791742,43.98801833541994]}},{"type":"Feature","properties":{"id":"CH4_PlumeComplex-686","date":"2023-02-19T06:31:55Z","scenes":"emit20230219t063155","peak":1402.0,"download":"https://data.lpdaac.earthdatacloud.nasa.gov/lp-prod-protected/EMITL2BCH4PLM.002/EMIT_L2B_CH4PLM_002_20230219T063155_000686/EMIT_L2B_CH4PLM_002_20230219T063155_000686.tif"},"geometry":{"type":"Point","coordinates":[83.67460627710065,40.79860665127203]}},{"type":"Feature","properties":{"id":"CH4_PlumeComplex-687","date":"2023-02-20T05:45:40Z","scenes":"emit20230220t054540","peak":5165.0,"download":"https://data.lpdaac.earthdatacloud.nasa.gov/lp-prod-protected/EMITL2BCH4PLM.002/EMIT_L2B_CH4PLM_002_20230220T054540_000687/EMIT_L2B_CH4PLM_002_20230220T054540_000687.tif"},"geometry":{"type":"Point","coordinates":[94.30453260420646,37.30391805821969]}},{"type":"Feature","properties":{"id":"CH4_PlumeComplex-688","date":"2023-02-20T05:45:40Z","scenes":"emit20230220t054540","peak":1233.0,"download":"https://data.lpdaac.earthdatacloud.nasa.gov/lp-prod-protected/EMITL2BCH4PLM.002/EMIT_L2B_CH4PLM_002_20230220T054540_000688/EMIT_L2B_CH4PLM_002_20230220T054540_000688.tif"},"geometry":{"type":"Point","coordinates":[94.1624676838993,37.36519033300866]}},{"type":"Feature","properties":{"id":"CH4_PlumeComplex-689","date":"2023-02-20T05:45:40Z","scenes":"emit20230220t054540","peak":2709.0,"download":"https://data.lpdaac.earthdatacloud.nasa.gov/lp-prod-protected/EMITL2BCH4PLM.002/EMIT_L2B_CH4PLM_002_20230220T054540_000689/EMIT_L2B_CH4PLM_002_20230220T054540_000689.tif"},"geometry":{"type":"Point","coordinates":[94.13698275544725,37.368443728130195]}},{"type":"Feature","properties":{"id":"CH4_PlumeComplex-690","date":"2023-02-20T10:32:20Z","scenes":"emit20230220t103220","peak":1317.0,"download":"https://data.lpdaac.earthdatacloud.nasa.gov/lp-prod-protected/EMITL2BCH4PLM.002/EMIT_L2B_CH4PLM_002_20230220T103220_000690/EMIT_L2B_CH4PLM_002_20230220T103220_000690.tif"},"geometry":{"type":"Point","coordinates":[45.80291813231489,15.576660971547126]}},{"type":"Feature","properties":{"id":"CH4_PlumeComplex-691","date":"2023-02-20T10:32:20Z","scenes":"emit20230220t103220","peak":5084.0,"download":"https://data.lpdaac.earthdatacloud.nasa.gov/lp-prod-protected/EMITL2BCH4PLM.002/EMIT_L2B_CH4PLM_002_20230220T103220_000691/EMIT_L2B_CH4PLM_002_20230220T103220_000691.tif"},"geometry":{"type":"Point","coordinates":[45.79641134207182,15.562020693500205]}},{"type":"Feature","properties":{"id":"CH4_PlumeComplex-692","date":"2023-02-20T10:32:20Z","scenes":"emit20230220t103220","peak":986.0,"download":"https://data.lpdaac.earthdatacloud.nasa.gov/lp-prod-protected/EMITL2BCH4PLM.002/EMIT_L2B_CH4PLM_002_20230220T103220_000692/EMIT_L2B_CH4PLM_002_20230220T103220_000692.tif"},"geometry":{"type":"Point","coordinates":[46.00191746724898,15.60160366747892]}},{"type":"Feature","properties":{"id":"CH4_PlumeComplex-693","date":"2023-02-20T10:32:20Z","scenes":"emit20230220t103220","peak":4811.0,"download":"https://data.lpdaac.earthdatacloud.nasa.gov/lp-prod-protected/EMITL2BCH4PLM.002/EMIT_L2B_CH4PLM_002_20230220T103220_000693/EMIT_L2B_CH4PLM_002_20230220T103220_000693.tif"},"geometry":{"type":"Point","coordinates":[46.02089560545795,15.596723574796611]}},{"type":"Feature","properties":{"id":"CH4_PlumeComplex-694","date":"2023-02-20T19:47:23Z","scenes":"emit20230220t194723","peak":2791.0,"download":"https://data.lpdaac.earthdatacloud.nasa.gov/lp-prod-protected/EMITL2BCH4PLM.002/EMIT_L2B_CH4PLM_002_20230220T194723_000694/EMIT_L2B_CH4PLM_002_20230220T194723_000694.tif"},"geometry":{"type":"Point","coordinates":[-100.93279310434119,22.30630878044885]}},{"type":"Feature","properties":{"id":"CH4_PlumeComplex-695","date":"2023-02-20T19:45:46Z","scenes":"emit20230220t194546","peak":1771.0,"download":"https://data.lpdaac.earthdatacloud.nasa.gov/lp-prod-protected/EMITL2BCH4PLM.002/EMIT_L2B_CH4PLM_002_20230220T194546_000695/EMIT_L2B_CH4PLM_002_20230220T194546_000695.tif"},"geometry":{"type":"Point","coordinates":[-105.72558635088724,26.94348129368135]}},{"type":"Feature","properties":{"id":"CH4_PlumeComplex-696","date":"2023-02-20T19:43:24Z","scenes":"emit20230220t194324","peak":1700.0,"download":"https://data.lpdaac.earthdatacloud.nasa.gov/lp-prod-protected/EMITL2BCH4PLM.002/EMIT_L2B_CH4PLM_002_20230220T194324_000696/EMIT_L2B_CH4PLM_002_20230220T194324_000696.tif"},"geometry":{"type":"Point","coordinates":[-112.28605761346903,33.08318012054419]}},{"type":"Feature","properties":{"id":"CH4_PlumeComplex-697","date":"2023-02-21T09:39:54Z","scenes":"emit20230221t093954","peak":2292.0,"download":"https://data.lpdaac.earthdatacloud.nasa.gov/lp-prod-protected/EMITL2BCH4PLM.002/EMIT_L2B_CH4PLM_002_20230221T093954_000697/EMIT_L2B_CH4PLM_002_20230221T093954_000697.tif"},"geometry":{"type":"Point","coordinates":[36.189135548169574,31.9260559223171]}},{"type":"Feature","properties":{"id":"CH4_PlumeComplex-698","date":"2023-02-21T09:39:54Z","scenes":"emit20230221t093954","peak":1635.0,"download":"https://data.lpdaac.earthdatacloud.nasa.gov/lp-prod-protected/EMITL2BCH4PLM.002/EMIT_L2B_CH4PLM_002_20230221T093954_000698/EMIT_L2B_CH4PLM_002_20230221T093954_000698.tif"},"geometry":{"type":"Point","coordinates":[36.1999801985747,31.92442922475633]}},{"type":"Feature","properties":{"id":"CH4_PlumeComplex-699","date":"2023-02-22T08:51:06Z","scenes":"emit20230222t085106","peak":2681.0,"download":"https://data.lpdaac.earthdatacloud.nasa.gov/lp-prod-protected/EMITL2BCH4PLM.002/EMIT_L2B_CH4PLM_002_20230222T085106_000699/EMIT_L2B_CH4PLM_002_20230222T085106_000699.tif"},"geometry":{"type":"Point","coordinates":[35.398018301115506,37.05557556394233]}},{"type":"Feature","properties":{"id":"CH4_PlumeComplex-7","date":"2023-06-20T08:44:14Z","scenes":"emit20230620t084414","peak":5554.0,"download":"https://data.lpdaac.earthdatacloud.nasa.gov/lp-prod-protected/EMITL2BCH4PLM.002/EMIT_L2B_CH4PLM_002_20230620T084414_000007/EMIT_L2B_CH4PLM_002_20230620T084414_000007.tif"},"geometry":{"type":"Point","coordinates":[53.77048278496195,39.36006377503188]}},{"type":"Feature","properties":{"id":"CH4_PlumeComplex-700","date":"2023-02-23T08:04:47Z","scenes":"emit20230223t080447","peak":2849.0,"download":"https://data.lpdaac.earthdatacloud.nasa.gov/lp-prod-protected/EMITL2BCH4PLM.002/EMIT_L2B_CH4PLM_002_20230223T080447_000700/EMIT_L2B_CH4PLM_002_20230223T080447_000700.tif"},"geometry":{"type":"Point","coordinates":[42.91715665951056,36.44339504857291]}},{"type":"Feature","properties":{"id":"CH4_PlumeComplex-701","date":"2023-02-23T08:04:47Z","scenes":"emit20230223t080447, emit20230223t080459","peak":5564.0,"download":"https://data.lpdaac.earthdatacloud.nasa.gov/lp-prod-protected/EMITL2BCH4PLM.002/EMIT_L2B_CH4PLM_002_20230223T080447_000701/EMIT_L2B_CH4PLM_002_20230223T080447_000701.tif"},"geometry":{"type":"Point","coordinates":[43.089044368431836,36.30946361606959]}},{"type":"Feature","properties":{"id":"CH4_PlumeComplex-704","date":"2023-02-23T06:31:09Z","scenes":"emit20230223t063109","peak":3275.0,"download":"https://data.lpdaac.earthdatacloud.nasa.gov/lp-prod-protected/EMITL2BCH4PLM.002/EMIT_L2B_CH4PLM_002_20230223T063109_000704/EMIT_L2B_CH4PLM_002_20230223T063109_000704.tif"},"geometry":{"type":"Point","coordinates":[63.530125917056296,37.954597082527364]}},{"type":"Feature","properties":{"id":"CH4_PlumeComplex-705","date":"2023-02-23T06:31:09Z","scenes":"emit20230223t063109","peak":1448.0,"download":"https://data.lpdaac.earthdatacloud.nasa.gov/lp-prod-protected/EMITL2BCH4PLM.002/EMIT_L2B_CH4PLM_002_20230223T063109_000705/EMIT_L2B_CH4PLM_002_20230223T063109_000705.tif"},"geometry":{"type":"Point","coordinates":[63.49813419836117,37.94700582724377]}},{"type":"Feature","properties":{"id":"CH4_PlumeComplex-706","date":"2023-02-23T06:31:09Z","scenes":"emit20230223t063109","peak":1885.0,"download":"https://data.lpdaac.earthdatacloud.nasa.gov/lp-prod-protected/EMITL2BCH4PLM.002/EMIT_L2B_CH4PLM_002_20230223T063109_000706/EMIT_L2B_CH4PLM_002_20230223T063109_000706.tif"},"geometry":{"type":"Point","coordinates":[63.317570769115804,38.17203232315016]}},{"type":"Feature","properties":{"id":"CH4_PlumeComplex-707","date":"2023-02-23T06:31:09Z","scenes":"emit20230223t063109","peak":1327.0,"download":"https://data.lpdaac.earthdatacloud.nasa.gov/lp-prod-protected/EMITL2BCH4PLM.002/EMIT_L2B_CH4PLM_002_20230223T063109_000707/EMIT_L2B_CH4PLM_002_20230223T063109_000707.tif"},"geometry":{"type":"Point","coordinates":[63.25196063416478,38.35096905483476]}},{"type":"Feature","properties":{"id":"CH4_PlumeComplex-708","date":"2023-02-23T06:30:57Z","scenes":"emit20230223t063057","peak":2183.0,"download":"https://data.lpdaac.earthdatacloud.nasa.gov/lp-prod-protected/EMITL2BCH4PLM.002/EMIT_L2B_CH4PLM_002_20230223T063057_000708/EMIT_L2B_CH4PLM_002_20230223T063057_000708.tif"},"geometry":{"type":"Point","coordinates":[62.78564066674431,38.564066435295516]}},{"type":"Feature","properties":{"id":"CH4_PlumeComplex-709","date":"2023-02-23T06:30:57Z","scenes":"emit20230223t063057","peak":2070.0,"download":"https://data.lpdaac.earthdatacloud.nasa.gov/lp-prod-protected/EMITL2BCH4PLM.002/EMIT_L2B_CH4PLM_002_20230223T063057_000709/EMIT_L2B_CH4PLM_002_20230223T063057_000709.tif"},"geometry":{"type":"Point","coordinates":[62.780760574062,38.59063582878808]}},{"type":"Feature","properties":{"id":"CH4_PlumeComplex-710","date":"2023-02-23T06:30:33Z","scenes":"emit20230223t063033","peak":3733.0,"download":"https://data.lpdaac.earthdatacloud.nasa.gov/lp-prod-protected/EMITL2BCH4PLM.002/EMIT_L2B_CH4PLM_002_20230223T063033_000710/EMIT_L2B_CH4PLM_002_20230223T063033_000710.tif"},"geometry":{"type":"Point","coordinates":[61.68545088314414,39.97278652292156]}},{"type":"Feature","properties":{"id":"CH4_PlumeComplex-711","date":"2023-02-23T06:30:22Z","scenes":"emit20230223t063022, emit20230223t063033","peak":5341.0,"download":"https://data.lpdaac.earthdatacloud.nasa.gov/lp-prod-protected/EMITL2BCH4PLM.002/EMIT_L2B_CH4PLM_002_20230223T063022_000711/EMIT_L2B_CH4PLM_002_20230223T063022_000711.tif"},"geometry":{"type":"Point","coordinates":[61.04561650924162,40.047614610716934]}},{"type":"Feature","properties":{"id":"CH4_PlumeComplex-712","date":"2023-02-23T06:30:22Z","scenes":"emit20230223t063022","peak":1366.0,"download":"https://data.lpdaac.earthdatacloud.nasa.gov/lp-prod-protected/EMITL2BCH4PLM.002/EMIT_L2B_CH4PLM_002_20230223T063022_000712/EMIT_L2B_CH4PLM_002_20230223T063022_000712.tif"},"geometry":{"type":"Point","coordinates":[60.93988116779163,40.00911610177874]}},{"type":"Feature","properties":{"id":"CH4_PlumeComplex-713","date":"2023-02-21T06:30:01Z","scenes":"emit20230221t063001","peak":2404.0,"download":"https://data.lpdaac.earthdatacloud.nasa.gov/lp-prod-protected/EMITL2BCH4PLM.002/EMIT_L2B_CH4PLM_002_20230221T063001_000713/EMIT_L2B_CH4PLM_002_20230221T063001_000713.tif"},"geometry":{"type":"Point","coordinates":[69.47787443174842,42.18184181044601]}},{"type":"Feature","properties":{"id":"CH4_PlumeComplex-714","date":"2023-02-23T04:56:45Z","scenes":"emit20230223t045645","peak":7779.0,"download":"https://data.lpdaac.earthdatacloud.nasa.gov/lp-prod-protected/EMITL2BCH4PLM.002/EMIT_L2B_CH4PLM_002_20230223T045645_000714/EMIT_L2B_CH4PLM_002_20230223T045645_000714.tif"},"geometry":{"type":"Point","coordinates":[81.30233900097898,41.80173681374632]}},{"type":"Feature","properties":{"id":"CH4_PlumeComplex-715","date":"2023-02-23T04:57:08Z","scenes":"emit20230223t045708, emit20230223t045720","peak":2798.0,"download":"https://data.lpdaac.earthdatacloud.nasa.gov/lp-prod-protected/EMITL2BCH4PLM.002/EMIT_L2B_CH4PLM_002_20230223T045708_000715/EMIT_L2B_CH4PLM_002_20230223T045708_000715.tif"},"geometry":{"type":"Point","coordinates":[83.45174871127521,40.85716776345973]}},{"type":"Feature","properties":{"id":"CH4_PlumeComplex-716","date":"2023-02-21T04:56:04Z","scenes":"emit20230221t045604","peak":13144.0,"download":"https://data.lpdaac.earthdatacloud.nasa.gov/lp-prod-protected/EMITL2BCH4PLM.002/EMIT_L2B_CH4PLM_002_20230221T045604_000716/EMIT_L2B_CH4PLM_002_20230221T045604_000716.tif"},"geometry":{"type":"Point","coordinates":[87.86281026356076,44.041699354925306]}},{"type":"Feature","properties":{"id":"CH4_PlumeComplex-717","date":"2023-02-24T04:11:58Z","scenes":"emit20230224t041158","peak":8208.0,"download":"https://data.lpdaac.earthdatacloud.nasa.gov/lp-prod-protected/EMITL2BCH4PLM.002/EMIT_L2B_CH4PLM_002_20230224T041158_000717/EMIT_L2B_CH4PLM_002_20230224T041158_000717.tif"},"geometry":{"type":"Point","coordinates":[94.13535605788643,37.35705684520485]}},{"type":"Feature","properties":{"id":"CH4_PlumeComplex-718","date":"2023-02-24T04:11:58Z","scenes":"emit20230224t041158","peak":2434.0,"download":"https://data.lpdaac.earthdatacloud.nasa.gov/lp-prod-protected/EMITL2BCH4PLM.002/EMIT_L2B_CH4PLM_002_20230224T041158_000718/EMIT_L2B_CH4PLM_002_20230224T041158_000718.tif"},"geometry":{"type":"Point","coordinates":[94.29477241884182,37.308798150902035]}},{"type":"Feature","properties":{"id":"CH4_PlumeComplex-719","date":"2023-02-24T04:11:58Z","scenes":"emit20230224t041158","peak":6786.0,"download":"https://data.lpdaac.earthdatacloud.nasa.gov/lp-prod-protected/EMITL2BCH4PLM.002/EMIT_L2B_CH4PLM_002_20230224T041158_000719/EMIT_L2B_CH4PLM_002_20230224T041158_000719.tif"},"geometry":{"type":"Point","coordinates":[94.30507483672667,37.29741126797665]}},{"type":"Feature","properties":{"id":"CH4_PlumeComplex-720","date":"2023-02-24T04:11:58Z","scenes":"emit20230224t041158","peak":5708.0,"download":"https://data.lpdaac.earthdatacloud.nasa.gov/lp-prod-protected/EMITL2BCH4PLM.002/EMIT_L2B_CH4PLM_002_20230224T041158_000720/EMIT_L2B_CH4PLM_002_20230224T041158_000720.tif"},"geometry":{"type":"Point","coordinates":[94.28880786111898,37.29578457041588]}},{"type":"Feature","properties":{"id":"CH4_PlumeComplex-721","date":"2023-02-25T05:06:08Z","scenes":"emit20230225t050608, emit20230225t050619","peak":3806.0,"download":"https://data.lpdaac.earthdatacloud.nasa.gov/lp-prod-protected/EMITL2BCH4PLM.002/EMIT_L2B_CH4PLM_002_20230225T050608_000721/EMIT_L2B_CH4PLM_002_20230225T050608_000721.tif"},"geometry":{"type":"Point","coordinates":[99.97194690592596,14.056783217268501]}},{"type":"Feature","properties":{"id":"CH4_PlumeComplex-722","date":"2023-02-25T05:06:19Z","scenes":"emit20230225t050619","peak":3164.0,"download":"https://data.lpdaac.earthdatacloud.nasa.gov/lp-prod-protected/EMITL2BCH4PLM.002/EMIT_L2B_CH4PLM_002_20230225T050619_000722/EMIT_L2B_CH4PLM_002_20230225T050619_000722.tif"},"geometry":{"type":"Point","coordinates":[100.55755802780283,13.620828270982383]}},{"type":"Feature","properties":{"id":"CH4_PlumeComplex-723","date":"2023-02-25T05:06:19Z","scenes":"emit20230225t050619","peak":2405.0,"download":"https://data.lpdaac.earthdatacloud.nasa.gov/lp-prod-protected/EMITL2BCH4PLM.002/EMIT_L2B_CH4PLM_002_20230225T050619_000723/EMIT_L2B_CH4PLM_002_20230225T050619_000723.tif"},"geometry":{"type":"Point","coordinates":[100.67034239201615,13.577991901882129]}},{"type":"Feature","properties":{"id":"CH4_PlumeComplex-724","date":"2023-02-24T10:22:19Z","scenes":"emit20230224t102219","peak":6493.0,"download":"https://data.lpdaac.earthdatacloud.nasa.gov/lp-prod-protected/EMITL2BCH4PLM.002/EMIT_L2B_CH4PLM_002_20230224T102219_000724/EMIT_L2B_CH4PLM_002_20230224T102219_000724.tif"},"geometry":{"type":"Point","coordinates":[-3.636216367099861,40.25528966597518]}},{"type":"Feature","properties":{"id":"CH4_PlumeComplex-725","date":"2023-02-24T18:14:41Z","scenes":"emit20230224t181441","peak":2411.0,"download":"https://data.lpdaac.earthdatacloud.nasa.gov/lp-prod-protected/EMITL2BCH4PLM.002/EMIT_L2B_CH4PLM_002_20230224T181441_000725/EMIT_L2B_CH4PLM_002_20230224T181441_000725.tif"},"geometry":{"type":"Point","coordinates":[-98.13704222989979,18.986761291439436]}},{"type":"Feature","properties":{"id":"CH4_PlumeComplex-726","date":"2023-02-24T18:14:29Z","scenes":"emit20230224t181429","peak":3359.0,"download":"https://data.lpdaac.earthdatacloud.nasa.gov/lp-prod-protected/EMITL2BCH4PLM.002/EMIT_L2B_CH4PLM_002_20230224T181429_000726/EMIT_L2B_CH4PLM_002_20230224T181429_000726.tif"},"geometry":{"type":"Point","coordinates":[-98.84194450623306,19.403738099516584]}},{"type":"Feature","properties":{"id":"CH4_PlumeComplex-727","date":"2023-02-24T18:14:29Z","scenes":"emit20230224t181429","peak":4716.0,"download":"https://data.lpdaac.earthdatacloud.nasa.gov/lp-prod-protected/EMITL2BCH4PLM.002/EMIT_L2B_CH4PLM_002_20230224T181429_000727/EMIT_L2B_CH4PLM_002_20230224T181429_000727.tif"},"geometry":{"type":"Point","coordinates":[-98.80181929973409,19.32348768651864]}},{"type":"Feature","properties":{"id":"CH4_PlumeComplex-728","date":"2023-02-24T18:14:29Z","scenes":"emit20230224t181429","peak":3372.0,"download":"https://data.lpdaac.earthdatacloud.nasa.gov/lp-prod-protected/EMITL2BCH4PLM.002/EMIT_L2B_CH4PLM_002_20230224T181429_000728/EMIT_L2B_CH4PLM_002_20230224T181429_000728.tif"},"geometry":{"type":"Point","coordinates":[-99.01654337775562,19.462299211704273]}},{"type":"Feature","properties":{"id":"CH4_PlumeComplex-731","date":"2023-02-24T18:10:00Z","scenes":"emit20230224t181000","peak":6018.0,"download":"https://data.lpdaac.earthdatacloud.nasa.gov/lp-prod-protected/EMITL2BCH4PLM.002/EMIT_L2B_CH4PLM_002_20230224T181000_000731/EMIT_L2B_CH4PLM_002_20230224T181000_000731.tif"},"geometry":{"type":"Point","coordinates":[-110.82582543641892,32.11854846700815]}},{"type":"Feature","properties":{"id":"CH4_PlumeComplex-732","date":"2023-02-24T18:10:00Z","scenes":"emit20230224t181000","peak":1910.0,"download":"https://data.lpdaac.earthdatacloud.nasa.gov/lp-prod-protected/EMITL2BCH4PLM.002/EMIT_L2B_CH4PLM_002_20230224T181000_000732/EMIT_L2B_CH4PLM_002_20230224T181000_000732.tif"},"geometry":{"type":"Point","coordinates":[-110.87842199088378,32.11800623448789]}},{"type":"Feature","properties":{"id":"CH4_PlumeComplex-733","date":"2023-02-24T08:58:31Z","scenes":"emit20230224t085831","peak":2422.0,"download":"https://data.lpdaac.earthdatacloud.nasa.gov/lp-prod-protected/EMITL2BCH4PLM.002/EMIT_L2B_CH4PLM_002_20230224T085831_000733/EMIT_L2B_CH4PLM_002_20230224T085831_000733.tif"},"geometry":{"type":"Point","coordinates":[46.02414900057951,15.596181342276383]}},{"type":"Feature","properties":{"id":"CH4_PlumeComplex-734","date":"2023-02-24T08:58:31Z","scenes":"emit20230224t085831","peak":3311.0,"download":"https://data.lpdaac.earthdatacloud.nasa.gov/lp-prod-protected/EMITL2BCH4PLM.002/EMIT_L2B_CH4PLM_002_20230224T085831_000734/EMIT_L2B_CH4PLM_002_20230224T085831_000734.tif"},"geometry":{"type":"Point","coordinates":[45.80237589979467,15.563105158540745]}},{"type":"Feature","properties":{"id":"CH4_PlumeComplex-735","date":"2023-02-24T08:58:31Z","scenes":"emit20230224t085831","peak":832.0,"download":"https://data.lpdaac.earthdatacloud.nasa.gov/lp-prod-protected/EMITL2BCH4PLM.002/EMIT_L2B_CH4PLM_002_20230224T085831_000735/EMIT_L2B_CH4PLM_002_20230224T085831_000735.tif"},"geometry":{"type":"Point","coordinates":[45.79586910955159,15.579372134148436]}},{"type":"Feature","properties":{"id":"CH4_PlumeComplex-736","date":"2023-02-27T15:57:14Z","scenes":"emit20230227t155714","peak":2313.0,"download":"https://data.lpdaac.earthdatacloud.nasa.gov/lp-prod-protected/EMITL2BCH4PLM.002/EMIT_L2B_CH4PLM_002_20230227T155714_000736/EMIT_L2B_CH4PLM_002_20230227T155714_000736.tif"},"geometry":{"type":"Point","coordinates":[-73.50341883465295,9.53998632353293]}},{"type":"Feature","properties":{"id":"CH4_PlumeComplex-737","date":"2023-02-27T15:57:14Z","scenes":"emit20230227t155714","peak":1848.0,"download":"https://data.lpdaac.earthdatacloud.nasa.gov/lp-prod-protected/EMITL2BCH4PLM.002/EMIT_L2B_CH4PLM_002_20230227T155714_000737/EMIT_L2B_CH4PLM_002_20230227T155714_000737.tif"},"geometry":{"type":"Point","coordinates":[-73.50721446229474,9.729767705622658]}},{"type":"Feature","properties":{"id":"CH4_PlumeComplex-738","date":"2023-01-29T08:46:11Z","scenes":"emit20230129t084611","peak":1470.0,"download":"https://data.lpdaac.earthdatacloud.nasa.gov/lp-prod-protected/EMITL2BCH4PLM.002/EMIT_L2B_CH4PLM_002_20230129T084611_000738/EMIT_L2B_CH4PLM_002_20230129T084611_000738.tif"},"geometry":{"type":"Point","coordinates":[55.61570005139438,22.869688368995217]}},{"type":"Feature","properties":{"id":"CH4_PlumeComplex-739","date":"2023-01-30T18:49:23Z","scenes":"emit20230130t184923","peak":2409.0,"download":"https://data.lpdaac.earthdatacloud.nasa.gov/lp-prod-protected/EMITL2BCH4PLM.002/EMIT_L2B_CH4PLM_002_20230130T184923_000739/EMIT_L2B_CH4PLM_002_20230130T184923_000739.tif"},"geometry":{"type":"Point","coordinates":[-100.31193686864809,25.8758254612966]}},{"type":"Feature","properties":{"id":"CH4_PlumeComplex-740","date":"2022-08-29T16:55:53Z","scenes":"emit20220829t165553","peak":2186.0,"download":"https://data.lpdaac.earthdatacloud.nasa.gov/lp-prod-protected/EMITL2BCH4PLM.002/EMIT_L2B_CH4PLM_002_20220829T165553_000740/EMIT_L2B_CH4PLM_002_20220829T165553_000740.tif"},"geometry":{"type":"Point","coordinates":[-114.85623975948467,36.38103830874344]}},{"type":"Feature","properties":{"id":"CH4_PlumeComplex-741","date":"2022-08-16T03:44:09Z","scenes":"emit20220816t034409","peak":1939.0,"download":"https://data.lpdaac.earthdatacloud.nasa.gov/lp-prod-protected/EMITL2BCH4PLM.002/EMIT_L2B_CH4PLM_002_20220816T034409_000741/EMIT_L2B_CH4PLM_002_20220816T034409_000741.tif"},"geometry":{"type":"Point","coordinates":[72.69927783459146,46.00024321809138]}},{"type":"Feature","properties":{"id":"CH4_PlumeComplex-742","date":"2022-08-15T07:46:45Z","scenes":"emit20220815t074645","peak":2734.0,"download":"https://data.lpdaac.earthdatacloud.nasa.gov/lp-prod-protected/EMITL2BCH4PLM.002/EMIT_L2B_CH4PLM_002_20220815T074645_000742/EMIT_L2B_CH4PLM_002_20220815T074645_000742.tif"},"geometry":{"type":"Point","coordinates":[72.90532619228888,50.22315008584792]}},{"type":"Feature","properties":{"id":"CH4_PlumeComplex-743","date":"2022-08-17T04:32:35Z","scenes":"emit20220817t043235","peak":3843.0,"download":"https://data.lpdaac.earthdatacloud.nasa.gov/lp-prod-protected/EMITL2BCH4PLM.002/EMIT_L2B_CH4PLM_002_20220817T043235_000743/EMIT_L2B_CH4PLM_002_20220817T043235_000743.tif"},"geometry":{"type":"Point","coordinates":[72.90586842480911,50.23074134113155]}},{"type":"Feature","properties":{"id":"CH4_PlumeComplex-744","date":"2022-08-17T04:32:35Z","scenes":"emit20220817t043235","peak":4263.0,"download":"https://data.lpdaac.earthdatacloud.nasa.gov/lp-prod-protected/EMITL2BCH4PLM.002/EMIT_L2B_CH4PLM_002_20220817T043235_000744/EMIT_L2B_CH4PLM_002_20220817T043235_000744.tif"},"geometry":{"type":"Point","coordinates":[72.67053951101785,50.223692318368215]}},{"type":"Feature","properties":{"id":"CH4_PlumeComplex-746","date":"2023-02-25T08:05:43Z","scenes":"emit20230225t080543","peak":2676.0,"download":"https://data.lpdaac.earthdatacloud.nasa.gov/lp-prod-protected/EMITL2BCH4PLM.002/EMIT_L2B_CH4PLM_002_20230225T080543_000746/EMIT_L2B_CH4PLM_002_20230225T080543_000746.tif"},"geometry":{"type":"Point","coordinates":[36.195100105892315,31.924971457276612]}},{"type":"Feature","properties":{"id":"CH4_PlumeComplex-747","date":"2023-02-25T08:05:31Z","scenes":"emit20230225t080531","peak":4281.0,"download":"https://data.lpdaac.earthdatacloud.nasa.gov/lp-prod-protected/EMITL2BCH4PLM.002/EMIT_L2B_CH4PLM_002_20230225T080531_000747/EMIT_L2B_CH4PLM_002_20230225T080531_000747.tif"},"geometry":{"type":"Point","coordinates":[36.10942736769181,32.508955881592726]}},{"type":"Feature","properties":{"id":"CH4_PlumeComplex-748","date":"2023-02-26T05:47:14Z","scenes":"emit20230226t054714","peak":4597.0,"download":"https://data.lpdaac.earthdatacloud.nasa.gov/lp-prod-protected/EMITL2BCH4PLM.002/EMIT_L2B_CH4PLM_002_20230226T054714_000748/EMIT_L2B_CH4PLM_002_20230226T054714_000748.tif"},"geometry":{"type":"Point","coordinates":[69.04788404318516,28.94269259586657]}},{"type":"Feature","properties":{"id":"CH4_PlumeComplex-749","date":"2023-02-26T04:10:22Z","scenes":"emit20230226t041022","peak":1761.0,"download":"https://data.lpdaac.earthdatacloud.nasa.gov/lp-prod-protected/EMITL2BCH4PLM.002/EMIT_L2B_CH4PLM_002_20230226T041022_000749/EMIT_L2B_CH4PLM_002_20230226T041022_000749.tif"},"geometry":{"type":"Point","coordinates":[80.00314988244479,38.81186669705266]}},{"type":"Feature","properties":{"id":"CH4_PlumeComplex-750","date":"2023-02-26T04:10:22Z","scenes":"emit20230226t041022","peak":1655.0,"download":"https://data.lpdaac.earthdatacloud.nasa.gov/lp-prod-protected/EMITL2BCH4PLM.002/EMIT_L2B_CH4PLM_002_20230226T041022_000750/EMIT_L2B_CH4PLM_002_20230226T041022_000750.tif"},"geometry":{"type":"Point","coordinates":[80.05249304178813,38.75710121250676]}},{"type":"Feature","properties":{"id":"CH4_PlumeComplex-752","date":"2023-03-11T12:59:54Z","scenes":"emit20230311t125954","peak":3109.0,"download":"https://data.lpdaac.earthdatacloud.nasa.gov/lp-prod-protected/EMITL2BCH4PLM.002/EMIT_L2B_CH4PLM_002_20230311T125954_000752/EMIT_L2B_CH4PLM_002_20230311T125954_000752.tif"},"geometry":{"type":"Point","coordinates":[-64.40692607483214,-29.836397064964128]}},{"type":"Feature","properties":{"id":"CH4_PlumeComplex-757","date":"2023-03-24T09:49:19Z","scenes":"emit20230324t094919","peak":2642.0,"download":"https://data.lpdaac.earthdatacloud.nasa.gov/lp-prod-protected/EMITL2BCH4PLM.002/EMIT_L2B_CH4PLM_002_20230324T094919_000757/EMIT_L2B_CH4PLM_002_20230324T094919_000757.tif"},"geometry":{"type":"Point","coordinates":[83.22129989016634,26.756953306713186]}},{"type":"Feature","properties":{"id":"CH4_PlumeComplex-758","date":"2023-03-24T09:49:43Z","scenes":"emit20230324t094943","peak":3574.0,"download":"https://data.lpdaac.earthdatacloud.nasa.gov/lp-prod-protected/EMITL2BCH4PLM.002/EMIT_L2B_CH4PLM_002_20230324T094943_000758/EMIT_L2B_CH4PLM_002_20230324T094943_000758.tif"},"geometry":{"type":"Point","coordinates":[83.49566954541604,27.76767472447105]}},{"type":"Feature","properties":{"id":"CH4_PlumeComplex-761","date":"2023-03-25T15:17:28Z","scenes":"emit20230325t151728","peak":4583.0,"download":"https://data.lpdaac.earthdatacloud.nasa.gov/lp-prod-protected/EMITL2BCH4PLM.002/EMIT_L2B_CH4PLM_002_20230325T151728_000761/EMIT_L2B_CH4PLM_002_20230325T151728_000761.tif"},"geometry":{"type":"Point","coordinates":[5.877795433318368,36.814282092428265]}},{"type":"Feature","properties":{"id":"CH4_PlumeComplex-762","date":"2023-03-26T14:30:19Z","scenes":"emit20230326t143019","peak":1503.0,"download":"https://data.lpdaac.earthdatacloud.nasa.gov/lp-prod-protected/EMITL2BCH4PLM.002/EMIT_L2B_CH4PLM_002_20230326T143019_000762/EMIT_L2B_CH4PLM_002_20230326T143019_000762.tif"},"geometry":{"type":"Point","coordinates":[10.458575764444149,35.76451993321195]}},{"type":"Feature","properties":{"id":"CH4_PlumeComplex-763","date":"2023-03-25T13:41:23Z","scenes":"emit20230325t134123","peak":901.0,"download":"https://data.lpdaac.earthdatacloud.nasa.gov/lp-prod-protected/EMITL2BCH4PLM.002/EMIT_L2B_CH4PLM_002_20230325T134123_000763/EMIT_L2B_CH4PLM_002_20230325T134123_000763.tif"},"geometry":{"type":"Point","coordinates":[19.143514041390382,28.17272241710251]}},{"type":"Feature","properties":{"id":"CH4_PlumeComplex-764","date":"2023-03-25T13:41:23Z","scenes":"emit20230325t134123","peak":930.0,"download":"https://data.lpdaac.earthdatacloud.nasa.gov/lp-prod-protected/EMITL2BCH4PLM.002/EMIT_L2B_CH4PLM_002_20230325T134123_000764/EMIT_L2B_CH4PLM_002_20230325T134123_000764.tif"},"geometry":{"type":"Point","coordinates":[19.25250277796191,28.09897879434764]}},{"type":"Feature","properties":{"id":"CH4_PlumeComplex-765","date":"2023-03-25T13:41:35Z","scenes":"emit20230325t134135","peak":1641.0,"download":"https://data.lpdaac.earthdatacloud.nasa.gov/lp-prod-protected/EMITL2BCH4PLM.002/EMIT_L2B_CH4PLM_002_20230325T134135_000765/EMIT_L2B_CH4PLM_002_20230325T134135_000765.tif"},"geometry":{"type":"Point","coordinates":[19.915110917715193,28.205798600838147]}},{"type":"Feature","properties":{"id":"CH4_PlumeComplex-766","date":"2023-03-25T13:41:47Z","scenes":"emit20230325t134147","peak":1963.0,"download":"https://data.lpdaac.earthdatacloud.nasa.gov/lp-prod-protected/EMITL2BCH4PLM.002/EMIT_L2B_CH4PLM_002_20230325T134147_000766/EMIT_L2B_CH4PLM_002_20230325T134147_000766.tif"},"geometry":{"type":"Point","coordinates":[19.851127480324944,28.708990379636056]}},{"type":"Feature","properties":{"id":"CH4_PlumeComplex-767","date":"2023-03-25T12:11:18Z","scenes":"emit20230325t121118","peak":3070.0,"download":"https://data.lpdaac.earthdatacloud.nasa.gov/lp-prod-protected/EMITL2BCH4PLM.002/EMIT_L2B_CH4PLM_002_20230325T121118_000767/EMIT_L2B_CH4PLM_002_20230325T121118_000767.tif"},"geometry":{"type":"Point","coordinates":[51.33043644380835,35.462496419429065]}},{"type":"Feature","properties":{"id":"CH4_PlumeComplex-768","date":"2023-03-25T12:11:18Z","scenes":"emit20230325t121118","peak":2284.0,"download":"https://data.lpdaac.earthdatacloud.nasa.gov/lp-prod-protected/EMITL2BCH4PLM.002/EMIT_L2B_CH4PLM_002_20230325T121118_000768/EMIT_L2B_CH4PLM_002_20230325T121118_000768.tif"},"geometry":{"type":"Point","coordinates":[51.296818027552455,35.48472795275957]}},{"type":"Feature","properties":{"id":"CH4_PlumeComplex-769","date":"2023-03-26T11:25:21Z","scenes":"emit20230326t112521","peak":2117.0,"download":"https://data.lpdaac.earthdatacloud.nasa.gov/lp-prod-protected/EMITL2BCH4PLM.002/EMIT_L2B_CH4PLM_002_20230326T112521_000769/EMIT_L2B_CH4PLM_002_20230326T112521_000769.tif"},"geometry":{"type":"Point","coordinates":[61.023927208431374,37.47960139478282]}},{"type":"Feature","properties":{"id":"CH4_PlumeComplex-77","date":"2023-06-28T05:29:39Z","scenes":"emit20230628t052939","peak":1807.0,"download":"https://data.lpdaac.earthdatacloud.nasa.gov/lp-prod-protected/EMITL2BCH4PLM.002/EMIT_L2B_CH4PLM_002_20230628T052939_000077/EMIT_L2B_CH4PLM_002_20230628T052939_000077.tif"},"geometry":{"type":"Point","coordinates":[59.98988979230253,36.23517776079446]}},{"type":"Feature","properties":{"id":"CH4_PlumeComplex-771","date":"2023-03-26T08:19:55Z","scenes":"emit20230326t081955","peak":3007.0,"download":"https://data.lpdaac.earthdatacloud.nasa.gov/lp-prod-protected/EMITL2BCH4PLM.002/EMIT_L2B_CH4PLM_002_20230326T081955_000771/EMIT_L2B_CH4PLM_002_20230326T081955_000771.tif"},"geometry":{"type":"Point","coordinates":[109.4843320087839,39.09057421246443]}},{"type":"Feature","properties":{"id":"CH4_PlumeComplex-772","date":"2023-03-27T07:33:31Z","scenes":"emit20230327t073331","peak":3113.0,"download":"https://data.lpdaac.earthdatacloud.nasa.gov/lp-prod-protected/EMITL2BCH4PLM.002/EMIT_L2B_CH4PLM_002_20230327T073331_000772/EMIT_L2B_CH4PLM_002_20230327T073331_000772.tif"},"geometry":{"type":"Point","coordinates":[117.74741338496996,40.54538406431225]}},{"type":"Feature","properties":{"id":"CH4_PlumeComplex-775","date":"2023-03-30T12:53:02Z","scenes":"emit20230330t125302","peak":1519.0,"download":"https://data.lpdaac.earthdatacloud.nasa.gov/lp-prod-protected/EMITL2BCH4PLM.002/EMIT_L2B_CH4PLM_002_20230330T125302_000775/EMIT_L2B_CH4PLM_002_20230330T125302_000775.tif"},"geometry":{"type":"Point","coordinates":[5.944490033309886,31.765555096321254]}},{"type":"Feature","properties":{"id":"CH4_PlumeComplex-776","date":"2023-03-30T12:53:02Z","scenes":"emit20230330t125302","peak":3010.0,"download":"https://data.lpdaac.earthdatacloud.nasa.gov/lp-prod-protected/EMITL2BCH4PLM.002/EMIT_L2B_CH4PLM_002_20230330T125302_000776/EMIT_L2B_CH4PLM_002_20230330T125302_000776.tif"},"geometry":{"type":"Point","coordinates":[5.996544355254497,31.77694197924664]}},{"type":"Feature","properties":{"id":"CH4_PlumeComplex-777","date":"2023-03-30T12:53:02Z","scenes":"emit20230330t125302","peak":853.0,"download":"https://data.lpdaac.earthdatacloud.nasa.gov/lp-prod-protected/EMITL2BCH4PLM.002/EMIT_L2B_CH4PLM_002_20230330T125302_000777/EMIT_L2B_CH4PLM_002_20230330T125302_000777.tif"},"geometry":{"type":"Point","coordinates":[5.967263799160652,31.696149333728442]}},{"type":"Feature","properties":{"id":"CH4_PlumeComplex-778","date":"2023-03-30T12:52:50Z","scenes":"emit20230330t125250","peak":1449.0,"download":"https://data.lpdaac.earthdatacloud.nasa.gov/lp-prod-protected/EMITL2BCH4PLM.002/EMIT_L2B_CH4PLM_002_20230330T125250_000778/EMIT_L2B_CH4PLM_002_20230330T125250_000778.tif"},"geometry":{"type":"Point","coordinates":[5.9244274300604,31.59366738739999]}},{"type":"Feature","properties":{"id":"CH4_PlumeComplex-779","date":"2023-03-30T12:53:02Z","scenes":"emit20230330t125302","peak":968.0,"download":"https://data.lpdaac.earthdatacloud.nasa.gov/lp-prod-protected/EMITL2BCH4PLM.002/EMIT_L2B_CH4PLM_002_20230330T125302_000779/EMIT_L2B_CH4PLM_002_20230330T125302_000779.tif"},"geometry":{"type":"Point","coordinates":[6.215064060917813,31.7823643044492]}},{"type":"Feature","properties":{"id":"CH4_PlumeComplex-78","date":"2023-06-28T05:32:36Z","scenes":"emit20230628t053236","peak":5646.0,"download":"https://data.lpdaac.earthdatacloud.nasa.gov/lp-prod-protected/EMITL2BCH4PLM.002/EMIT_L2B_CH4PLM_002_20230628T053236_000078/EMIT_L2B_CH4PLM_002_20230628T053236_000078.tif"},"geometry":{"type":"Point","coordinates":[69.35912550981229,28.141815163447927]}},{"type":"Feature","properties":{"id":"CH4_PlumeComplex-780","date":"2023-03-30T09:49:34Z","scenes":"emit20230330t094934","peak":4948.0,"download":"https://data.lpdaac.earthdatacloud.nasa.gov/lp-prod-protected/EMITL2BCH4PLM.002/EMIT_L2B_CH4PLM_002_20230330T094934_000780/EMIT_L2B_CH4PLM_002_20230330T094934_000780.tif"},"geometry":{"type":"Point","coordinates":[61.02609613851246,37.476890232181475]}},{"type":"Feature","properties":{"id":"CH4_PlumeComplex-781","date":"2023-03-30T09:50:33Z","scenes":"emit20230330t095033","peak":3205.0,"download":"https://data.lpdaac.earthdatacloud.nasa.gov/lp-prod-protected/EMITL2BCH4PLM.002/EMIT_L2B_CH4PLM_002_20230330T095033_000781/EMIT_L2B_CH4PLM_002_20230330T095033_000781.tif"},"geometry":{"type":"Point","coordinates":[64.58368370391447,39.59593492134336]}},{"type":"Feature","properties":{"id":"CH4_PlumeComplex-782","date":"2023-03-30T09:50:45Z","scenes":"emit20230330t095045","peak":4527.0,"download":"https://data.lpdaac.earthdatacloud.nasa.gov/lp-prod-protected/EMITL2BCH4PLM.002/EMIT_L2B_CH4PLM_002_20230330T095045_000782/EMIT_L2B_CH4PLM_002_20230330T095045_000782.tif"},"geometry":{"type":"Point","coordinates":[65.1264584566911,40.08448642209434]}},{"type":"Feature","properties":{"id":"CH4_PlumeComplex-784","date":"2023-03-31T07:23:49Z","scenes":"emit20230331t072349","peak":3269.0,"download":"https://data.lpdaac.earthdatacloud.nasa.gov/lp-prod-protected/EMITL2BCH4PLM.002/EMIT_L2B_CH4PLM_002_20230331T072349_000784/EMIT_L2B_CH4PLM_002_20230331T072349_000784.tif"},"geometry":{"type":"Point","coordinates":[72.81043550124409,21.112855003364594]}},{"type":"Feature","properties":{"id":"CH4_PlumeComplex-785","date":"2023-04-03T11:18:49Z","scenes":"emit20230403t111849","peak":3256.0,"download":"https://data.lpdaac.earthdatacloud.nasa.gov/lp-prod-protected/EMITL2BCH4PLM.002/EMIT_L2B_CH4PLM_002_20230403T111849_000785/EMIT_L2B_CH4PLM_002_20230403T111849_000785.tif"},"geometry":{"type":"Point","coordinates":[5.996544355254504,31.777484211766883]}},{"type":"Feature","properties":{"id":"CH4_PlumeComplex-786","date":"2023-04-03T11:18:37Z","scenes":"emit20230403t111837","peak":1342.0,"download":"https://data.lpdaac.earthdatacloud.nasa.gov/lp-prod-protected/EMITL2BCH4PLM.002/EMIT_L2B_CH4PLM_002_20230403T111837_000786/EMIT_L2B_CH4PLM_002_20230403T111837_000786.tif"},"geometry":{"type":"Point","coordinates":[5.969432729241686,31.697776031289195]}},{"type":"Feature","properties":{"id":"CH4_PlumeComplex-787","date":"2023-04-03T11:18:37Z","scenes":"emit20230403t111837","peak":1491.0,"download":"https://data.lpdaac.earthdatacloud.nasa.gov/lp-prod-protected/EMITL2BCH4PLM.002/EMIT_L2B_CH4PLM_002_20230403T111837_000787/EMIT_L2B_CH4PLM_002_20230403T111837_000787.tif"},"geometry":{"type":"Point","coordinates":[5.926596360141432,31.59475185244049]}},{"type":"Feature","properties":{"id":"CH4_PlumeComplex-788","date":"2023-04-03T11:18:37Z","scenes":"emit20230403t111837","peak":1372.0,"download":"https://data.lpdaac.earthdatacloud.nasa.gov/lp-prod-protected/EMITL2BCH4PLM.002/EMIT_L2B_CH4PLM_002_20230403T111837_000788/EMIT_L2B_CH4PLM_002_20230403T111837_000788.tif"},"geometry":{"type":"Point","coordinates":[5.851226039825797,31.489558743510752]}},{"type":"Feature","properties":{"id":"CH4_PlumeComplex-790","date":"2023-04-03T09:45:39Z","scenes":"emit20230403t094539","peak":1542.0,"download":"https://data.lpdaac.earthdatacloud.nasa.gov/lp-prod-protected/EMITL2BCH4PLM.002/EMIT_L2B_CH4PLM_002_20230403T094539_000790/EMIT_L2B_CH4PLM_002_20230403T094539_000790.tif"},"geometry":{"type":"Point","coordinates":[29.409602347404178,30.753206981002574]}},{"type":"Feature","properties":{"id":"CH4_PlumeComplex-791","date":"2023-04-03T08:10:31Z","scenes":"emit20230403t081031","peak":2864.0,"download":"https://data.lpdaac.earthdatacloud.nasa.gov/lp-prod-protected/EMITL2BCH4PLM.002/EMIT_L2B_CH4PLM_002_20230403T081031_000791/EMIT_L2B_CH4PLM_002_20230403T081031_000791.tif"},"geometry":{"type":"Point","coordinates":[46.899312288273286,24.612423689099238]}},{"type":"Feature","properties":{"id":"CH4_PlumeComplex-792","date":"2023-04-03T08:12:19Z","scenes":"emit20230403t081219","peak":13466.0,"download":"https://data.lpdaac.earthdatacloud.nasa.gov/lp-prod-protected/EMITL2BCH4PLM.002/EMIT_L2B_CH4PLM_002_20230403T081219_000792/EMIT_L2B_CH4PLM_002_20230403T081219_000792.tif"},"geometry":{"type":"Point","coordinates":[51.54732945191085,30.06294498271626]}},{"type":"Feature","properties":{"id":"CH4_PlumeComplex-793","date":"2023-04-03T08:12:19Z","scenes":"emit20230403t081219","peak":2420.0,"download":"https://data.lpdaac.earthdatacloud.nasa.gov/lp-prod-protected/EMITL2BCH4PLM.002/EMIT_L2B_CH4PLM_002_20230403T081219_000793/EMIT_L2B_CH4PLM_002_20230403T081219_000793.tif"},"geometry":{"type":"Point","coordinates":[51.5641386600388,30.003299405488058]}},{"type":"Feature","properties":{"id":"CH4_PlumeComplex-794","date":"2023-04-03T08:14:57Z","scenes":"emit20230403t081457","peak":1944.0,"download":"https://data.lpdaac.earthdatacloud.nasa.gov/lp-prod-protected/EMITL2BCH4PLM.002/EMIT_L2B_CH4PLM_002_20230403T081457_000794/EMIT_L2B_CH4PLM_002_20230403T081457_000794.tif"},"geometry":{"type":"Point","coordinates":[59.98663639718096,36.24114231851721]}},{"type":"Feature","properties":{"id":"CH4_PlumeComplex-795","date":"2023-04-04T08:58:44Z","scenes":"emit20230404t085844","peak":1290.0,"download":"https://data.lpdaac.earthdatacloud.nasa.gov/lp-prod-protected/EMITL2BCH4PLM.002/EMIT_L2B_CH4PLM_002_20230404T085844_000795/EMIT_L2B_CH4PLM_002_20230404T085844_000795.tif"},"geometry":{"type":"Point","coordinates":[35.195223338539556,31.13276974518204]}},{"type":"Feature","properties":{"id":"CH4_PlumeComplex-796","date":"2023-04-04T08:59:08Z","scenes":"emit20230404t085908","peak":2221.0,"download":"https://data.lpdaac.earthdatacloud.nasa.gov/lp-prod-protected/EMITL2BCH4PLM.002/EMIT_L2B_CH4PLM_002_20230404T085908_000796/EMIT_L2B_CH4PLM_002_20230404T085908_000796.tif"},"geometry":{"type":"Point","coordinates":[36.18208652540615,31.938527270283004]}},{"type":"Feature","properties":{"id":"CH4_PlumeComplex-797","date":"2023-04-04T09:00:31Z","scenes":"emit20230404t090031","peak":876.0,"download":"https://data.lpdaac.earthdatacloud.nasa.gov/lp-prod-protected/EMITL2BCH4PLM.002/EMIT_L2B_CH4PLM_002_20230404T090031_000797/EMIT_L2B_CH4PLM_002_20230404T090031_000797.tif"},"geometry":{"type":"Point","coordinates":[40.640322306954,35.23909662108351]}},{"type":"Feature","properties":{"id":"CH4_PlumeComplex-798","date":"2023-04-04T09:00:19Z","scenes":"emit20230404t090019","peak":2254.0,"download":"https://data.lpdaac.earthdatacloud.nasa.gov/lp-prod-protected/EMITL2BCH4PLM.002/EMIT_L2B_CH4PLM_002_20230404T090019_000798/EMIT_L2B_CH4PLM_002_20230404T090019_000798.tif"},"geometry":{"type":"Point","coordinates":[40.43806957689837,35.3063334535953]}},{"type":"Feature","properties":{"id":"CH4_PlumeComplex-799","date":"2023-04-04T09:00:19Z","scenes":"emit20230404t090019","peak":2323.0,"download":"https://data.lpdaac.earthdatacloud.nasa.gov/lp-prod-protected/EMITL2BCH4PLM.002/EMIT_L2B_CH4PLM_002_20230404T090019_000799/EMIT_L2B_CH4PLM_002_20230404T090019_000799.tif"},"geometry":{"type":"Point","coordinates":[40.36974827934607,35.349712055215804]}},{"type":"Feature","properties":{"id":"CH4_PlumeComplex-8","date":"2023-06-20T08:44:14Z","scenes":"emit20230620t084414","peak":1716.0,"download":"https://data.lpdaac.earthdatacloud.nasa.gov/lp-prod-protected/EMITL2BCH4PLM.002/EMIT_L2B_CH4PLM_002_20230620T084414_000008/EMIT_L2B_CH4PLM_002_20230620T084414_000008.tif"},"geometry":{"type":"Point","coordinates":[53.60672856384453,39.43543409534752]}},{"type":"Feature","properties":{"id":"CH4_PlumeComplex-80","date":"2023-06-28T05:32:36Z","scenes":"emit20230628t053236, emit20230628t053248","peak":6817.0,"download":"https://data.lpdaac.earthdatacloud.nasa.gov/lp-prod-protected/EMITL2BCH4PLM.002/EMIT_L2B_CH4PLM_002_20230628T053236_000080/EMIT_L2B_CH4PLM_002_20230628T053236_000080.tif"},"geometry":{"type":"Point","coordinates":[69.81026296666559,27.96721629192537]}},{"type":"Feature","properties":{"id":"CH4_PlumeComplex-800","date":"2023-04-04T09:00:19Z","scenes":"emit20230404t090019, emit20230404t090031","peak":1923.0,"download":"https://data.lpdaac.earthdatacloud.nasa.gov/lp-prod-protected/EMITL2BCH4PLM.002/EMIT_L2B_CH4PLM_002_20230404T090019_000800/EMIT_L2B_CH4PLM_002_20230404T090019_000800.tif"},"geometry":{"type":"Point","coordinates":[40.43806957689837,35.38278823895144]}},{"type":"Feature","properties":{"id":"CH4_PlumeComplex-801","date":"2023-04-04T09:00:19Z","scenes":"emit20230404t090019","peak":2016.0,"download":"https://data.lpdaac.earthdatacloud.nasa.gov/lp-prod-protected/EMITL2BCH4PLM.002/EMIT_L2B_CH4PLM_002_20230404T090019_000801/EMIT_L2B_CH4PLM_002_20230404T090019_000801.tif"},"geometry":{"type":"Point","coordinates":[40.36703711674479,35.3833304714717]}},{"type":"Feature","properties":{"id":"CH4_PlumeComplex-802","date":"2023-04-04T09:00:42Z","scenes":"emit20230404t090042","peak":2424.0,"download":"https://data.lpdaac.earthdatacloud.nasa.gov/lp-prod-protected/EMITL2BCH4PLM.002/EMIT_L2B_CH4PLM_002_20230404T090042_000802/EMIT_L2B_CH4PLM_002_20230404T090042_000802.tif"},"geometry":{"type":"Point","coordinates":[41.08712190364525,36.13974483722933]}},{"type":"Feature","properties":{"id":"CH4_PlumeComplex-803","date":"2023-04-04T09:00:42Z","scenes":"emit20230404t090042","peak":2424.0,"download":"https://data.lpdaac.earthdatacloud.nasa.gov/lp-prod-protected/EMITL2BCH4PLM.002/EMIT_L2B_CH4PLM_002_20230404T090042_000803/EMIT_L2B_CH4PLM_002_20230404T090042_000803.tif"},"geometry":{"type":"Point","coordinates":[41.0876641361655,36.16197637055984]}},{"type":"Feature","properties":{"id":"CH4_PlumeComplex-804","date":"2023-04-05T06:35:43Z","scenes":"emit20230405t063543","peak":1116.0,"download":"https://data.lpdaac.earthdatacloud.nasa.gov/lp-prod-protected/EMITL2BCH4PLM.002/EMIT_L2B_CH4PLM_002_20230405T063543_000804/EMIT_L2B_CH4PLM_002_20230405T063543_000804.tif"},"geometry":{"type":"Point","coordinates":[55.98496039768895,21.876860624405797]}},{"type":"Feature","properties":{"id":"CH4_PlumeComplex-805","date":"2023-04-05T06:35:43Z","scenes":"emit20230405t063543","peak":799.0,"download":"https://data.lpdaac.earthdatacloud.nasa.gov/lp-prod-protected/EMITL2BCH4PLM.002/EMIT_L2B_CH4PLM_002_20230405T063543_000805/EMIT_L2B_CH4PLM_002_20230405T063543_000805.tif"},"geometry":{"type":"Point","coordinates":[55.967066724520485,21.888789739851436]}},{"type":"Feature","properties":{"id":"CH4_PlumeComplex-806","date":"2023-04-05T06:35:43Z","scenes":"emit20230405t063543","peak":1484.0,"download":"https://data.lpdaac.earthdatacloud.nasa.gov/lp-prod-protected/EMITL2BCH4PLM.002/EMIT_L2B_CH4PLM_002_20230405T063543_000806/EMIT_L2B_CH4PLM_002_20230405T063543_000806.tif"},"geometry":{"type":"Point","coordinates":[56.0364724871133,21.946266386998612]}},{"type":"Feature","properties":{"id":"CH4_PlumeComplex-807","date":"2023-04-05T06:35:43Z","scenes":"emit20230405t063543","peak":905.0,"download":"https://data.lpdaac.earthdatacloud.nasa.gov/lp-prod-protected/EMITL2BCH4PLM.002/EMIT_L2B_CH4PLM_002_20230405T063543_000807/EMIT_L2B_CH4PLM_002_20230405T063543_000807.tif"},"geometry":{"type":"Point","coordinates":[56.016409883863815,21.943012991877072]}},{"type":"Feature","properties":{"id":"CH4_PlumeComplex-808","date":"2023-04-05T08:12:46Z","scenes":"emit20230405t081246","peak":1643.0,"download":"https://data.lpdaac.earthdatacloud.nasa.gov/lp-prod-protected/EMITL2BCH4PLM.002/EMIT_L2B_CH4PLM_002_20230405T081246_000808/EMIT_L2B_CH4PLM_002_20230405T081246_000808.tif"},"geometry":{"type":"Point","coordinates":[44.12037062195937,33.800011512323096]}},{"type":"Feature","properties":{"id":"CH4_PlumeComplex-809","date":"2023-04-05T08:12:46Z","scenes":"emit20230405t081246","peak":1764.0,"download":"https://data.lpdaac.earthdatacloud.nasa.gov/lp-prod-protected/EMITL2BCH4PLM.002/EMIT_L2B_CH4PLM_002_20230405T081246_000809/EMIT_L2B_CH4PLM_002_20230405T081246_000809.tif"},"geometry":{"type":"Point","coordinates":[44.246710799179105,33.558718040809005]}},{"type":"Feature","properties":{"id":"CH4_PlumeComplex-81","date":"2023-06-28T05:33:24Z","scenes":"emit20230628t053324","peak":2866.0,"download":"https://data.lpdaac.earthdatacloud.nasa.gov/lp-prod-protected/EMITL2BCH4PLM.002/EMIT_L2B_CH4PLM_002_20230628T053324_000081/EMIT_L2B_CH4PLM_002_20230628T053324_000081.tif"},"geometry":{"type":"Point","coordinates":[71.5698074948975,25.908359412511945]}},{"type":"Feature","properties":{"id":"CH4_PlumeComplex-810","date":"2023-04-16T12:22:03Z","scenes":"emit20230416t122203","peak":3729.0,"download":"https://data.lpdaac.earthdatacloud.nasa.gov/lp-prod-protected/EMITL2BCH4PLM.002/EMIT_L2B_CH4PLM_002_20230416T122203_000810/EMIT_L2B_CH4PLM_002_20230416T122203_000810.tif"},"geometry":{"type":"Point","coordinates":[35.23209514991708,31.61589892073042]}},{"type":"Feature","properties":{"id":"CH4_PlumeComplex-811","date":"2023-04-17T09:58:36Z","scenes":"emit20230417t095836","peak":2308.0,"download":"https://data.lpdaac.earthdatacloud.nasa.gov/lp-prod-protected/EMITL2BCH4PLM.002/EMIT_L2B_CH4PLM_002_20230417T095836_000811/EMIT_L2B_CH4PLM_002_20230417T095836_000811.tif"},"geometry":{"type":"Point","coordinates":[53.57582131018989,39.51676897338593]}},{"type":"Feature","properties":{"id":"CH4_PlumeComplex-812","date":"2023-04-17T09:58:36Z","scenes":"emit20230417t095836","peak":6785.0,"download":"https://data.lpdaac.earthdatacloud.nasa.gov/lp-prod-protected/EMITL2BCH4PLM.002/EMIT_L2B_CH4PLM_002_20230417T095836_000812/EMIT_L2B_CH4PLM_002_20230417T095836_000812.tif"},"geometry":{"type":"Point","coordinates":[53.590461588236806,39.503755392899784]}},{"type":"Feature","properties":{"id":"CH4_PlumeComplex-813","date":"2023-04-17T09:58:36Z","scenes":"emit20230417t095836","peak":9606.0,"download":"https://data.lpdaac.earthdatacloud.nasa.gov/lp-prod-protected/EMITL2BCH4PLM.002/EMIT_L2B_CH4PLM_002_20230417T095836_000813/EMIT_L2B_CH4PLM_002_20230417T095836_000813.tif"},"geometry":{"type":"Point","coordinates":[53.775362877644234,39.46200348884004]}},{"type":"Feature","properties":{"id":"CH4_PlumeComplex-814","date":"2023-04-17T09:58:36Z","scenes":"emit20230417t095836","peak":4228.0,"download":"https://data.lpdaac.earthdatacloud.nasa.gov/lp-prod-protected/EMITL2BCH4PLM.002/EMIT_L2B_CH4PLM_002_20230417T095836_000814/EMIT_L2B_CH4PLM_002_20230417T095836_000814.tif"},"geometry":{"type":"Point","coordinates":[53.623537771972444,39.46254572136029]}},{"type":"Feature","properties":{"id":"CH4_PlumeComplex-815","date":"2023-04-17T09:58:36Z","scenes":"emit20230417t095836","peak":2853.0,"download":"https://data.lpdaac.earthdatacloud.nasa.gov/lp-prod-protected/EMITL2BCH4PLM.002/EMIT_L2B_CH4PLM_002_20230417T095836_000815/EMIT_L2B_CH4PLM_002_20230417T095836_000815.tif"},"geometry":{"type":"Point","coordinates":[53.8317550597509,39.37524628559902]}},{"type":"Feature","properties":{"id":"CH4_PlumeComplex-816","date":"2023-04-17T09:58:36Z","scenes":"emit20230417t095836","peak":3582.0,"download":"https://data.lpdaac.earthdatacloud.nasa.gov/lp-prod-protected/EMITL2BCH4PLM.002/EMIT_L2B_CH4PLM_002_20230417T095836_000816/EMIT_L2B_CH4PLM_002_20230417T095836_000816.tif"},"geometry":{"type":"Point","coordinates":[53.765060459759354,39.35952154251159]}},{"type":"Feature","properties":{"id":"CH4_PlumeComplex-817","date":"2023-04-17T09:58:48Z","scenes":"emit20230417t095848","peak":2017.0,"download":"https://data.lpdaac.earthdatacloud.nasa.gov/lp-prod-protected/EMITL2BCH4PLM.002/EMIT_L2B_CH4PLM_002_20230417T095848_000817/EMIT_L2B_CH4PLM_002_20230417T095848_000817.tif"},"geometry":{"type":"Point","coordinates":[54.0193675117596,39.33512107910005]}},{"type":"Feature","properties":{"id":"CH4_PlumeComplex-818","date":"2023-04-17T08:21:12Z","scenes":"emit20230417t082112","peak":2767.0,"download":"https://data.lpdaac.earthdatacloud.nasa.gov/lp-prod-protected/EMITL2BCH4PLM.002/EMIT_L2B_CH4PLM_002_20230417T082112_000818/EMIT_L2B_CH4PLM_002_20230417T082112_000818.tif"},"geometry":{"type":"Point","coordinates":[57.35897760401864,48.24345915439197]}},{"type":"Feature","properties":{"id":"CH4_PlumeComplex-822","date":"2023-04-18T06:06:02Z","scenes":"emit20230418t060602","peak":3631.0,"download":"https://data.lpdaac.earthdatacloud.nasa.gov/lp-prod-protected/EMITL2BCH4PLM.002/EMIT_L2B_CH4PLM_002_20230418T060602_000822/EMIT_L2B_CH4PLM_002_20230418T060602_000822.tif"},"geometry":{"type":"Point","coordinates":[108.44053440728956,39.11117904823422]}},{"type":"Feature","properties":{"id":"CH4_PlumeComplex-823","date":"2023-04-18T06:06:25Z","scenes":"emit20230418t060625","peak":2092.0,"download":"https://data.lpdaac.earthdatacloud.nasa.gov/lp-prod-protected/EMITL2BCH4PLM.002/EMIT_L2B_CH4PLM_002_20230418T060625_000823/EMIT_L2B_CH4PLM_002_20230418T060625_000823.tif"},"geometry":{"type":"Point","coordinates":[110.80521042812758,37.52786008908563]}},{"type":"Feature","properties":{"id":"CH4_PlumeComplex-824","date":"2023-04-18T06:06:25Z","scenes":"emit20230418t060625","peak":2719.0,"download":"https://data.lpdaac.earthdatacloud.nasa.gov/lp-prod-protected/EMITL2BCH4PLM.002/EMIT_L2B_CH4PLM_002_20230418T060625_000824/EMIT_L2B_CH4PLM_002_20230418T060625_000824.tif"},"geometry":{"type":"Point","coordinates":[110.84804679722782,37.43839172324333]}},{"type":"Feature","properties":{"id":"CH4_PlumeComplex-825","date":"2023-04-18T06:06:25Z","scenes":"emit20230418t060625","peak":1676.0,"download":"https://data.lpdaac.earthdatacloud.nasa.gov/lp-prod-protected/EMITL2BCH4PLM.002/EMIT_L2B_CH4PLM_002_20230418T060625_000825/EMIT_L2B_CH4PLM_002_20230418T060625_000825.tif"},"geometry":{"type":"Point","coordinates":[110.87298949315962,37.42971600291923]}},{"type":"Feature","properties":{"id":"CH4_PlumeComplex-826","date":"2023-04-18T06:06:25Z","scenes":"emit20230418t060625","peak":3753.0,"download":"https://data.lpdaac.earthdatacloud.nasa.gov/lp-prod-protected/EMITL2BCH4PLM.002/EMIT_L2B_CH4PLM_002_20230418T060625_000826/EMIT_L2B_CH4PLM_002_20230418T060625_000826.tif"},"geometry":{"type":"Point","coordinates":[110.85238465738988,37.483397022424604]}},{"type":"Feature","properties":{"id":"CH4_PlumeComplex-827","date":"2023-04-18T09:12:16Z","scenes":"emit20230418t091216","peak":3232.0,"download":"https://data.lpdaac.earthdatacloud.nasa.gov/lp-prod-protected/EMITL2BCH4PLM.002/EMIT_L2B_CH4PLM_002_20230418T091216_000827/EMIT_L2B_CH4PLM_002_20230418T091216_000827.tif"},"geometry":{"type":"Point","coordinates":[63.507894383725855,37.95513931504759]}},{"type":"Feature","properties":{"id":"CH4_PlumeComplex-828","date":"2023-04-18T09:11:52Z","scenes":"emit20230418t091152","peak":2070.0,"download":"https://data.lpdaac.earthdatacloud.nasa.gov/lp-prod-protected/EMITL2BCH4PLM.002/EMIT_L2B_CH4PLM_002_20230418T091152_000828/EMIT_L2B_CH4PLM_002_20230418T091152_000828.tif"},"geometry":{"type":"Point","coordinates":[61.656712559570614,38.41278356214396]}},{"type":"Feature","properties":{"id":"CH4_PlumeComplex-829","date":"2023-04-18T20:01:18Z","scenes":"emit20230418t200118","peak":2145.0,"download":"https://data.lpdaac.earthdatacloud.nasa.gov/lp-prod-protected/EMITL2BCH4PLM.002/EMIT_L2B_CH4PLM_002_20230418T200118_000829/EMIT_L2B_CH4PLM_002_20230418T200118_000829.tif"},"geometry":{"type":"Point","coordinates":[-104.75607460466932,39.85729099610696]}},{"type":"Feature","properties":{"id":"CH4_PlumeComplex-830","date":"2023-04-19T13:06:50Z","scenes":"emit20230419t130650","peak":2171.0,"download":"https://data.lpdaac.earthdatacloud.nasa.gov/lp-prod-protected/EMITL2BCH4PLM.002/EMIT_L2B_CH4PLM_002_20230419T130650_000830/EMIT_L2B_CH4PLM_002_20230419T130650_000830.tif"},"geometry":{"type":"Point","coordinates":[9.748793395428569,28.915038737333496]}},{"type":"Feature","properties":{"id":"CH4_PlumeComplex-831","date":"2023-04-19T13:06:50Z","scenes":"emit20230419t130650","peak":999.0,"download":"https://data.lpdaac.earthdatacloud.nasa.gov/lp-prod-protected/EMITL2BCH4PLM.002/EMIT_L2B_CH4PLM_002_20230419T130650_000831/EMIT_L2B_CH4PLM_002_20230419T130650_000831.tif"},"geometry":{"type":"Point","coordinates":[9.755300185671647,28.92534115521837]}},{"type":"Feature","properties":{"id":"CH4_PlumeComplex-832","date":"2023-04-19T08:23:52Z","scenes":"emit20230419t082352","peak":3878.0,"download":"https://data.lpdaac.earthdatacloud.nasa.gov/lp-prod-protected/EMITL2BCH4PLM.002/EMIT_L2B_CH4PLM_002_20230419T082352_000832/EMIT_L2B_CH4PLM_002_20230419T082352_000832.tif"},"geometry":{"type":"Point","coordinates":[65.90401989073868,39.91530987577437]}},{"type":"Feature","properties":{"id":"CH4_PlumeComplex-833","date":"2023-04-20T10:45:34Z","scenes":"emit20230420t104534","peak":1484.0,"download":"https://data.lpdaac.earthdatacloud.nasa.gov/lp-prod-protected/EMITL2BCH4PLM.002/EMIT_L2B_CH4PLM_002_20230420T104534_000833/EMIT_L2B_CH4PLM_002_20230420T104534_000833.tif"},"geometry":{"type":"Point","coordinates":[36.22329619694573,31.928767084918363]}},{"type":"Feature","properties":{"id":"CH4_PlumeComplex-834","date":"2023-04-21T10:00:17Z","scenes":"emit20230421t100017","peak":3487.0,"download":"https://data.lpdaac.earthdatacloud.nasa.gov/lp-prod-protected/EMITL2BCH4PLM.002/EMIT_L2B_CH4PLM_002_20230421T100017_000834/EMIT_L2B_CH4PLM_002_20230421T100017_000834.tif"},"geometry":{"type":"Point","coordinates":[48.889305637614115,25.60308250360756]}},{"type":"Feature","properties":{"id":"CH4_PlumeComplex-835","date":"2023-04-21T08:23:29Z","scenes":"emit20230421t082329","peak":1352.0,"download":"https://data.lpdaac.earthdatacloud.nasa.gov/lp-prod-protected/EMITL2BCH4PLM.002/EMIT_L2B_CH4PLM_002_20230421T082329_000835/EMIT_L2B_CH4PLM_002_20230421T082329_000835.tif"},"geometry":{"type":"Point","coordinates":[59.95301798092506,36.24981803884134]}},{"type":"Feature","properties":{"id":"CH4_PlumeComplex-836","date":"2023-04-21T08:26:38Z","scenes":"emit20230421t082638","peak":7542.0,"download":"https://data.lpdaac.earthdatacloud.nasa.gov/lp-prod-protected/EMITL2BCH4PLM.002/EMIT_L2B_CH4PLM_002_20230421T082638_000836/EMIT_L2B_CH4PLM_002_20230421T082638_000836.tif"},"geometry":{"type":"Point","coordinates":[69.81188966422633,27.96721629192534]}},{"type":"Feature","properties":{"id":"CH4_PlumeComplex-837","date":"2023-04-20T06:01:48Z","scenes":"emit20230420t060148","peak":3075.0,"download":"https://data.lpdaac.earthdatacloud.nasa.gov/lp-prod-protected/EMITL2BCH4PLM.002/EMIT_L2B_CH4PLM_002_20230420T060148_000837/EMIT_L2B_CH4PLM_002_20230420T060148_000837.tif"},"geometry":{"type":"Point","coordinates":[87.85738793835824,44.03193916956072]}},{"type":"Feature","properties":{"id":"CH4_PlumeComplex-838","date":"2023-04-23T10:01:36Z","scenes":"emit20230423t100136","peak":5278.0,"download":"https://data.lpdaac.earthdatacloud.nasa.gov/lp-prod-protected/EMITL2BCH4PLM.002/EMIT_L2B_CH4PLM_002_20230423T100136_000838/EMIT_L2B_CH4PLM_002_20230423T100136_000838.tif"},"geometry":{"type":"Point","coordinates":[45.79858027215287,15.563647391061005]}},{"type":"Feature","properties":{"id":"CH4_PlumeComplex-839","date":"2023-04-22T09:10:58Z","scenes":"emit20230422t091058","peak":4604.0,"download":"https://data.lpdaac.earthdatacloud.nasa.gov/lp-prod-protected/EMITL2BCH4PLM.002/EMIT_L2B_CH4PLM_002_20230422T091058_000839/EMIT_L2B_CH4PLM_002_20230422T091058_000839.tif"},"geometry":{"type":"Point","coordinates":[49.36972365056135,31.136565372823803]}},{"type":"Feature","properties":{"id":"CH4_PlumeComplex-840","date":"2023-04-22T09:11:10Z","scenes":"emit20230422t091110","peak":2098.0,"download":"https://data.lpdaac.earthdatacloud.nasa.gov/lp-prod-protected/EMITL2BCH4PLM.002/EMIT_L2B_CH4PLM_002_20230422T091110_000840/EMIT_L2B_CH4PLM_002_20230422T091110_000840.tif"},"geometry":{"type":"Point","coordinates":[49.83279022286028,30.7152507045846]}},{"type":"Feature","properties":{"id":"CH4_PlumeComplex-841","date":"2023-04-23T08:22:23Z","scenes":"emit20230423t082223","peak":4229.0,"download":"https://data.lpdaac.earthdatacloud.nasa.gov/lp-prod-protected/EMITL2BCH4PLM.002/EMIT_L2B_CH4PLM_002_20230423T082223_000841/EMIT_L2B_CH4PLM_002_20230423T082223_000841.tif"},"geometry":{"type":"Point","coordinates":[51.70728804538647,33.8596570895513]}},{"type":"Feature","properties":{"id":"CH4_PlumeComplex-842","date":"2023-04-22T07:34:37Z","scenes":"emit20230422t073437","peak":2070.0,"download":"https://data.lpdaac.earthdatacloud.nasa.gov/lp-prod-protected/EMITL2BCH4PLM.002/EMIT_L2B_CH4PLM_002_20230422T073437_000842/EMIT_L2B_CH4PLM_002_20230422T073437_000842.tif"},"geometry":{"type":"Point","coordinates":[61.043447579160635,40.05086800583852]}},{"type":"Feature","properties":{"id":"CH4_PlumeComplex-843","date":"2023-04-23T06:44:21Z","scenes":"emit20230423t064421","peak":5118.0,"download":"https://data.lpdaac.earthdatacloud.nasa.gov/lp-prod-protected/EMITL2BCH4PLM.002/EMIT_L2B_CH4PLM_002_20230423T064421_000843/EMIT_L2B_CH4PLM_002_20230423T064421_000843.tif"},"geometry":{"type":"Point","coordinates":[55.19275868559448,45.34088847345963]}},{"type":"Feature","properties":{"id":"CH4_PlumeComplex-844","date":"2023-04-23T05:15:16Z","scenes":"emit20230423t051516","peak":3192.0,"download":"https://data.lpdaac.earthdatacloud.nasa.gov/lp-prod-protected/EMITL2BCH4PLM.002/EMIT_L2B_CH4PLM_002_20230423T051516_000844/EMIT_L2B_CH4PLM_002_20230423T051516_000844.tif"},"geometry":{"type":"Point","coordinates":[94.4726246854859,37.40097767934562]}},{"type":"Feature","properties":{"id":"CH4_PlumeComplex-846","date":"2023-04-23T05:15:16Z","scenes":"emit20230423t051516","peak":1173.0,"download":"https://data.lpdaac.earthdatacloud.nasa.gov/lp-prod-protected/EMITL2BCH4PLM.002/EMIT_L2B_CH4PLM_002_20230423T051516_000846/EMIT_L2B_CH4PLM_002_20230423T051516_000846.tif"},"geometry":{"type":"Point","coordinates":[94.26711856030873,37.30825591838178]}},{"type":"Feature","properties":{"id":"CH4_PlumeComplex-847","date":"2023-04-23T05:15:16Z","scenes":"emit20230423t051516","peak":998.0,"download":"https://data.lpdaac.earthdatacloud.nasa.gov/lp-prod-protected/EMITL2BCH4PLM.002/EMIT_L2B_CH4PLM_002_20230423T051516_000847/EMIT_L2B_CH4PLM_002_20230423T051516_000847.tif"},"geometry":{"type":"Point","coordinates":[94.15108080097387,37.36410586796819]}},{"type":"Feature","properties":{"id":"CH4_PlumeComplex-848","date":"2023-03-31T19:49:37Z","scenes":"emit20230331t194937","peak":2325.0,"download":"https://data.lpdaac.earthdatacloud.nasa.gov/lp-prod-protected/EMITL2BCH4PLM.002/EMIT_L2B_CH4PLM_002_20230331T194937_000848/EMIT_L2B_CH4PLM_002_20230331T194937_000848.tif"},"geometry":{"type":"Point","coordinates":[-108.52296392289011,28.984986732446572]}},{"type":"Feature","properties":{"id":"CH4_PlumeComplex-849","date":"2023-03-18T04:52:50Z","scenes":"emit20230318t045250","peak":1209.0,"download":"https://data.lpdaac.earthdatacloud.nasa.gov/lp-prod-protected/EMITL2BCH4PLM.002/EMIT_L2B_CH4PLM_002_20230318T045250_000849/EMIT_L2B_CH4PLM_002_20230318T045250_000849.tif"},"geometry":{"type":"Point","coordinates":[141.42453861448502,-32.0226785866378]}},{"type":"Feature","properties":{"id":"CH4_PlumeComplex-850","date":"2023-04-21T19:14:23Z","scenes":"emit20230421t191423","peak":1118.0,"download":"https://data.lpdaac.earthdatacloud.nasa.gov/lp-prod-protected/EMITL2BCH4PLM.002/EMIT_L2B_CH4PLM_002_20230421T191423_000850/EMIT_L2B_CH4PLM_002_20230421T191423_000850.tif"},"geometry":{"type":"Point","coordinates":[-101.92616308145145,33.81085616272821]}},{"type":"Feature","properties":{"id":"CH4_PlumeComplex-851","date":"2023-04-16T21:37:35Z","scenes":"emit20230416t213735","peak":2827.0,"download":"https://data.lpdaac.earthdatacloud.nasa.gov/lp-prod-protected/EMITL2BCH4PLM.002/EMIT_L2B_CH4PLM_002_20230416T213735_000851/EMIT_L2B_CH4PLM_002_20230416T213735_000851.tif"},"geometry":{"type":"Point","coordinates":[-111.09368830142596,35.303622290994]}},{"type":"Feature","properties":{"id":"CH4_PlumeComplex-852","date":"2023-04-23T19:12:32Z","scenes":"emit20230423t191232","peak":3477.0,"download":"https://data.lpdaac.earthdatacloud.nasa.gov/lp-prod-protected/EMITL2BCH4PLM.002/EMIT_L2B_CH4PLM_002_20230423T191232_000852/EMIT_L2B_CH4PLM_002_20230423T191232_000852.tif"},"geometry":{"type":"Point","coordinates":[-112.28768431102988,33.0793844929024]}},{"type":"Feature","properties":{"id":"CH4_PlumeComplex-853","date":"2023-04-23T11:26:19Z","scenes":"emit20230423t112619","peak":1967.0,"download":"https://data.lpdaac.earthdatacloud.nasa.gov/lp-prod-protected/EMITL2BCH4PLM.002/EMIT_L2B_CH4PLM_002_20230423T112619_000853/EMIT_L2B_CH4PLM_002_20230423T112619_000853.tif"},"geometry":{"type":"Point","coordinates":[-1.2867228568290077,37.98008201097942]}},{"type":"Feature","properties":{"id":"CH4_PlumeComplex-854","date":"2023-04-23T11:29:08Z","scenes":"emit20230423t112908","peak":1621.0,"download":"https://data.lpdaac.earthdatacloud.nasa.gov/lp-prod-protected/EMITL2BCH4PLM.002/EMIT_L2B_CH4PLM_002_20230423T112908_000854/EMIT_L2B_CH4PLM_002_20230423T112908_000854.tif"},"geometry":{"type":"Point","coordinates":[7.964306171264864,31.013478590725608]}},{"type":"Feature","properties":{"id":"CH4_PlumeComplex-855","date":"2023-04-24T09:08:18Z","scenes":"emit20230424t090818","peak":1680.0,"download":"https://data.lpdaac.earthdatacloud.nasa.gov/lp-prod-protected/EMITL2BCH4PLM.002/EMIT_L2B_CH4PLM_002_20230424T090818_000855/EMIT_L2B_CH4PLM_002_20230424T090818_000855.tif"},"geometry":{"type":"Point","coordinates":[36.20160689613548,31.912500109310677]}},{"type":"Feature","properties":{"id":"CH4_PlumeComplex-856","date":"2023-04-24T04:24:32Z","scenes":"emit20230424t042432, emit20230424t042444","peak":2929.0,"download":"https://data.lpdaac.earthdatacloud.nasa.gov/lp-prod-protected/EMITL2BCH4PLM.002/EMIT_L2B_CH4PLM_002_20230424T042432_000856/EMIT_L2B_CH4PLM_002_20230424T042432_000856.tif"},"geometry":{"type":"Point","coordinates":[87.86335249608103,44.03085470452024]}},{"type":"Feature","properties":{"id":"CH4_PlumeComplex-857","date":"2023-04-24T06:08:59Z","scenes":"emit20230424t060859","peak":2656.0,"download":"https://data.lpdaac.earthdatacloud.nasa.gov/lp-prod-protected/EMITL2BCH4PLM.002/EMIT_L2B_CH4PLM_002_20230424T060859_000857/EMIT_L2B_CH4PLM_002_20230424T060859_000857.tif"},"geometry":{"type":"Point","coordinates":[99.96272895308161,14.055698752228011]}},{"type":"Feature","properties":{"id":"CH4_PlumeComplex-858","date":"2023-04-24T16:49:49Z","scenes":"emit20230424t164949","peak":4117.0,"download":"https://data.lpdaac.earthdatacloud.nasa.gov/lp-prod-protected/EMITL2BCH4PLM.002/EMIT_L2B_CH4PLM_002_20230424T164949_000858/EMIT_L2B_CH4PLM_002_20230424T164949_000858.tif"},"geometry":{"type":"Point","coordinates":[-90.01873693662141,38.82704920761984]}},{"type":"Feature","properties":{"id":"CH4_PlumeComplex-859","date":"2023-04-25T08:19:23Z","scenes":"emit20230425t081923, emit20230425t081935","peak":1639.0,"download":"https://data.lpdaac.earthdatacloud.nasa.gov/lp-prod-protected/EMITL2BCH4PLM.002/EMIT_L2B_CH4PLM_002_20230425T081923_000859/EMIT_L2B_CH4PLM_002_20230425T081923_000859.tif"},"geometry":{"type":"Point","coordinates":[38.39602190561296,35.13281904711321]}},{"type":"Feature","properties":{"id":"CH4_PlumeComplex-860","date":"2023-04-25T05:12:16Z","scenes":"emit20230425t051216","peak":1253.0,"download":"https://data.lpdaac.earthdatacloud.nasa.gov/lp-prod-protected/EMITL2BCH4PLM.002/EMIT_L2B_CH4PLM_002_20230425T051216_000860/EMIT_L2B_CH4PLM_002_20230425T051216_000860.tif"},"geometry":{"type":"Point","coordinates":[80.08068913284139,38.7749948856753]}},{"type":"Feature","properties":{"id":"CH4_PlumeComplex-861","date":"2023-04-25T03:40:28Z","scenes":"emit20230425t034028","peak":2220.0,"download":"https://data.lpdaac.earthdatacloud.nasa.gov/lp-prod-protected/EMITL2BCH4PLM.002/EMIT_L2B_CH4PLM_002_20230425T034028_000861/EMIT_L2B_CH4PLM_002_20230425T034028_000861.tif"},"geometry":{"type":"Point","coordinates":[107.73020980575377,36.39947421443213]}},{"type":"Feature","properties":{"id":"CH4_PlumeComplex-862","date":"2023-04-25T03:40:40Z","scenes":"emit20230425t034040","peak":4437.0,"download":"https://data.lpdaac.earthdatacloud.nasa.gov/lp-prod-protected/EMITL2BCH4PLM.002/EMIT_L2B_CH4PLM_002_20230425T034040_000862/EMIT_L2B_CH4PLM_002_20230425T034040_000862.tif"},"geometry":{"type":"Point","coordinates":[107.65538171795839,36.08443712016319]}},{"type":"Feature","properties":{"id":"CH4_PlumeComplex-863","date":"2023-04-25T03:40:40Z","scenes":"emit20230425t034040","peak":4484.0,"download":"https://data.lpdaac.earthdatacloud.nasa.gov/lp-prod-protected/EMITL2BCH4PLM.002/EMIT_L2B_CH4PLM_002_20230425T034040_000863/EMIT_L2B_CH4PLM_002_20230425T034040_000863.tif"},"geometry":{"type":"Point","coordinates":[107.76382822200968,36.176074416086514]}},{"type":"Feature","properties":{"id":"CH4_PlumeComplex-864","date":"2023-04-25T03:40:40Z","scenes":"emit20230425t034040","peak":2741.0,"download":"https://data.lpdaac.earthdatacloud.nasa.gov/lp-prod-protected/EMITL2BCH4PLM.002/EMIT_L2B_CH4PLM_002_20230425T034040_000864/EMIT_L2B_CH4PLM_002_20230425T034040_000864.tif"},"geometry":{"type":"Point","coordinates":[108.01921973905041,36.15058948763446]}},{"type":"Feature","properties":{"id":"CH4_PlumeComplex-865","date":"2023-04-25T03:40:40Z","scenes":"emit20230425t034040","peak":3902.0,"download":"https://data.lpdaac.earthdatacloud.nasa.gov/lp-prod-protected/EMITL2BCH4PLM.002/EMIT_L2B_CH4PLM_002_20230425T034040_000865/EMIT_L2B_CH4PLM_002_20230425T034040_000865.tif"},"geometry":{"type":"Point","coordinates":[108.03928234229991,36.14408269739139]}},{"type":"Feature","properties":{"id":"CH4_PlumeComplex-866","date":"2023-04-25T03:40:40Z","scenes":"emit20230425t034040","peak":2006.0,"download":"https://data.lpdaac.earthdatacloud.nasa.gov/lp-prod-protected/EMITL2BCH4PLM.002/EMIT_L2B_CH4PLM_002_20230425T034040_000866/EMIT_L2B_CH4PLM_002_20230425T034040_000866.tif"},"geometry":{"type":"Point","coordinates":[107.84028300736583,36.29807673314419]}},{"type":"Feature","properties":{"id":"CH4_PlumeComplex-867","date":"2023-04-25T03:40:40Z","scenes":"emit20230425t034040","peak":1794.0,"download":"https://data.lpdaac.earthdatacloud.nasa.gov/lp-prod-protected/EMITL2BCH4PLM.002/EMIT_L2B_CH4PLM_002_20230425T034040_000867/EMIT_L2B_CH4PLM_002_20230425T034040_000867.tif"},"geometry":{"type":"Point","coordinates":[107.79419324314402,36.27909859493522]}},{"type":"Feature","properties":{"id":"CH4_PlumeComplex-868","date":"2023-04-26T18:22:39Z","scenes":"emit20230426t182239","peak":1560.0,"download":"https://data.lpdaac.earthdatacloud.nasa.gov/lp-prod-protected/EMITL2BCH4PLM.002/EMIT_L2B_CH4PLM_002_20230426T182239_000868/EMIT_L2B_CH4PLM_002_20230426T182239_000868.tif"},"geometry":{"type":"Point","coordinates":[-116.74158223241605,32.40105161006163]}},{"type":"Feature","properties":{"id":"CH4_PlumeComplex-869","date":"2023-04-26T18:22:39Z","scenes":"emit20230426t182239","peak":1396.0,"download":"https://data.lpdaac.earthdatacloud.nasa.gov/lp-prod-protected/EMITL2BCH4PLM.002/EMIT_L2B_CH4PLM_002_20230426T182239_000869/EMIT_L2B_CH4PLM_002_20230426T182239_000869.tif"},"geometry":{"type":"Point","coordinates":[-116.95305291531604,32.38044677429189]}},{"type":"Feature","properties":{"id":"CH4_PlumeComplex-870","date":"2023-04-26T07:31:30Z","scenes":"emit20230426t073130","peak":3511.0,"download":"https://data.lpdaac.earthdatacloud.nasa.gov/lp-prod-protected/EMITL2BCH4PLM.002/EMIT_L2B_CH4PLM_002_20230426T073130_000870/EMIT_L2B_CH4PLM_002_20230426T073130_000870.tif"},"geometry":{"type":"Point","coordinates":[43.88449947564783,36.18583460145114]}},{"type":"Feature","properties":{"id":"CH4_PlumeComplex-871","date":"2023-04-27T06:44:04Z","scenes":"emit20230427t064404","peak":3394.0,"download":"https://data.lpdaac.earthdatacloud.nasa.gov/lp-prod-protected/EMITL2BCH4PLM.002/EMIT_L2B_CH4PLM_002_20230427T064404_000871/EMIT_L2B_CH4PLM_002_20230427T064404_000871.tif"},"geometry":{"type":"Point","coordinates":[50.80338643411908,35.781329141339846]}},{"type":"Feature","properties":{"id":"CH4_PlumeComplex-872","date":"2023-04-27T06:44:16Z","scenes":"emit20230427t064416","peak":4300.0,"download":"https://data.lpdaac.earthdatacloud.nasa.gov/lp-prod-protected/EMITL2BCH4PLM.002/EMIT_L2B_CH4PLM_002_20230427T064416_000872/EMIT_L2B_CH4PLM_002_20230427T064416_000872.tif"},"geometry":{"type":"Point","coordinates":[51.32989421128802,35.45924302430756]}},{"type":"Feature","properties":{"id":"CH4_PlumeComplex-873","date":"2023-04-27T06:44:16Z","scenes":"emit20230427t064416","peak":1782.0,"download":"https://data.lpdaac.earthdatacloud.nasa.gov/lp-prod-protected/EMITL2BCH4PLM.002/EMIT_L2B_CH4PLM_002_20230427T064416_000873/EMIT_L2B_CH4PLM_002_20230427T064416_000873.tif"},"geometry":{"type":"Point","coordinates":[51.28651560966751,35.476052232435514]}},{"type":"Feature","properties":{"id":"CH4_PlumeComplex-874","date":"2023-04-26T05:56:51Z","scenes":"emit20230426t055651, emit20230426t055703","peak":5202.0,"download":"https://data.lpdaac.earthdatacloud.nasa.gov/lp-prod-protected/EMITL2BCH4PLM.002/EMIT_L2B_CH4PLM_002_20230426T055651_000874/EMIT_L2B_CH4PLM_002_20230426T055651_000874.tif"},"geometry":{"type":"Point","coordinates":[61.04182088159981,40.049241308277686]}},{"type":"Feature","properties":{"id":"CH4_PlumeComplex-875","date":"2023-04-26T05:57:03Z","scenes":"emit20230426t055703","peak":2268.0,"download":"https://data.lpdaac.earthdatacloud.nasa.gov/lp-prod-protected/EMITL2BCH4PLM.002/EMIT_L2B_CH4PLM_002_20230426T055703_000875/EMIT_L2B_CH4PLM_002_20230426T055703_000875.tif"},"geometry":{"type":"Point","coordinates":[61.676232930299754,39.977666615603844]}},{"type":"Feature","properties":{"id":"CH4_PlumeComplex-876","date":"2023-04-26T02:53:02Z","scenes":"emit20230426t025302","peak":3175.0,"download":"https://data.lpdaac.earthdatacloud.nasa.gov/lp-prod-protected/EMITL2BCH4PLM.002/EMIT_L2B_CH4PLM_002_20230426T025302_000876/EMIT_L2B_CH4PLM_002_20230426T025302_000876.tif"},"geometry":{"type":"Point","coordinates":[114.04884536430126,36.22541757542987]}},{"type":"Feature","properties":{"id":"CH4_PlumeComplex-877","date":"2023-04-27T17:36:30Z","scenes":"emit20230427t173630","peak":1687.0,"download":"https://data.lpdaac.earthdatacloud.nasa.gov/lp-prod-protected/EMITL2BCH4PLM.002/EMIT_L2B_CH4PLM_002_20230427T173630_000877/EMIT_L2B_CH4PLM_002_20230427T173630_000877.tif"},"geometry":{"type":"Point","coordinates":[-106.04170791019693,28.699772426791704]}},{"type":"Feature","properties":{"id":"CH4_PlumeComplex-878","date":"2023-04-28T09:03:09Z","scenes":"emit20230428t090309","peak":1080.0,"download":"https://data.lpdaac.earthdatacloud.nasa.gov/lp-prod-protected/EMITL2BCH4PLM.002/EMIT_L2B_CH4PLM_002_20230428T090309_000878/EMIT_L2B_CH4PLM_002_20230428T090309_000878.tif"},"geometry":{"type":"Point","coordinates":[13.081896697444511,32.2953162686117]}},{"type":"Feature","properties":{"id":"CH4_PlumeComplex-879","date":"2023-04-28T09:03:09Z","scenes":"emit20230428t090309","peak":1441.0,"download":"https://data.lpdaac.earthdatacloud.nasa.gov/lp-prod-protected/EMITL2BCH4PLM.002/EMIT_L2B_CH4PLM_002_20230428T090309_000879/EMIT_L2B_CH4PLM_002_20230428T090309_000879.tif"},"geometry":{"type":"Point","coordinates":[13.335119284404234,32.601677642556545]}},{"type":"Feature","properties":{"id":"CH4_PlumeComplex-880","date":"2023-04-28T05:55:36Z","scenes":"emit20230428t055536","peak":2058.0,"download":"https://data.lpdaac.earthdatacloud.nasa.gov/lp-prod-protected/EMITL2BCH4PLM.002/EMIT_L2B_CH4PLM_002_20230428T055536_000880/EMIT_L2B_CH4PLM_002_20230428T055536_000880.tif"},"geometry":{"type":"Point","coordinates":[54.05027476541431,37.4861081850259]}},{"type":"Feature","properties":{"id":"CH4_PlumeComplex-881","date":"2023-04-28T05:55:36Z","scenes":"emit20230428t055536","peak":1587.0,"download":"https://data.lpdaac.earthdatacloud.nasa.gov/lp-prod-protected/EMITL2BCH4PLM.002/EMIT_L2B_CH4PLM_002_20230428T055536_000881/EMIT_L2B_CH4PLM_002_20230428T055536_000881.tif"},"geometry":{"type":"Point","coordinates":[53.93965933128201,37.709507983371516]}},{"type":"Feature","properties":{"id":"CH4_PlumeComplex-882","date":"2023-04-28T05:55:36Z","scenes":"emit20230428t055536","peak":4308.0,"download":"https://data.lpdaac.earthdatacloud.nasa.gov/lp-prod-protected/EMITL2BCH4PLM.002/EMIT_L2B_CH4PLM_002_20230428T055536_000882/EMIT_L2B_CH4PLM_002_20230428T055536_000882.tif"},"geometry":{"type":"Point","coordinates":[53.932068075998416,37.73661960938434]}},{"type":"Feature","properties":{"id":"CH4_PlumeComplex-883","date":"2023-04-28T05:55:36Z","scenes":"emit20230428t055536","peak":5839.0,"download":"https://data.lpdaac.earthdatacloud.nasa.gov/lp-prod-protected/EMITL2BCH4PLM.002/EMIT_L2B_CH4PLM_002_20230428T055536_000883/EMIT_L2B_CH4PLM_002_20230428T055536_000883.tif"},"geometry":{"type":"Point","coordinates":[53.91797003047175,37.77023802564023]}},{"type":"Feature","properties":{"id":"CH4_PlumeComplex-884","date":"2023-04-28T05:55:36Z","scenes":"emit20230428t055536","peak":8283.0,"download":"https://data.lpdaac.earthdatacloud.nasa.gov/lp-prod-protected/EMITL2BCH4PLM.002/EMIT_L2B_CH4PLM_002_20230428T055536_000884/EMIT_L2B_CH4PLM_002_20230428T055536_000884.tif"},"geometry":{"type":"Point","coordinates":[53.90658314754637,37.91176071342715]}},{"type":"Feature","properties":{"id":"CH4_PlumeComplex-885","date":"2023-04-28T05:55:24Z","scenes":"emit20230428t055524, emit20230428t055536","peak":3158.0,"download":"https://data.lpdaac.earthdatacloud.nasa.gov/lp-prod-protected/EMITL2BCH4PLM.002/EMIT_L2B_CH4PLM_002_20230428T055524_000885/EMIT_L2B_CH4PLM_002_20230428T055524_000885.tif"},"geometry":{"type":"Point","coordinates":[53.926103518275596,38.03322079796457]}},{"type":"Feature","properties":{"id":"CH4_PlumeComplex-886","date":"2023-04-29T05:08:23Z","scenes":"emit20230429t050823","peak":2332.0,"download":"https://data.lpdaac.earthdatacloud.nasa.gov/lp-prod-protected/EMITL2BCH4PLM.002/EMIT_L2B_CH4PLM_002_20230429T050823_000886/EMIT_L2B_CH4PLM_002_20230429T050823_000886.tif"},"geometry":{"type":"Point","coordinates":[61.595982517301856,36.20372827461955]}},{"type":"Feature","properties":{"id":"CH4_PlumeComplex-887","date":"2023-04-29T05:08:23Z","scenes":"emit20230429t050823","peak":2631.0,"download":"https://data.lpdaac.earthdatacloud.nasa.gov/lp-prod-protected/EMITL2BCH4PLM.002/EMIT_L2B_CH4PLM_002_20230429T050823_000887/EMIT_L2B_CH4PLM_002_20230429T050823_000887.tif"},"geometry":{"type":"Point","coordinates":[61.86276091726799,36.30729468598852]}},{"type":"Feature","properties":{"id":"CH4_PlumeComplex-888","date":"2023-04-29T05:08:11Z","scenes":"emit20230429t050811, emit20230429t050823","peak":7031.0,"download":"https://data.lpdaac.earthdatacloud.nasa.gov/lp-prod-protected/EMITL2BCH4PLM.002/EMIT_L2B_CH4PLM_002_20230429T050811_000888/EMIT_L2B_CH4PLM_002_20230429T050811_000888.tif"},"geometry":{"type":"Point","coordinates":[61.395898717327256,36.40218537703338]}},{"type":"Feature","properties":{"id":"CH4_PlumeComplex-889","date":"2023-04-29T05:08:11Z","scenes":"emit20230429t050811, emit20230429t050823","peak":4128.0,"download":"https://data.lpdaac.earthdatacloud.nasa.gov/lp-prod-protected/EMITL2BCH4PLM.002/EMIT_L2B_CH4PLM_002_20230429T050811_000889/EMIT_L2B_CH4PLM_002_20230429T050811_000889.tif"},"geometry":{"type":"Point","coordinates":[61.478318060406224,36.427670305485435]}},{"type":"Feature","properties":{"id":"CH4_PlumeComplex-89","date":"2023-06-29T15:40:42Z","scenes":"emit20230629t154042","peak":2562.0,"download":"https://data.lpdaac.earthdatacloud.nasa.gov/lp-prod-protected/EMITL2BCH4PLM.002/EMIT_L2B_CH4PLM_002_20230629T154042_000089/EMIT_L2B_CH4PLM_002_20230629T154042_000089.tif"},"geometry":{"type":"Point","coordinates":[-73.5007076720517,9.727056543021398]}},{"type":"Feature","properties":{"id":"CH4_PlumeComplex-890","date":"2023-04-29T05:08:11Z","scenes":"emit20230429t050811, emit20230429t050823","peak":6120.0,"download":"https://data.lpdaac.earthdatacloud.nasa.gov/lp-prod-protected/EMITL2BCH4PLM.002/EMIT_L2B_CH4PLM_002_20230429T050811_000890/EMIT_L2B_CH4PLM_002_20230429T050811_000890.tif"},"geometry":{"type":"Point","coordinates":[61.459882154717505,36.471048907105946]}},{"type":"Feature","properties":{"id":"CH4_PlumeComplex-891","date":"2023-04-29T05:08:11Z","scenes":"emit20230429t050811","peak":3507.0,"download":"https://data.lpdaac.earthdatacloud.nasa.gov/lp-prod-protected/EMITL2BCH4PLM.002/EMIT_L2B_CH4PLM_002_20230429T050811_000891/EMIT_L2B_CH4PLM_002_20230429T050811_000891.tif"},"geometry":{"type":"Point","coordinates":[61.48265592056828,36.57407308595465]}},{"type":"Feature","properties":{"id":"CH4_PlumeComplex-892","date":"2023-04-29T05:08:11Z","scenes":"emit20230429t050811, emit20230429t050823","peak":6347.0,"download":"https://data.lpdaac.earthdatacloud.nasa.gov/lp-prod-protected/EMITL2BCH4PLM.002/EMIT_L2B_CH4PLM_002_20230429T050811_000892/EMIT_L2B_CH4PLM_002_20230429T050811_000892.tif"},"geometry":{"type":"Point","coordinates":[61.56832865876878,36.54967262254311]}},{"type":"Feature","properties":{"id":"CH4_PlumeComplex-893","date":"2023-04-29T05:08:11Z","scenes":"emit20230429t050811, emit20230429t050823","peak":2068.0,"download":"https://data.lpdaac.earthdatacloud.nasa.gov/lp-prod-protected/EMITL2BCH4PLM.002/EMIT_L2B_CH4PLM_002_20230429T050811_000893/EMIT_L2B_CH4PLM_002_20230429T050811_000893.tif"},"geometry":{"type":"Point","coordinates":[61.63014316607801,36.476471232308505]}},{"type":"Feature","properties":{"id":"CH4_PlumeComplex-894","date":"2023-04-29T05:08:23Z","scenes":"emit20230429t050823","peak":3805.0,"download":"https://data.lpdaac.earthdatacloud.nasa.gov/lp-prod-protected/EMITL2BCH4PLM.002/EMIT_L2B_CH4PLM_002_20230429T050823_000894/EMIT_L2B_CH4PLM_002_20230429T050823_000894.tif"},"geometry":{"type":"Point","coordinates":[61.704429021353135,36.421163515242355]}},{"type":"Feature","properties":{"id":"CH4_PlumeComplex-895","date":"2023-04-29T05:08:11Z","scenes":"emit20230429t050811, emit20230429t050823","peak":1410.0,"download":"https://data.lpdaac.earthdatacloud.nasa.gov/lp-prod-protected/EMITL2BCH4PLM.002/EMIT_L2B_CH4PLM_002_20230429T050811_000895/EMIT_L2B_CH4PLM_002_20230429T050811_000895.tif"},"geometry":{"type":"Point","coordinates":[61.64966353680724,36.61419829245362]}},{"type":"Feature","properties":{"id":"CH4_PlumeComplex-896","date":"2023-04-29T05:08:11Z","scenes":"emit20230429t050811","peak":1147.0,"download":"https://data.lpdaac.earthdatacloud.nasa.gov/lp-prod-protected/EMITL2BCH4PLM.002/EMIT_L2B_CH4PLM_002_20230429T050811_000896/EMIT_L2B_CH4PLM_002_20230429T050811_000896.tif"},"geometry":{"type":"Point","coordinates":[61.60194707502468,36.59901578188644]}},{"type":"Feature","properties":{"id":"CH4_PlumeComplex-897","date":"2023-04-28T02:49:00Z","scenes":"emit20230428t024900","peak":3846.0,"download":"https://data.lpdaac.earthdatacloud.nasa.gov/lp-prod-protected/EMITL2BCH4PLM.002/EMIT_L2B_CH4PLM_002_20230428T024900_000897/EMIT_L2B_CH4PLM_002_20230428T024900_000897.tif"},"geometry":{"type":"Point","coordinates":[97.8897740281415,39.791680861155925]}},{"type":"Feature","properties":{"id":"CH4_PlumeComplex-898","date":"2023-04-30T07:28:53Z","scenes":"emit20230430t072853","peak":1398.0,"download":"https://data.lpdaac.earthdatacloud.nasa.gov/lp-prod-protected/EMITL2BCH4PLM.002/EMIT_L2B_CH4PLM_002_20230430T072853_000898/EMIT_L2B_CH4PLM_002_20230430T072853_000898.tif"},"geometry":{"type":"Point","coordinates":[28.546910407676343,29.551077483594227]}},{"type":"Feature","properties":{"id":"CH4_PlumeComplex-899","date":"2023-04-30T07:28:53Z","scenes":"emit20230430t072853","peak":2059.0,"download":"https://data.lpdaac.earthdatacloud.nasa.gov/lp-prod-protected/EMITL2BCH4PLM.002/EMIT_L2B_CH4PLM_002_20230430T072853_000899/EMIT_L2B_CH4PLM_002_20230430T072853_000899.tif"},"geometry":{"type":"Point","coordinates":[28.620111797910955,29.60204734049833]}},{"type":"Feature","properties":{"id":"CH4_PlumeComplex-900","date":"2023-04-30T07:28:53Z","scenes":"emit20230430t072853","peak":1339.0,"download":"https://data.lpdaac.earthdatacloud.nasa.gov/lp-prod-protected/EMITL2BCH4PLM.002/EMIT_L2B_CH4PLM_002_20230430T072853_000900/EMIT_L2B_CH4PLM_002_20230430T072853_000900.tif"},"geometry":{"type":"Point","coordinates":[28.822364527966577,29.5613799014791]}},{"type":"Feature","properties":{"id":"CH4_PlumeComplex-901","date":"2023-04-30T07:28:53Z","scenes":"emit20230430t072853","peak":1362.0,"download":"https://data.lpdaac.earthdatacloud.nasa.gov/lp-prod-protected/EMITL2BCH4PLM.002/EMIT_L2B_CH4PLM_002_20230430T072853_000901/EMIT_L2B_CH4PLM_002_20230430T072853_000901.tif"},"geometry":{"type":"Point","coordinates":[28.638005471079413,29.716458402272423]}},{"type":"Feature","properties":{"id":"CH4_PlumeComplex-902","date":"2023-04-30T05:55:44Z","scenes":"emit20230430t055544, emit20230430t055556","peak":15488.0,"download":"https://data.lpdaac.earthdatacloud.nasa.gov/lp-prod-protected/EMITL2BCH4PLM.002/EMIT_L2B_CH4PLM_002_20230430T055544_000902/EMIT_L2B_CH4PLM_002_20230430T055544_000902.tif"},"geometry":{"type":"Point","coordinates":[51.544618289309625,30.06294498271625]}},{"type":"Feature","properties":{"id":"CH4_PlumeComplex-903","date":"2023-04-30T05:56:08Z","scenes":"emit20230430t055608","peak":2188.0,"download":"https://data.lpdaac.earthdatacloud.nasa.gov/lp-prod-protected/EMITL2BCH4PLM.002/EMIT_L2B_CH4PLM_002_20230430T055608_000903/EMIT_L2B_CH4PLM_002_20230430T055608_000903.tif"},"geometry":{"type":"Point","coordinates":[52.70499588265825,29.429617399056813]}},{"type":"Feature","properties":{"id":"CH4_PlumeComplex-904","date":"2023-05-02T07:27:54Z","scenes":"emit20230502t072754","peak":2180.0,"download":"https://data.lpdaac.earthdatacloud.nasa.gov/lp-prod-protected/EMITL2BCH4PLM.002/EMIT_L2B_CH4PLM_002_20230502T072754_000904/EMIT_L2B_CH4PLM_002_20230502T072754_000904.tif"},"geometry":{"type":"Point","coordinates":[18.793231833304795,28.129886048002287]}},{"type":"Feature","properties":{"id":"CH4_PlumeComplex-905","date":"2023-05-02T04:22:58Z","scenes":"emit20230502t042258, emit20230502t042310","peak":9969.0,"download":"https://data.lpdaac.earthdatacloud.nasa.gov/lp-prod-protected/EMITL2BCH4PLM.002/EMIT_L2B_CH4PLM_002_20230502T042258_000905/EMIT_L2B_CH4PLM_002_20230502T042258_000905.tif"},"geometry":{"type":"Point","coordinates":[68.69489067249827,25.79557504829864]}},{"type":"Feature","properties":{"id":"CH4_PlumeComplex-906","date":"2023-05-02T04:22:34Z","scenes":"emit20230502t042234","peak":2821.0,"download":"https://data.lpdaac.earthdatacloud.nasa.gov/lp-prod-protected/EMITL2BCH4PLM.002/EMIT_L2B_CH4PLM_002_20230502T042234_000906/EMIT_L2B_CH4PLM_002_20230502T042234_000906.tif"},"geometry":{"type":"Point","coordinates":[67.41251076209196,27.03620305464521]}},{"type":"Feature","properties":{"id":"CH4_PlumeComplex-907","date":"2023-05-02T04:22:34Z","scenes":"emit20230502t042234","peak":2215.0,"download":"https://data.lpdaac.earthdatacloud.nasa.gov/lp-prod-protected/EMITL2BCH4PLM.002/EMIT_L2B_CH4PLM_002_20230502T042234_000907/EMIT_L2B_CH4PLM_002_20230502T042234_000907.tif"},"geometry":{"type":"Point","coordinates":[67.55728684500042,27.001500173348802]}},{"type":"Feature","properties":{"id":"CH4_PlumeComplex-908","date":"2023-05-04T13:54:54Z","scenes":"emit20230504t135454","peak":6313.0,"download":"https://data.lpdaac.earthdatacloud.nasa.gov/lp-prod-protected/EMITL2BCH4PLM.002/EMIT_L2B_CH4PLM_002_20230504T135454_000908/EMIT_L2B_CH4PLM_002_20230504T135454_000908.tif"},"geometry":{"type":"Point","coordinates":[-46.77569344617614,-23.3502116576575]}},{"type":"Feature","properties":{"id":"CH4_PlumeComplex-909","date":"2023-05-04T13:54:54Z","scenes":"emit20230504t135454","peak":4447.0,"download":"https://data.lpdaac.earthdatacloud.nasa.gov/lp-prod-protected/EMITL2BCH4PLM.002/EMIT_L2B_CH4PLM_002_20230504T135454_000909/EMIT_L2B_CH4PLM_002_20230504T135454_000909.tif"},"geometry":{"type":"Point","coordinates":[-46.42649570313104,-23.64139052103517]}},{"type":"Feature","properties":{"id":"CH4_PlumeComplex-910","date":"2023-05-04T13:54:54Z","scenes":"emit20230504t135454","peak":4009.0,"download":"https://data.lpdaac.earthdatacloud.nasa.gov/lp-prod-protected/EMITL2BCH4PLM.002/EMIT_L2B_CH4PLM_002_20230504T135454_000910/EMIT_L2B_CH4PLM_002_20230504T135454_000910.tif"},"geometry":{"type":"Point","coordinates":[-46.561511600674876,-23.40389267716288]}},{"type":"Feature","properties":{"id":"CH4_PlumeComplex-911","date":"2023-05-04T13:54:42Z","scenes":"emit20230504t135442","peak":3289.0,"download":"https://data.lpdaac.earthdatacloud.nasa.gov/lp-prod-protected/EMITL2BCH4PLM.002/EMIT_L2B_CH4PLM_002_20230504T135442_000911/EMIT_L2B_CH4PLM_002_20230504T135442_000911.tif"},"geometry":{"type":"Point","coordinates":[-47.2409289485561,-22.814485927644206]}},{"type":"Feature","properties":{"id":"CH4_PlumeComplex-912","date":"2023-05-26T14:21:26Z","scenes":"emit20230526t142126","peak":1055.0,"download":"https://data.lpdaac.earthdatacloud.nasa.gov/lp-prod-protected/EMITL2BCH4PLM.002/EMIT_L2B_CH4PLM_002_20230526T142126_000912/EMIT_L2B_CH4PLM_002_20230526T142126_000912.tif"},"geometry":{"type":"Point","coordinates":[5.942863335749133,31.76663956136168]}},{"type":"Feature","properties":{"id":"CH4_PlumeComplex-913","date":"2023-05-26T14:21:26Z","scenes":"emit20230526t142126","peak":1979.0,"download":"https://data.lpdaac.earthdatacloud.nasa.gov/lp-prod-protected/EMITL2BCH4PLM.002/EMIT_L2B_CH4PLM_002_20230526T142126_000913/EMIT_L2B_CH4PLM_002_20230526T142126_000913.tif"},"geometry":{"type":"Point","coordinates":[5.9922064950924625,31.77368858412501]}},{"type":"Feature","properties":{"id":"CH4_PlumeComplex-914","date":"2023-05-26T14:21:26Z","scenes":"emit20230526t142126","peak":1227.0,"download":"https://data.lpdaac.earthdatacloud.nasa.gov/lp-prod-protected/EMITL2BCH4PLM.002/EMIT_L2B_CH4PLM_002_20230526T142126_000914/EMIT_L2B_CH4PLM_002_20230526T142126_000914.tif"},"geometry":{"type":"Point","coordinates":[5.9000269666488805,31.8024269076986]}},{"type":"Feature","properties":{"id":"CH4_PlumeComplex-915","date":"2022-08-28T05:18:53Z","scenes":"emit20220828t051853","peak":4122.0,"download":"https://data.lpdaac.earthdatacloud.nasa.gov/lp-prod-protected/EMITL2BCH4PLM.002/EMIT_L2B_CH4PLM_002_20220828T051853_000915/EMIT_L2B_CH4PLM_002_20220828T051853_000915.tif"},"geometry":{"type":"Point","coordinates":[61.6800285579416,39.97387098796205]}},{"type":"Feature","properties":{"id":"CH4_PlumeComplex-916","date":"2022-08-28T05:19:05Z","scenes":"emit20220828t051905","peak":1441.0,"download":"https://data.lpdaac.earthdatacloud.nasa.gov/lp-prod-protected/EMITL2BCH4PLM.002/EMIT_L2B_CH4PLM_002_20220828T051905_000916/EMIT_L2B_CH4PLM_002_20220828T051905_000916.tif"},"geometry":{"type":"Point","coordinates":[62.34805902289744,39.9185632708959]}},{"type":"Feature","properties":{"id":"CH4_PlumeComplex-917","date":"2022-08-28T05:19:05Z","scenes":"emit20220828t051905","peak":2384.0,"download":"https://data.lpdaac.earthdatacloud.nasa.gov/lp-prod-protected/EMITL2BCH4PLM.002/EMIT_L2B_CH4PLM_002_20220828T051905_000917/EMIT_L2B_CH4PLM_002_20220828T051905_000917.tif"},"geometry":{"type":"Point","coordinates":[62.59857044725589,40.05141023835871]}},{"type":"Feature","properties":{"id":"CH4_PlumeComplex-918","date":"2022-08-28T05:19:17Z","scenes":"emit20220828t051917","peak":1768.0,"download":"https://data.lpdaac.earthdatacloud.nasa.gov/lp-prod-protected/EMITL2BCH4PLM.002/EMIT_L2B_CH4PLM_002_20220828T051917_000918/EMIT_L2B_CH4PLM_002_20220828T051917_000918.tif"},"geometry":{"type":"Point","coordinates":[63.26334751709019,39.13395281408494]}},{"type":"Feature","properties":{"id":"CH4_PlumeComplex-919","date":"2022-08-28T05:19:29Z","scenes":"emit20220828t051929","peak":3958.0,"download":"https://data.lpdaac.earthdatacloud.nasa.gov/lp-prod-protected/EMITL2BCH4PLM.002/EMIT_L2B_CH4PLM_002_20220828T051929_000919/EMIT_L2B_CH4PLM_002_20220828T051929_000919.tif"},"geometry":{"type":"Point","coordinates":[64.07398513487345,39.01791505475007]}},{"type":"Feature","properties":{"id":"CH4_PlumeComplex-920","date":"2022-08-28T05:19:29Z","scenes":"emit20220828t051929","peak":3102.0,"download":"https://data.lpdaac.earthdatacloud.nasa.gov/lp-prod-protected/EMITL2BCH4PLM.002/EMIT_L2B_CH4PLM_002_20220828T051929_000920/EMIT_L2B_CH4PLM_002_20220828T051929_000920.tif"},"geometry":{"type":"Point","coordinates":[64.09242104056219,39.01249272954751]}},{"type":"Feature","properties":{"id":"CH4_PlumeComplex-921","date":"2022-08-28T05:19:41Z","scenes":"emit20220828t051941","peak":6633.0,"download":"https://data.lpdaac.earthdatacloud.nasa.gov/lp-prod-protected/EMITL2BCH4PLM.002/EMIT_L2B_CH4PLM_002_20220828T051941_000921/EMIT_L2B_CH4PLM_002_20220828T051941_000921.tif"},"geometry":{"type":"Point","coordinates":[64.63736472341982,38.786381768600606]}},{"type":"Feature","properties":{"id":"CH4_PlumeComplex-922","date":"2022-08-28T05:19:41Z","scenes":"emit20220828t051941","peak":4465.0,"download":"https://data.lpdaac.earthdatacloud.nasa.gov/lp-prod-protected/EMITL2BCH4PLM.002/EMIT_L2B_CH4PLM_002_20220828T051941_000922/EMIT_L2B_CH4PLM_002_20220828T051941_000922.tif"},"geometry":{"type":"Point","coordinates":[64.77454955104469,38.66166828894164]}},{"type":"Feature","properties":{"id":"CH4_PlumeComplex-923","date":"2022-08-28T06:55:50Z","scenes":"emit20220828t065550","peak":9954.0,"download":"https://data.lpdaac.earthdatacloud.nasa.gov/lp-prod-protected/EMITL2BCH4PLM.002/EMIT_L2B_CH4PLM_002_20220828T065550_000923/EMIT_L2B_CH4PLM_002_20220828T065550_000923.tif"},"geometry":{"type":"Point","coordinates":[51.54570275435013,30.064571680276984]}},{"type":"Feature","properties":{"id":"CH4_PlumeComplex-924","date":"2022-08-28T06:53:24Z","scenes":"emit20220828t065324","peak":1673.0,"download":"https://data.lpdaac.earthdatacloud.nasa.gov/lp-prod-protected/EMITL2BCH4PLM.002/EMIT_L2B_CH4PLM_002_20220828T065324_000924/EMIT_L2B_CH4PLM_002_20220828T065324_000924.tif"},"geometry":{"type":"Point","coordinates":[43.89209073093149,36.179327811208054]}},{"type":"Feature","properties":{"id":"CH4_PlumeComplex-925","date":"2022-08-28T06:53:00Z","scenes":"emit20220828t065300","peak":2388.0,"download":"https://data.lpdaac.earthdatacloud.nasa.gov/lp-prod-protected/EMITL2BCH4PLM.002/EMIT_L2B_CH4PLM_002_20220828T065300_000925/EMIT_L2B_CH4PLM_002_20220828T065300_000925.tif"},"geometry":{"type":"Point","coordinates":[42.81359024814158,36.9753251509444]}},{"type":"Feature","properties":{"id":"CH4_PlumeComplex-926","date":"2022-08-28T08:28:47Z","scenes":"emit20220828t082847","peak":1168.0,"download":"https://data.lpdaac.earthdatacloud.nasa.gov/lp-prod-protected/EMITL2BCH4PLM.002/EMIT_L2B_CH4PLM_002_20220828T082847_000926/EMIT_L2B_CH4PLM_002_20220828T082847_000926.tif"},"geometry":{"type":"Point","coordinates":[28.633125378397082,29.714289472191414]}},{"type":"Feature","properties":{"id":"CH4_PlumeComplex-927","date":"2022-08-28T08:28:47Z","scenes":"emit20220828t082847","peak":1076.0,"download":"https://data.lpdaac.earthdatacloud.nasa.gov/lp-prod-protected/EMITL2BCH4PLM.002/EMIT_L2B_CH4PLM_002_20220828T082847_000927/EMIT_L2B_CH4PLM_002_20220828T082847_000927.tif"},"geometry":{"type":"Point","coordinates":[28.43792167110479,29.523423625061174]}},{"type":"Feature","properties":{"id":"CH4_PlumeComplex-928","date":"2022-08-28T08:28:47Z","scenes":"emit20220828t082847","peak":2195.0,"download":"https://data.lpdaac.earthdatacloud.nasa.gov/lp-prod-protected/EMITL2BCH4PLM.002/EMIT_L2B_CH4PLM_002_20220828T082847_000928/EMIT_L2B_CH4PLM_002_20220828T082847_000928.tif"},"geometry":{"type":"Point","coordinates":[28.52630557190658,29.566259994161427]}},{"type":"Feature","properties":{"id":"CH4_PlumeComplex-929","date":"2022-08-28T08:28:47Z","scenes":"emit20220828t082847","peak":910.0,"download":"https://data.lpdaac.earthdatacloud.nasa.gov/lp-prod-protected/EMITL2BCH4PLM.002/EMIT_L2B_CH4PLM_002_20220828T082847_000929/EMIT_L2B_CH4PLM_002_20220828T082847_000929.tif"},"geometry":{"type":"Point","coordinates":[28.537150222311706,29.550535251073992]}},{"type":"Feature","properties":{"id":"CH4_PlumeComplex-930","date":"2022-08-28T08:28:47Z","scenes":"emit20220828t082847","peak":2417.0,"download":"https://data.lpdaac.earthdatacloud.nasa.gov/lp-prod-protected/EMITL2BCH4PLM.002/EMIT_L2B_CH4PLM_002_20220828T082847_000930/EMIT_L2B_CH4PLM_002_20220828T082847_000930.tif"},"geometry":{"type":"Point","coordinates":[28.616316170269133,29.602589573018605]}},{"type":"Feature","properties":{"id":"CH4_PlumeComplex-931","date":"2023-04-30T16:44:07Z","scenes":"emit20230430t164407","peak":2909.0,"download":"https://data.lpdaac.earthdatacloud.nasa.gov/lp-prod-protected/EMITL2BCH4PLM.002/EMIT_L2B_CH4PLM_002_20230430T164407_000931/EMIT_L2B_CH4PLM_002_20230430T164407_000931.tif"},"geometry":{"type":"Point","coordinates":[-118.63234703054974,34.44581044394846]}},{"type":"Feature","properties":{"id":"CH4_PlumeComplex-932","date":"2023-06-10T16:21:55Z","scenes":"emit20230610t162155","peak":4898.0,"download":"https://data.lpdaac.earthdatacloud.nasa.gov/lp-prod-protected/EMITL2BCH4PLM.002/EMIT_L2B_CH4PLM_002_20230610T162155_000932/EMIT_L2B_CH4PLM_002_20230610T162155_000932.tif"},"geometry":{"type":"Point","coordinates":[-109.72184002517743,35.56714729583859]}},{"type":"Feature","properties":{"id":"CH4_PlumeComplex-933","date":"2023-06-09T17:11:33Z","scenes":"emit20230609t171133","peak":5489.0,"download":"https://data.lpdaac.earthdatacloud.nasa.gov/lp-prod-protected/EMITL2BCH4PLM.002/EMIT_L2B_CH4PLM_002_20230609T171133_000933/EMIT_L2B_CH4PLM_002_20230609T171133_000933.tif"},"geometry":{"type":"Point","coordinates":[-108.77618650984981,40.04165005299413]}},{"type":"Feature","properties":{"id":"CH4_PlumeComplex-934","date":"2023-06-09T07:50:16Z","scenes":"emit20230609t075016","peak":1885.0,"download":"https://data.lpdaac.earthdatacloud.nasa.gov/lp-prod-protected/EMITL2BCH4PLM.002/EMIT_L2B_CH4PLM_002_20230609T075016_000934/EMIT_L2B_CH4PLM_002_20230609T075016_000934.tif"},"geometry":{"type":"Point","coordinates":[17.331915191213813,28.581023504855583]}},{"type":"Feature","properties":{"id":"CH4_PlumeComplex-935","date":"2023-06-07T09:26:29Z","scenes":"emit20230607t092629","peak":2283.0,"download":"https://data.lpdaac.earthdatacloud.nasa.gov/lp-prod-protected/EMITL2BCH4PLM.002/EMIT_L2B_CH4PLM_002_20230607T092629_000935/EMIT_L2B_CH4PLM_002_20230607T092629_000935.tif"},"geometry":{"type":"Point","coordinates":[6.539861340551391,29.49197413888625]}},{"type":"Feature","properties":{"id":"CH4_PlumeComplex-936","date":"2023-06-06T05:35:23Z","scenes":"emit20230606t053523","peak":2289.0,"download":"https://data.lpdaac.earthdatacloud.nasa.gov/lp-prod-protected/EMITL2BCH4PLM.002/EMIT_L2B_CH4PLM_002_20230606T053523_000936/EMIT_L2B_CH4PLM_002_20230606T053523_000936.tif"},"geometry":{"type":"Point","coordinates":[69.8124318967466,27.985109965093848]}},{"type":"Feature","properties":{"id":"CH4_PlumeComplex-937","date":"2023-06-09T04:51:06Z","scenes":"emit20230609t045106","peak":4726.0,"download":"https://data.lpdaac.earthdatacloud.nasa.gov/lp-prod-protected/EMITL2BCH4PLM.002/EMIT_L2B_CH4PLM_002_20230609T045106_000937/EMIT_L2B_CH4PLM_002_20230609T045106_000937.tif"},"geometry":{"type":"Point","coordinates":[87.87040151884436,44.04278381996581]}},{"type":"Feature","properties":{"id":"CH4_PlumeComplex-938","date":"2023-06-06T10:14:59Z","scenes":"emit20230606t101459","peak":5702.0,"download":"https://data.lpdaac.earthdatacloud.nasa.gov/lp-prod-protected/EMITL2BCH4PLM.002/EMIT_L2B_CH4PLM_002_20230606T101459_000938/EMIT_L2B_CH4PLM_002_20230606T101459_000938.tif"},"geometry":{"type":"Point","coordinates":[1.8636480858604783,30.895271901309773]}},{"type":"Feature","properties":{"id":"CH4_PlumeComplex-939","date":"2023-06-07T09:26:41Z","scenes":"emit20230607t092641","peak":2447.0,"download":"https://data.lpdaac.earthdatacloud.nasa.gov/lp-prod-protected/EMITL2BCH4PLM.002/EMIT_L2B_CH4PLM_002_20230607T092641_000939/EMIT_L2B_CH4PLM_002_20230607T092641_000939.tif"},"geometry":{"type":"Point","coordinates":[6.960633776270331,29.646510407159315]}},{"type":"Feature","properties":{"id":"CH4_PlumeComplex-940","date":"2023-06-07T09:26:41Z","scenes":"emit20230607t092641","peak":1241.0,"download":"https://data.lpdaac.earthdatacloud.nasa.gov/lp-prod-protected/EMITL2BCH4PLM.002/EMIT_L2B_CH4PLM_002_20230607T092641_000940/EMIT_L2B_CH4PLM_002_20230607T092641_000940.tif"},"geometry":{"type":"Point","coordinates":[6.763261138897013,29.631870129112393]}},{"type":"Feature","properties":{"id":"CH4_PlumeComplex-941","date":"2023-06-10T05:30:19Z","scenes":"emit20230610t053019","peak":17763.0,"download":"https://data.lpdaac.earthdatacloud.nasa.gov/lp-prod-protected/EMITL2BCH4PLM.002/EMIT_L2B_CH4PLM_002_20230610T053019_000941/EMIT_L2B_CH4PLM_002_20230610T053019_000941.tif"},"geometry":{"type":"Point","coordinates":[49.87942221960229,30.36063063633696]}},{"type":"Feature","properties":{"id":"CH4_PlumeComplex-942","date":"2023-06-10T05:30:19Z","scenes":"emit20230610t053019","peak":2675.0,"download":"https://data.lpdaac.earthdatacloud.nasa.gov/lp-prod-protected/EMITL2BCH4PLM.002/EMIT_L2B_CH4PLM_002_20230610T053019_000942/EMIT_L2B_CH4PLM_002_20230610T053019_000942.tif"},"geometry":{"type":"Point","coordinates":[49.83821254806281,30.447387839577978]}},{"type":"Feature","properties":{"id":"CH4_PlumeComplex-943","date":"2023-06-10T05:30:19Z","scenes":"emit20230610t053019","peak":2182.0,"download":"https://data.lpdaac.earthdatacloud.nasa.gov/lp-prod-protected/EMITL2BCH4PLM.002/EMIT_L2B_CH4PLM_002_20230610T053019_000943/EMIT_L2B_CH4PLM_002_20230610T053019_000943.tif"},"geometry":{"type":"Point","coordinates":[49.90707607813537,30.61602215337771]}},{"type":"Feature","properties":{"id":"CH4_PlumeComplex-944","date":"2023-06-10T05:30:19Z","scenes":"emit20230610t053019","peak":6307.0,"download":"https://data.lpdaac.earthdatacloud.nasa.gov/lp-prod-protected/EMITL2BCH4PLM.002/EMIT_L2B_CH4PLM_002_20230610T053019_000944/EMIT_L2B_CH4PLM_002_20230610T053019_000944.tif"},"geometry":{"type":"Point","coordinates":[49.98353086349152,30.764593863927956]}},{"type":"Feature","properties":{"id":"CH4_PlumeComplex-945","date":"2023-06-10T05:30:19Z","scenes":"emit20230610t053019","peak":2289.0,"download":"https://data.lpdaac.earthdatacloud.nasa.gov/lp-prod-protected/EMITL2BCH4PLM.002/EMIT_L2B_CH4PLM_002_20230610T053019_000945/EMIT_L2B_CH4PLM_002_20230610T053019_000945.tif"},"geometry":{"type":"Point","coordinates":[49.71349906840385,30.75646037612411]}},{"type":"Feature","properties":{"id":"CH4_PlumeComplex-946","date":"2023-06-10T05:30:19Z","scenes":"emit20230610t053019","peak":7336.0,"download":"https://data.lpdaac.earthdatacloud.nasa.gov/lp-prod-protected/EMITL2BCH4PLM.002/EMIT_L2B_CH4PLM_002_20230610T053019_000946/EMIT_L2B_CH4PLM_002_20230610T053019_000946.tif"},"geometry":{"type":"Point","coordinates":[49.94665905211408,30.994500452516657]}},{"type":"Feature","properties":{"id":"CH4_PlumeComplex-947","date":"2023-06-10T05:30:19Z","scenes":"emit20230610t053019","peak":3706.0,"download":"https://data.lpdaac.earthdatacloud.nasa.gov/lp-prod-protected/EMITL2BCH4PLM.002/EMIT_L2B_CH4PLM_002_20230610T053019_000947/EMIT_L2B_CH4PLM_002_20230610T053019_000947.tif"},"geometry":{"type":"Point","coordinates":[49.82791013017794,30.970642221625376]}},{"type":"Feature","properties":{"id":"CH4_PlumeComplex-948","date":"2023-06-10T05:30:19Z","scenes":"emit20230610t053019","peak":4923.0,"download":"https://data.lpdaac.earthdatacloud.nasa.gov/lp-prod-protected/EMITL2BCH4PLM.002/EMIT_L2B_CH4PLM_002_20230610T053019_000948/EMIT_L2B_CH4PLM_002_20230610T053019_000948.tif"},"geometry":{"type":"Point","coordinates":[49.8805066846428,31.130600815101005]}},{"type":"Feature","properties":{"id":"CH4_PlumeComplex-949","date":"2023-06-10T05:30:19Z","scenes":"emit20230610t053019","peak":1393.0,"download":"https://data.lpdaac.earthdatacloud.nasa.gov/lp-prod-protected/EMITL2BCH4PLM.002/EMIT_L2B_CH4PLM_002_20230610T053019_000949/EMIT_L2B_CH4PLM_002_20230610T053019_000949.tif"},"geometry":{"type":"Point","coordinates":[49.67988065214795,30.90828548179589]}},{"type":"Feature","properties":{"id":"CH4_PlumeComplex-950","date":"2023-06-11T04:44:27Z","scenes":"emit20230611t044427","peak":1760.0,"download":"https://data.lpdaac.earthdatacloud.nasa.gov/lp-prod-protected/EMITL2BCH4PLM.002/EMIT_L2B_CH4PLM_002_20230611T044427_000950/EMIT_L2B_CH4PLM_002_20230611T044427_000950.tif"},"geometry":{"type":"Point","coordinates":[62.333960977370815,36.104499723412644]}},{"type":"Feature","properties":{"id":"CH4_PlumeComplex-951","date":"2023-06-11T04:45:26Z","scenes":"emit20230611t044526","peak":1942.0,"download":"https://data.lpdaac.earthdatacloud.nasa.gov/lp-prod-protected/EMITL2BCH4PLM.002/EMIT_L2B_CH4PLM_002_20230611T044526_000951/EMIT_L2B_CH4PLM_002_20230611T044526_000951.tif"},"geometry":{"type":"Point","coordinates":[66.01734648747231,38.26258515403299]}},{"type":"Feature","properties":{"id":"CH4_PlumeComplex-952","date":"2023-06-10T03:57:59Z","scenes":"emit20230610t035759","peak":2737.0,"download":"https://data.lpdaac.earthdatacloud.nasa.gov/lp-prod-protected/EMITL2BCH4PLM.002/EMIT_L2B_CH4PLM_002_20230610T035759_000952/EMIT_L2B_CH4PLM_002_20230610T035759_000952.tif"},"geometry":{"type":"Point","coordinates":[74.41381706364213,31.624032408534266]}},{"type":"Feature","properties":{"id":"CH4_PlumeComplex-953","date":"2023-06-09T17:10:10Z","scenes":"emit20230609t171010","peak":1365.0,"download":"https://data.lpdaac.earthdatacloud.nasa.gov/lp-prod-protected/EMITL2BCH4PLM.002/EMIT_L2B_CH4PLM_002_20230609T171010_000953/EMIT_L2B_CH4PLM_002_20230609T171010_000953.tif"},"geometry":{"type":"Point","coordinates":[-114.86328878224779,36.379411611182626]}},{"type":"Feature","properties":{"id":"CH4_PlumeComplex-954","date":"2023-06-11T06:16:38Z","scenes":"emit20230611t061638","peak":4143.0,"download":"https://data.lpdaac.earthdatacloud.nasa.gov/lp-prod-protected/EMITL2BCH4PLM.002/EMIT_L2B_CH4PLM_002_20230611T061638_000954/EMIT_L2B_CH4PLM_002_20230611T061638_000954.tif"},"geometry":{"type":"Point","coordinates":[36.68690500176489,34.184996601705095]}},{"type":"Feature","properties":{"id":"CH4_PlumeComplex-96","date":"2023-06-29T06:14:16Z","scenes":"emit20230629t061416","peak":2166.0,"download":"https://data.lpdaac.earthdatacloud.nasa.gov/lp-prod-protected/EMITL2BCH4PLM.002/EMIT_L2B_CH4PLM_002_20230629T061416_000096/EMIT_L2B_CH4PLM_002_20230629T061416_000096.tif"},"geometry":{"type":"Point","coordinates":[42.12983504009831,36.94929798997206]}},{"type":"Feature","properties":{"id":"CH4_PlumeComplex-963","date":"2023-08-04T17:41:41Z","scenes":"emit20230804t174141","peak":2420.0,"download":"https://data.lpdaac.earthdatacloud.nasa.gov/lp-prod-protected/EMITL2BCH4PLM.002/EMIT_L2B_CH4PLM_002_20230804T174141_000963/EMIT_L2B_CH4PLM_002_20230804T174141_000963.tif"},"geometry":{"type":"Point","coordinates":[-101.03852844579157,31.576858179271966]}},{"type":"Feature","properties":{"id":"CH4_PlumeComplex-964","date":"2023-08-04T17:41:41Z","scenes":"emit20230804t174141","peak":1776.0,"download":"https://data.lpdaac.earthdatacloud.nasa.gov/lp-prod-protected/EMITL2BCH4PLM.002/EMIT_L2B_CH4PLM_002_20230804T174141_000964/EMIT_L2B_CH4PLM_002_20230804T174141_000964.tif"},"geometry":{"type":"Point","coordinates":[-101.81717434487972,31.5714358540694]}},{"type":"Feature","properties":{"id":"CH4_PlumeComplex-965","date":"2023-08-04T17:41:29Z","scenes":"emit20230804t174129","peak":1964.0,"download":"https://data.lpdaac.earthdatacloud.nasa.gov/lp-prod-protected/EMITL2BCH4PLM.002/EMIT_L2B_CH4PLM_002_20230804T174129_000965/EMIT_L2B_CH4PLM_002_20230804T174129_000965.tif"},"geometry":{"type":"Point","coordinates":[-101.8334413204874,31.481425255706846]}},{"type":"Feature","properties":{"id":"CH4_PlumeComplex-966","date":"2023-08-04T17:41:41Z","scenes":"emit20230804t174141","peak":2467.0,"download":"https://data.lpdaac.earthdatacloud.nasa.gov/lp-prod-protected/EMITL2BCH4PLM.002/EMIT_L2B_CH4PLM_002_20230804T174141_000966/EMIT_L2B_CH4PLM_002_20230804T174141_000966.tif"},"geometry":{"type":"Point","coordinates":[-101.98418196111867,31.669579940235803]}},{"type":"Feature","properties":{"id":"CH4_PlumeComplex-969","date":"2023-08-04T11:31:11Z","scenes":"emit20230804t113111","peak":2305.0,"download":"https://data.lpdaac.earthdatacloud.nasa.gov/lp-prod-protected/EMITL2BCH4PLM.002/EMIT_L2B_CH4PLM_002_20230804T113111_000969/EMIT_L2B_CH4PLM_002_20230804T113111_000969.tif"},"geometry":{"type":"Point","coordinates":[-4.9386588807556535,33.99901084725713]}},{"type":"Feature","properties":{"id":"CH4_PlumeComplex-97","date":"2023-06-29T06:15:03Z","scenes":"emit20230629t061503","peak":1452.0,"download":"https://data.lpdaac.earthdatacloud.nasa.gov/lp-prod-protected/EMITL2BCH4PLM.002/EMIT_L2B_CH4PLM_002_20230629T061503_000097/EMIT_L2B_CH4PLM_002_20230629T061503_000097.tif"},"geometry":{"type":"Point","coordinates":[44.42239413574222,35.29548880319014]}},{"type":"Feature","properties":{"id":"CH4_PlumeComplex-972","date":"2023-08-04T08:25:59Z","scenes":"emit20230804t082559","peak":3076.0,"download":"https://data.lpdaac.earthdatacloud.nasa.gov/lp-prod-protected/EMITL2BCH4PLM.002/EMIT_L2B_CH4PLM_002_20230804T082559_000972/EMIT_L2B_CH4PLM_002_20230804T082559_000972.tif"},"geometry":{"type":"Point","coordinates":[44.19845210487638,35.416406655207325]}},{"type":"Feature","properties":{"id":"CH4_PlumeComplex-973","date":"2023-08-04T08:29:48Z","scenes":"emit20230804t082948","peak":3813.0,"download":"https://data.lpdaac.earthdatacloud.nasa.gov/lp-prod-protected/EMITL2BCH4PLM.002/EMIT_L2B_CH4PLM_002_20230804T082948_000973/EMIT_L2B_CH4PLM_002_20230804T082948_000973.tif"},"geometry":{"type":"Point","coordinates":[58.70913657945699,44.04224158744556]}},{"type":"Feature","properties":{"id":"CH4_PlumeComplex-977","date":"2023-08-04T05:22:23Z","scenes":"emit20230804t052223","peak":3881.0,"download":"https://data.lpdaac.earthdatacloud.nasa.gov/lp-prod-protected/EMITL2BCH4PLM.002/EMIT_L2B_CH4PLM_002_20230804T052223_000977/EMIT_L2B_CH4PLM_002_20230804T052223_000977.tif"},"geometry":{"type":"Point","coordinates":[99.0853967353068,40.327948823689525]}},{"type":"Feature","properties":{"id":"CH4_PlumeComplex-98","date":"2023-06-29T06:16:26Z","scenes":"emit20230629t061626","peak":2712.0,"download":"https://data.lpdaac.earthdatacloud.nasa.gov/lp-prod-protected/EMITL2BCH4PLM.002/EMIT_L2B_CH4PLM_002_20230629T061626_000098/EMIT_L2B_CH4PLM_002_20230629T061626_000098.tif"},"geometry":{"type":"Point","coordinates":[49.12083892376364,31.30574191914379]}},{"type":"Feature","properties":{"id":"CH4_PlumeComplex-985","date":"2023-08-05T09:08:52Z","scenes":"emit20230805t090852","peak":2289.0,"download":"https://data.lpdaac.earthdatacloud.nasa.gov/lp-prod-protected/EMITL2BCH4PLM.002/EMIT_L2B_CH4PLM_002_20230805T090852_000985/EMIT_L2B_CH4PLM_002_20230805T090852_000985.tif"},"geometry":{"type":"Point","coordinates":[19.520907875488792,28.4546833276358]}},{"type":"Feature","properties":{"id":"CH4_PlumeComplex-986","date":"2023-08-05T09:09:04Z","scenes":"emit20230805t090904","peak":1309.0,"download":"https://data.lpdaac.earthdatacloud.nasa.gov/lp-prod-protected/EMITL2BCH4PLM.002/EMIT_L2B_CH4PLM_002_20230805T090904_000986/EMIT_L2B_CH4PLM_002_20230805T090904_000986.tif"},"geometry":{"type":"Point","coordinates":[19.806122181143643,28.782734002390903]}},{"type":"Feature","properties":{"id":"CH4_PlumeComplex-988","date":"2023-08-05T09:09:15Z","scenes":"emit20230805t090915","peak":2477.0,"download":"https://data.lpdaac.earthdatacloud.nasa.gov/lp-prod-protected/EMITL2BCH4PLM.002/EMIT_L2B_CH4PLM_002_20230805T090915_000988/EMIT_L2B_CH4PLM_002_20230805T090915_000988.tif"},"geometry":{"type":"Point","coordinates":[19.881492501459277,29.709409379509033]}},{"type":"Feature","properties":{"id":"CH4_PlumeComplex-99","date":"2023-06-29T06:16:26Z","scenes":"emit20230629t061626","peak":2113.0,"download":"https://data.lpdaac.earthdatacloud.nasa.gov/lp-prod-protected/EMITL2BCH4PLM.002/EMIT_L2B_CH4PLM_002_20230629T061626_000099/EMIT_L2B_CH4PLM_002_20230629T061626_000099.tif"},"geometry":{"type":"Point","coordinates":[49.21356068472748,31.337733637838916]}},{"type":"Feature","properties":{"id":"CH4_PlumeComplex-995","date":"2023-08-05T07:38:38Z","scenes":"emit20230805t073838","peak":1638.0,"download":"https://data.lpdaac.earthdatacloud.nasa.gov/lp-prod-protected/EMITL2BCH4PLM.002/EMIT_L2B_CH4PLM_002_20230805T073838_000995/EMIT_L2B_CH4PLM_002_20230805T073838_000995.tif"},"geometry":{"type":"Point","coordinates":[51.31037384055885,35.4662920470709]}},{"type":"Feature","properties":{"id":"CH4_PlumeComplex-996","date":"2023-08-05T07:38:38Z","scenes":"emit20230805t073838","peak":1666.0,"download":"https://data.lpdaac.earthdatacloud.nasa.gov/lp-prod-protected/EMITL2BCH4PLM.002/EMIT_L2B_CH4PLM_002_20230805T073838_000996/EMIT_L2B_CH4PLM_002_20230805T073838_000996.tif"},"geometry":{"type":"Point","coordinates":[50.79579517883556,35.790547094184205]}},{"type":"Feature","properties":{"id":"CH4_PlumeComplex-997","date":"2023-08-05T07:40:37Z","scenes":"emit20230805t074037","peak":1159.0,"download":"https://data.lpdaac.earthdatacloud.nasa.gov/lp-prod-protected/EMITL2BCH4PLM.002/EMIT_L2B_CH4PLM_002_20230805T074037_000997/EMIT_L2B_CH4PLM_002_20230805T074037_000997.tif"},"geometry":{"type":"Point","coordinates":[58.44073148193009,40.252036270853566]}},{"type":"Feature","properties":{"id":"CH4_PlumeComplex-999","date":"2023-08-05T06:08:27Z","scenes":"emit20230805t060827","peak":2162.0,"download":"https://data.lpdaac.earthdatacloud.nasa.gov/lp-prod-protected/EMITL2BCH4PLM.002/EMIT_L2B_CH4PLM_002_20230805T060827_000999/EMIT_L2B_CH4PLM_002_20230805T060827_000999.tif"},"geometry":{"type":"Point","coordinates":[84.30522269815873,41.842946485285765]}}]}
